balance_id,company_id,year,month,cash,inventory,accounts_receivable,fixed_assets,accounts_payable,short_term_debt,long_term_debt,equity
1,5,2025,4,182809,91933,293035,688353,101994,151446,253204,571971
2,1,2025,9,286005,365802,385380,2918407,90223,357307,565952,4076456
3,2,2024,6,669499,320247,69514,566774,215533,294131,1880839,2312125
4,3,2023,6,691743,179282,318862,826039,270576,291660,638339,4837361
5,3,2021,5,600650,469408,252196,1721657,135811,128448,497354,2606244
6,2,2023,5,743292,217656,137212,1816644,199971,392759,303283,3763460
7,5,2025,12,340613,480290,270136,1734693,95565,265814,1204222,4235295
8,5,2021,8,459395,158710,127057,554108,235711,356142,495784,1919017
9,4,2022,1,499672,352255,110364,1468661,282271,106910,1451783,1838499
10,5,2022,4,225501,333601,78279,1627685,181400,374479,1703212,1841776
11,4,2024,12,498678,479941,324828,1153824,119435,333112,1258702,2866623
12,5,2025,5,743338,80314,382546,2624529,278188,187254,1543213,1754540
13,2,2021,12,983816,187803,138663,474621,293862,146653,1024382,2998731
14,5,2021,6,439418,219608,143898,545008,234639,396316,1020370,3732415
15,1,2021,1,692151,486966,325303,1702764,135295,323023,316531,1515439
16,2,2022,2,658771,346924,123598,798967,266586,172341,1415389,3544633
17,5,2024,10,254526,209625,331830,1479659,135604,370680,1880690,1814436
18,3,2024,8,376134,256839,338818,2591052,166550,124965,1778170,1897330
19,4,2023,6,674225,262007,144005,1923520,69836,334966,1105757,3956478
20,3,2025,5,284595,104119,62476,1088014,53057,220553,791282,1316063
21,5,2021,1,944556,294039,186646,399854,65929,382361,788809,4611204
22,2,2024,3,293432,367702,240554,579134,113640,344067,1278959,4910408
23,4,2025,12,475330,264332,240211,1144206,213982,111773,457669,4812837
24,2,2022,7,754956,424082,169806,2496098,169547,158867,631663,4975243
25,1,2022,11,494486,316157,161525,448346,78808,331622,422102,4678794
26,3,2023,8,917626,389742,125061,1444798,137422,168719,1232496,3641868
27,2,2022,9,732844,177044,368838,1489230,57946,270246,334137,1941137
28,5,2024,2,320017,383022,312948,2093668,225520,58558,248615,3782564
29,2,2021,12,720256,281436,223272,2660460,151837,283062,324282,3905776
30,4,2025,6,669764,349412,182702,2686842,246090,76458,805440,2861863
31,1,2022,7,538029,335717,196312,2746591,255661,92233,573990,732255
32,4,2021,3,302922,462375,322268,2341620,185199,50713,1202777,1850248
33,1,2025,12,313008,93434,201471,1651580,180039,171337,382776,2646420
34,1,2023,6,899382,141521,191188,2188207,191879,120879,1580798,4358956
35,4,2021,8,973038,215928,272403,1423707,241804,253864,1227639,581487
36,3,2024,8,450151,242437,335784,2509529,247334,225016,263383,4106626
37,4,2021,4,156071,81188,109038,1132530,159408,216933,949894,4494469
38,5,2024,12,350918,296964,241848,1236119,81481,66116,1146655,1322924
39,3,2025,2,942850,85040,396724,1058346,143541,124816,290500,4816937
40,4,2024,11,467592,389797,110051,345770,218793,146651,1215375,1634828
41,4,2024,3,515300,86718,349310,1050860,90525,143443,1374612,2502790
42,1,2025,8,158111,317571,283081,930027,53321,83361,376101,4851959
43,2,2024,6,821204,83485,243336,1535097,76350,143949,288147,3987990
44,3,2025,10,982034,161909,138052,2567568,188196,191072,1007929,4738246
45,5,2025,2,312216,182411,122643,305962,228713,342638,1255573,4840956
46,3,2023,12,233246,53357,220635,1367216,244053,284749,1394114,3125823
47,2,2024,12,791784,305639,361077,2034810,140992,151420,1498397,1100387
48,3,2023,9,406313,457931,376388,1635854,262040,96984,323915,4222108
49,3,2023,1,287547,197231,289007,640397,259646,233692,1247033,4278560
50,1,2025,8,848700,470370,352892,781338,129975,257255,937052,1342243
51,2,2022,2,846369,72688,174281,2447163,174185,397939,473320,3454584
52,2,2022,5,669497,259389,228775,1175274,136212,207003,357697,4735698
53,5,2022,12,973469,267920,108545,2090159,75533,257655,1523023,4159033
54,2,2022,7,627957,390546,120506,1783578,86134,68908,1972072,4356678
55,4,2024,9,166555,172812,375547,2060188,147996,235106,728139,4808224
56,5,2024,1,558945,212419,199300,2466231,67897,263914,974094,2807974
57,2,2024,4,243135,391311,382315,2449114,67258,382849,1723921,4152494
58,5,2024,4,384491,82295,137541,2149173,112682,331967,1080836,2138513
59,5,2023,12,176325,411422,187516,2708598,81425,98157,479835,3625807
60,3,2025,5,191006,439857,288005,2911091,199643,199642,1345713,4501313
61,3,2022,3,724374,166600,216273,2294285,246704,384488,885297,3979150
62,1,2023,5,462424,334475,135726,558191,257065,142141,1793540,1069586
63,5,2025,1,725211,221463,89884,848687,167505,346513,490621,2091038
64,4,2024,12,474831,77878,244226,2442979,147691,207111,392651,1220576
65,3,2022,8,358073,114720,153717,1697359,130511,130752,1179514,4105241
66,3,2022,10,441232,61931,290563,755786,125956,98828,1630255,2780510
67,3,2021,6,983517,130393,229357,2452118,169809,147904,1036553,4000445
68,4,2021,6,472366,266754,361942,1390585,193972,50173,1890338,2607829
69,2,2022,8,366914,371005,130895,2757000,202890,246507,481440,899211
70,1,2022,9,935402,173049,313232,565218,176369,320024,247760,3448520
71,1,2021,7,980391,100977,229535,2579068,87256,292278,1254492,3333897
72,3,2022,12,710129,373548,121320,2963663,156963,207704,1770982,3152512
73,2,2022,3,974283,428990,144551,1716781,244602,251426,1581794,796567
74,3,2023,5,247433,231837,106990,382987,281030,250559,412969,742111
75,3,2023,1,997167,484546,111652,855781,142796,70487,1299525,3143009
76,4,2023,2,128857,166453,338512,2934959,104471,335588,822394,4350073
77,3,2025,2,742450,209661,155659,587966,58325,68103,607394,646886
78,2,2023,6,492284,215271,79043,893581,259355,134941,1926888,4160711
79,5,2024,10,375487,414035,200574,2208125,50125,214147,1367549,833441
80,2,2024,5,880418,214931,336470,2379899,64749,297163,1723410,1951642
81,1,2022,7,165161,479169,339842,2184678,203209,329111,1614961,3607532
82,5,2023,3,919582,379712,148451,1810204,51983,242666,401794,1197464
83,4,2021,8,112343,188350,370670,1627601,212766,113843,609316,987969
84,5,2025,3,784216,265345,131203,2823153,89672,160071,836250,4572721
85,3,2024,1,704429,95191,172873,1817874,179544,117950,1457105,2768865
86,5,2025,9,517607,131913,395504,1888660,56917,78538,343681,540798
87,3,2025,2,986436,299559,289695,1196545,253842,140328,1127344,3722579
88,3,2023,7,258555,487153,391574,1813536,218071,270404,1032104,1958390
89,3,2023,7,846330,488559,122857,646622,155850,132612,1108912,2018240
90,5,2023,2,864216,415688,77153,2754890,178495,341364,1488166,4269179
91,5,2025,9,504272,163444,337091,656554,207790,208828,1700720,3959762
92,1,2021,5,494870,217098,87071,997961,125002,182445,1157522,3269063
93,3,2025,2,988889,399978,349264,2752296,244850,338140,1573028,3464135
94,2,2022,1,116123,57059,321391,1724184,200054,107113,519059,869077
95,5,2025,3,305058,346744,237512,722128,137786,399030,1488477,1743751
96,4,2025,12,769443,395235,195308,1864876,54912,197262,333569,3789315
97,5,2021,1,342269,483923,390412,565004,101980,142152,1478523,1282570
98,1,2023,11,353486,427574,220988,2733149,61949,289131,1620064,598207
99,1,2024,7,647782,448994,263778,523281,186672,168481,459619,4823738
100,3,2021,5,665914,274073,325808,562538,97456,191291,1454108,4768049
101,2,2024,5,974879,419283,129091,2072145,284149,122980,1764436,1778666
102,4,2025,10,246619,273702,323889,810691,147038,350014,1999282,3420733
103,4,2024,3,565524,70159,127235,1443738,190915,118623,1585399,2394493
104,3,2022,11,498549,91069,368108,1544175,288244,56941,337819,3922612
105,3,2021,6,148634,471839,118515,2512532,182059,83362,1788017,3340318
106,5,2024,9,317717,488566,200671,2110130,139174,298587,1005452,4842221
107,3,2021,5,907904,58457,369490,1444733,214354,390531,1956992,4389092
108,5,2021,3,615940,215588,112581,1823653,50475,317563,1569742,2836417
109,5,2023,1,476499,235245,127754,1023794,219270,161066,1108779,1515178
110,4,2021,10,219273,455495,201930,504746,199921,306311,1442704,2037388
111,5,2023,12,827966,166074,374315,1275946,228710,309139,1553782,2369792
112,2,2025,5,399981,220122,345622,1614956,158239,285046,1899122,4720164
113,2,2022,3,706288,458576,242192,1060936,95013,160245,642588,4295751
114,5,2021,11,186512,397194,71908,2110630,98761,397504,1369556,4346762
115,3,2024,9,456680,416605,61940,1898985,180894,151854,542079,660291
116,4,2025,9,591604,334923,330628,1136186,246800,364864,1778123,4076846
117,5,2021,4,561264,220073,374048,2388821,254426,325785,763167,2004986
118,4,2021,3,160195,464692,55025,2673196,120255,198158,272761,2731157
119,5,2025,4,912536,85546,388027,2741886,282961,78814,744814,1414561
120,4,2023,7,628025,290107,317950,411717,141329,339684,718822,2648501
121,4,2022,4,717283,142921,357532,2725667,235956,76651,851775,2458427
122,4,2023,5,866528,418836,60688,1420089,134345,223953,458118,814659
123,3,2023,5,485715,471296,369272,2860277,206788,359479,1794004,4591315
124,2,2022,1,641549,51823,117192,1742597,78639,142918,1488377,3989310
125,1,2023,1,230856,176958,137129,1563426,161777,298906,1033595,1003312
126,4,2023,2,770958,347273,134114,1590450,267760,300062,1401797,4856188
127,4,2021,5,641988,211907,53479,1953852,117346,78230,533013,1251159
128,2,2024,8,568356,198058,171190,2919101,138242,224009,312084,746503
129,5,2021,9,212000,226461,302249,2742449,217832,263152,1172034,1502472
130,2,2022,3,643440,85779,262860,731864,65281,182486,1079226,940821
131,1,2024,9,838479,366069,287180,2506860,264682,109837,1621862,2571875
132,3,2023,5,695936,99648,220753,639727,226390,262701,989107,3112056
133,3,2024,3,910405,261360,138871,2994293,94685,288014,461366,4023130
134,5,2024,6,697176,466707,116078,1083424,199840,151154,215550,4013216
135,5,2023,7,868458,393102,116284,829134,54999,113643,812721,3041464
136,2,2021,7,420393,103924,164105,2709063,147750,101170,1247814,3599259
137,1,2025,5,830306,426468,201710,2270513,232581,278768,306753,4569187
138,5,2021,2,213347,337234,113950,1342656,208692,50084,1028361,4290270
139,2,2023,3,663944,440181,339263,956935,150207,301560,232796,2703906
140,1,2022,12,582596,456577,306917,1942346,148631,326692,1950888,4459245
141,2,2023,2,285007,341664,381025,2813836,113640,228227,565303,1811601
142,3,2024,7,952566,358541,398839,765539,51323,70517,1037175,4407278
143,5,2025,4,410807,318997,362164,1225866,268562,211122,1745492,656791
144,2,2025,5,294909,256029,279060,2490534,89160,61654,1965778,2806024
145,1,2022,3,904077,229760,146631,2988134,291770,360151,1282433,2002609
146,4,2024,6,937116,103558,272210,2202604,145896,372404,1966837,529801
147,3,2021,6,870334,129252,340048,2473569,227416,248052,1258364,2232142
148,3,2021,6,307675,389670,209720,2301815,154664,76324,1438627,4010572
149,3,2024,5,524584,161106,138126,1154071,149177,282672,1566033,4524498
150,5,2025,1,680598,108691,280800,307900,257235,102020,1687325,1201745
151,4,2022,10,362674,478272,197026,518271,199919,174328,1276055,2400678
152,1,2022,10,614332,250169,198762,362389,248209,182162,596675,4119164
153,4,2022,3,690289,363369,232776,1085176,277018,88985,1689410,2456522
154,3,2021,10,607673,359717,327804,2511676,153712,311717,912319,3966054
155,5,2022,5,128173,205491,155064,2561181,275014,82246,1783471,2650909
156,1,2025,7,193558,448757,195751,2181638,208806,210416,875648,2741389
157,4,2021,7,151838,280734,268470,2282598,231657,213762,855043,4786941
158,4,2021,1,224172,203235,59496,1396470,288825,214663,282867,1302435
159,2,2025,5,918236,455849,166013,2558782,206119,289869,1495745,973766
160,3,2023,3,795835,337058,191396,1646094,165011,347261,450939,3767405
161,4,2024,5,592315,59593,232379,344802,113457,221610,1573493,2498090
162,2,2025,2,884361,230852,183164,1237055,59721,315641,1883051,4890440
163,2,2025,4,537698,200987,107852,1605353,210913,131371,1354657,2334379
164,3,2025,1,428501,335714,141650,2134791,103314,261335,1991095,663642
165,5,2021,12,216743,470361,180394,2231947,296931,159706,543517,4092911
166,1,2021,7,776798,157388,102129,2887866,179258,84735,1182381,1771057
167,1,2024,4,295600,492934,319412,1322978,254894,112321,1416529,582331
168,4,2024,3,345651,296381,368977,2762516,160613,257526,358386,4413050
169,2,2023,5,222758,214090,79647,426301,81011,333037,818429,1753561
170,1,2025,2,216760,285147,284960,1387146,202195,343842,1272117,2589276
171,4,2025,10,262030,241157,124815,1604459,109675,340432,936067,4249658
172,2,2023,10,926798,377071,58043,1176106,59090,321156,485499,3227326
173,2,2025,11,628032,132079,78003,829271,106997,320524,878428,4928091
174,1,2024,1,888472,265558,53566,938633,102253,104712,1795132,3330342
175,5,2025,3,369758,169955,75992,2784924,249381,103507,1497179,2655496
176,5,2025,2,531663,483622,330828,1217747,141327,305616,1453617,1097999
177,2,2023,6,921340,376438,140065,1338496,141944,333072,1864268,3486992
178,2,2022,9,694511,151774,87857,839358,145092,270994,1147506,790764
179,4,2025,9,264072,86223,352946,2383856,52567,186803,1454293,3333090
180,3,2021,10,123701,187851,109986,397552,229389,360587,851941,2735781
181,2,2021,11,370607,268429,398919,924393,85350,155826,1050612,3435903
182,3,2023,2,632808,84075,297102,752810,83858,159507,1569475,722236
183,4,2022,7,994768,79301,193844,360336,230594,248151,1893335,3946400
184,5,2024,6,463069,392455,76804,483770,296345,128854,1732389,3692646
185,1,2022,11,517175,267750,150742,2366650,219688,177230,1032732,1391513
186,4,2022,4,976722,357372,300330,2213528,130795,312218,772773,1694677
187,2,2022,2,657208,262494,201043,2336728,199068,79414,1972608,3308157
188,4,2024,4,235350,364243,63445,1247504,157890,290214,1422220,4043052
189,3,2023,12,290895,270701,271939,1063846,279813,196359,1063030,2580360
190,3,2023,11,176703,489211,201015,2076364,112260,210234,1540143,3902546
191,3,2021,12,589265,174332,201641,2289135,124142,61481,1762189,1465064
192,5,2021,11,294387,126093,354328,2225380,118557,190023,487848,3111296
193,1,2022,6,707461,292150,75874,1675878,192772,81827,538552,2048202
194,2,2022,8,940073,101638,98971,1092217,110884,136298,1352639,4993611
195,3,2024,11,789632,475883,358006,481269,125746,253918,845419,2189041
196,2,2021,8,118668,403660,149866,1173642,78230,326030,1321158,3696224
197,4,2023,12,538040,301365,120826,872111,292769,355953,529240,2943926
198,4,2022,1,722401,450681,316929,1235470,273968,358008,1364291,2201054
199,3,2022,12,889377,389785,368542,788281,277763,76107,1876082,4708603
200,4,2024,11,251649,105903,110311,1267226,293851,358345,1347511,3171097
201,1,2025,6,432872,190259,351526,2183353,62529,321252,1397963,3356399
202,1,2021,10,210433,108706,368506,2705030,79543,146056,540938,3747996
203,4,2023,8,502348,278217,101130,2021347,78125,105881,1403019,2284261
204,3,2024,4,288287,281713,214224,1990801,221676,346081,1641856,834209
205,5,2023,4,671699,370377,51671,1212789,93364,198656,1690600,720589
206,3,2025,10,575218,310013,131548,531005,139899,298177,1555452,4551247
207,5,2023,4,948686,449292,81203,1333385,64996,225592,241533,2487084
208,2,2023,1,438406,487950,373193,1266278,274600,210739,960484,3826093
209,2,2023,4,428862,70525,151893,2568650,230656,77371,1570276,3140633
210,1,2025,4,186762,384676,248723,2259004,282913,154532,599200,1795458
211,1,2023,9,915599,422128,389787,2945025,114101,118921,1265601,2712189
212,5,2025,10,366703,151639,248849,1157525,281687,331742,929987,3111908
213,2,2021,6,934137,391363,384830,1528499,257408,108375,1526970,4983053
214,2,2024,7,680253,107897,191544,1193211,186320,181849,1223785,2808840
215,1,2021,2,719120,431354,270169,488815,75970,350911,1719693,3748188
216,4,2023,7,309036,468196,114151,2657517,268102,175299,1030814,2910880
217,4,2025,5,370977,438664,265288,1040615,82459,370368,1324255,1893494
218,5,2024,11,774884,465775,279695,735341,263191,361235,1453478,3110674
219,1,2022,1,780444,372978,113811,543564,151452,105549,889655,4017978
220,1,2025,8,959722,178660,193932,1170799,251637,122436,906697,4800874
221,5,2024,1,159986,158393,125738,1241334,89899,244831,1726511,707109
222,4,2023,10,458237,146070,134111,561588,260605,86192,1845776,4801616
223,5,2025,4,803483,139537,326913,803123,67933,97276,959851,4096377
224,5,2022,1,552910,492545,271136,2402110,108870,82274,1426381,1670823
225,3,2024,11,616298,369483,367319,2166723,89614,296537,1947226,1574197
226,4,2023,1,294446,169116,122730,747340,204715,381282,1722078,3250392
227,2,2025,10,900423,315201,72459,2650485,208390,138327,210153,2705971
228,2,2025,12,321230,314442,120052,1589278,180906,248045,1927818,4986354
229,4,2025,8,419056,114614,156363,2769684,156132,212619,676211,4309455
230,5,2021,1,204577,298556,66035,438740,107275,87735,377836,3022454
231,1,2021,6,384739,83821,244261,2986751,64380,175840,1983774,1492461
232,2,2023,10,792966,214892,113485,665289,152496,210844,298349,3073720
233,5,2022,5,714404,273845,113854,2480922,225420,354990,629696,2836441
234,5,2025,6,678033,468078,92937,2626151,124400,239661,675272,3600814
235,2,2021,12,358924,248015,72008,1787937,258540,304466,723506,3747305
236,1,2025,7,168724,315925,388653,672651,198446,114433,235569,3026208
237,4,2025,4,504941,377869,179021,1818202,188644,312677,811420,1924819
238,4,2023,12,185656,312262,287595,2290376,257373,393583,1722957,3625509
239,2,2021,9,855885,191371,250393,2361313,122262,264690,1218417,2789556
240,1,2022,6,674691,212831,376838,1947849,132205,385666,1266875,3684010
241,3,2022,7,593784,223071,320416,400767,60675,392444,536410,3710362
242,3,2024,12,726214,417917,278038,2536685,126723,357205,304133,1207537
243,1,2022,7,150001,390378,244694,1830142,186720,116239,1558670,2472462
244,5,2023,6,481882,485025,103965,2120673,106627,332706,872770,1631158
245,4,2023,1,847691,97164,352410,1161303,175620,70575,1538301,3377459
246,4,2024,3,819181,255824,89833,2679973,140582,63654,269839,4893253
247,1,2024,8,214099,231018,204467,875967,182362,219719,615661,528169
248,4,2023,3,436106,383576,252115,1667523,210273,80856,874409,3649099
249,5,2022,4,197511,385419,255292,2658539,133125,56217,1555684,3112125
250,1,2024,7,882016,195307,348359,1047631,187721,291380,1041091,1233575
251,1,2021,2,382475,256511,198559,756197,148626,174725,1714662,3439994
252,2,2021,8,736747,200064,69045,1616590,138592,191554,766552,4367165
253,2,2023,9,152728,377010,323173,644346,214163,66175,1529156,1873096
254,3,2021,2,713274,296985,389717,1636670,285559,143480,999402,3556458
255,2,2022,11,338070,54610,254984,1680490,121457,159136,761845,1025822
256,1,2024,2,172739,101183,352835,1989093,251010,342186,599905,4472807
257,4,2024,5,825777,408753,114336,1152804,126899,158435,1161396,2241074
258,4,2022,4,802872,259015,248719,1107962,146927,374330,275050,3919076
259,4,2024,8,580877,479467,359121,2813956,197317,170137,1713514,1132267
260,5,2021,2,208130,179203,225303,1591933,120402,69318,1301418,1121863
261,4,2023,2,452761,228092,245239,1198085,126594,250312,816797,3014549
262,4,2025,11,313067,143672,172217,2441247,93856,286583,521857,1936501
263,2,2025,7,714045,244399,338750,2793626,132982,129118,1826286,1490177
264,5,2022,12,289159,246865,175555,2346087,173338,230420,1119959,2122607
265,5,2025,5,207126,456353,89412,1234550,101334,370339,806702,1951769
266,2,2022,3,414441,200533,329921,1398616,105475,78712,423448,1807157
267,3,2024,11,541916,62613,71210,2966100,62354,112539,1881815,4419356
268,2,2023,6,925071,489125,82589,587620,268130,254919,1340336,3768712
269,4,2025,12,702034,300633,129629,1022774,263746,304153,1068930,3136786
270,5,2024,1,441825,145867,87408,2626167,61494,322771,670985,1861082
271,3,2022,9,773897,337145,360958,2533164,164622,343431,491432,3820001
272,2,2024,3,992415,203003,351314,1520344,200866,262151,1215742,3944968
273,1,2024,3,629671,443161,371123,2679471,219151,151586,1979497,611386
274,2,2021,3,529409,172304,257630,2239987,193900,251734,982523,1840011
275,5,2021,6,821649,203251,192317,998499,292616,308950,1369104,824000
276,4,2023,10,298117,235413,319098,2485407,245499,369423,1305536,2467159
277,4,2024,7,227875,145746,245232,2922944,151726,375387,1968170,4322487
278,3,2022,12,552001,382050,388709,1937704,257074,128445,1254717,1857197
279,5,2023,7,909546,442650,356217,1470395,292220,352076,694043,2903122
280,3,2023,11,531600,406478,307089,440141,76759,242351,1008933,2836619
281,1,2023,5,599654,346975,211945,551923,299136,361611,990781,3806997
282,5,2024,10,129808,97230,386066,652354,243869,388668,542777,4942027
283,1,2021,7,656924,116019,70844,823425,189081,51783,718976,4821737
284,3,2023,1,572940,386578,142990,2604419,268999,170056,519116,4786852
285,3,2023,12,492181,178980,190702,1200112,207241,324288,1656152,4034275
286,1,2022,10,365575,265578,253060,2305891,132003,55397,1825683,4413575
287,5,2025,7,737033,147250,128383,2180536,236295,272628,937148,4711363
288,3,2021,3,217573,272484,85296,2613198,201903,93256,1049976,1134827
289,3,2025,1,774869,470435,360372,2770363,141208,385203,1930830,1313530
290,3,2025,3,690273,343216,320686,2467415,179282,148808,1628731,2844075
291,3,2025,8,249166,351027,243349,1685863,51249,239687,898046,1841611
292,5,2022,12,870913,340288,238104,2721742,56878,320084,776787,3453538
293,3,2023,2,936744,383245,288043,2395914,237580,326945,911769,4988765
294,1,2022,5,182835,413279,381374,2449111,244992,180648,1666150,3811695
295,4,2024,8,804559,266079,204935,1833709,203234,382030,1312840,1328438
296,1,2025,4,654354,274803,298675,1985712,76322,142528,1361203,4515821
297,2,2025,7,122708,242586,397512,2137870,70150,268086,793183,938112
298,5,2024,8,938970,448303,378115,470613,284556,356886,303235,2286737
299,5,2021,10,138684,105642,102655,1669674,296905,61732,829902,1341684
300,2,2021,8,447796,195220,132367,1819363,239291,319112,1861973,1683917
301,2,2023,7,157600,175502,205071,2028623,65422,102664,1991973,2481622
302,4,2025,5,834764,71263,390719,745429,134293,218532,871513,1417561
303,4,2021,3,257834,279934,249944,1194063,171235,378877,604136,3692662
304,2,2023,6,333521,63192,152654,2589686,267608,269498,1982480,2909750
305,5,2025,12,377761,229624,115765,1233620,51949,355579,1475784,2686828
306,4,2022,8,113270,431772,107577,1445406,231595,375651,1012131,4649741
307,2,2025,5,879527,282446,395789,1752547,54856,91045,1782504,3864985
308,4,2021,11,360048,292977,357291,400142,146605,398430,234836,4279815
309,1,2023,5,623579,230840,386693,2732984,64512,277596,1812887,3465663
310,5,2021,11,664555,105600,187805,1228176,95641,52732,234998,2471584
311,1,2022,2,314620,263517,102237,1553131,133895,325422,540940,4825295
312,2,2021,10,728209,130031,366981,851142,181851,314484,1603016,1610150
313,2,2022,8,414372,286076,399341,2638166,178086,91581,297235,1840322
314,1,2025,3,319279,369434,82198,951414,243595,210584,1812665,1284685
315,3,2025,7,441811,253324,203823,749985,72126,340463,769616,4052221
316,3,2025,10,505589,494099,321788,1628629,168409,216288,1482122,4832972
317,1,2021,12,388677,307262,76399,2590205,216852,219211,1469363,1405091
318,2,2025,2,912806,350373,213786,505723,145838,76569,1879009,4236497
319,1,2025,7,177040,108794,316525,1932141,122646,92586,262263,4117402
320,3,2022,9,793009,221596,346975,558594,215605,356665,1801235,4760135
321,4,2024,4,334062,437493,156388,1583775,58379,130178,1430773,2728505
322,5,2021,4,394991,433759,328234,1117386,296221,74103,1303079,4449633
323,3,2024,9,526414,291138,280772,1699803,226756,60699,1145601,3840696
324,4,2024,12,522454,276100,152582,1936020,208152,253518,293551,1744355
325,2,2022,5,388290,237635,365429,595607,81086,82399,1665062,1599948
326,3,2025,9,688419,247259,380355,578462,137110,65180,1947347,1438128
327,3,2024,8,339939,223842,179261,1605460,96181,367531,928753,505255
328,1,2024,6,547659,110029,111166,604947,265813,263086,1271094,560229
329,4,2024,3,937947,77530,111435,2541989,70974,187185,1748776,3881074
330,4,2025,7,523316,273414,109709,1611146,195445,190808,1691239,1646304
331,2,2022,12,813037,94032,176512,918588,85457,101905,1739348,1564253
332,4,2023,2,163310,77252,316197,1195564,94199,228175,732255,3456193
333,4,2025,3,621694,398891,148442,1415301,164306,273498,1387058,2324535
334,2,2021,2,343169,221226,240660,394222,201976,309459,1954983,4626727
335,1,2025,8,189182,165370,183048,340625,232065,107304,1084966,1646639
336,5,2022,9,652633,475488,201202,2809209,268205,223429,1663086,4601004
337,5,2021,12,742088,57634,271496,2164015,184294,102468,1435688,2384268
338,2,2022,11,588127,471788,59413,1306550,245830,320092,1807077,3962611
339,2,2022,8,259280,137282,92497,2547999,99708,57131,1247635,1470882
340,4,2022,5,646958,226472,282408,695644,281737,79683,1709592,934033
341,5,2025,5,162819,444180,139106,1705554,194659,124242,1531877,618521
342,1,2024,11,929158,385789,184414,2455467,101256,102365,1150923,1098054
343,5,2021,9,988600,268319,81587,830909,283739,196356,1333389,4225464
344,4,2023,4,308832,460814,124605,1695439,215474,204301,439314,3626932
345,5,2021,11,258174,65163,171258,1003741,96280,255204,492521,3170741
346,3,2023,9,247525,345481,308167,303154,278571,328698,1163898,2691605
347,4,2025,6,980958,118158,178189,2609030,230413,52773,942425,1235433
348,1,2023,7,977177,318402,261149,1424101,106864,386925,1986030,4277591
349,3,2024,1,416773,288717,224602,1167570,258395,157967,1416135,4960304
350,1,2025,12,595647,112617,179161,740364,60775,91638,1818746,4689485
351,3,2025,8,473047,322667,289050,1140003,151502,71399,947489,2745989
352,4,2021,8,630080,148160,332221,1559229,119345,116459,1613378,4946527
353,5,2022,7,540194,497936,264729,1335532,299312,211920,640528,4463129
354,1,2025,7,537301,325743,87040,1457030,86745,167425,883549,1470074
355,4,2023,5,850852,85972,353742,1153684,286236,219739,795386,1639718
356,5,2023,2,940931,410801,350371,1178666,64263,50244,1797138,4691244
357,2,2023,8,228281,301420,349795,2634654,220187,251011,657753,4634854
358,4,2024,2,887001,300668,145402,324032,233606,388936,1291668,2428886
359,1,2023,5,246341,203865,188931,1322161,146900,87487,1040160,4886409
360,5,2021,2,463914,353255,247714,2611144,273666,105975,1958019,4251209
361,2,2025,5,775559,237430,333803,404485,145258,238894,1859050,3521606
362,3,2021,6,452959,182731,197087,1435049,77038,144622,585121,660721
363,4,2023,6,100312,184378,390211,1173244,136263,127502,283400,1330379
364,5,2025,7,289267,443626,211356,2099538,100192,65753,1111367,4770017
365,4,2022,8,222087,308015,398545,495956,161049,389322,434871,2632254
366,4,2023,6,426478,132506,326809,1394623,240116,317463,855281,1305715
367,2,2025,9,603549,263170,304798,2077702,247154,369459,1925685,4945377
368,3,2023,10,704061,291054,364167,493666,123618,209767,1819338,2984434
369,5,2021,9,861414,272293,74531,700305,154122,255161,1112382,3501197
370,5,2023,1,390958,83690,370161,2567503,263146,96460,377966,2900805
371,5,2023,10,836457,168931,329026,2190434,124216,63371,1103091,3258443
372,3,2022,9,840228,326342,326484,2381791,189476,88932,1570526,3758830
373,1,2021,12,812802,50249,302610,2561134,293582,91813,1123998,2315175
374,1,2022,7,211555,365346,115709,1322469,222041,318866,683086,4504753
375,2,2025,9,139070,255688,320350,462878,293815,345406,794424,4783543
376,1,2021,9,308208,72700,385020,1316754,167216,93012,1230249,3107745
377,3,2024,8,453507,110418,133937,1573857,208480,258422,673298,3147755
378,3,2024,5,619505,438270,93515,1186958,209380,245836,1388037,1740105
379,2,2021,3,868715,456180,380586,665022,298822,152009,1953594,1821606
380,3,2025,6,157986,410882,395344,2497711,200611,266529,1954466,793679
381,1,2023,1,808010,105322,352158,2748849,139862,398588,1292055,3476623
382,2,2023,3,498271,119485,328636,1490349,110715,291483,401534,2189150
383,2,2021,11,473071,192728,205521,1306869,67606,109004,565532,1382548
384,3,2021,4,276837,129234,173213,2278540,122231,82964,1856474,2616749
385,2,2023,11,570210,321454,176218,662789,229365,341398,1035128,2919329
386,1,2024,11,433609,334023,322750,1265503,205894,323503,218656,2081305
387,4,2023,2,511803,116857,193426,2118282,88583,296567,684868,2757635
388,1,2021,7,123690,149906,238476,1382417,148570,163578,1548151,2786866
389,2,2021,10,789958,153900,388927,1552527,124738,385511,650719,2245504
390,1,2022,10,947999,151567,170979,2208610,116789,169078,1950702,550665
391,5,2024,2,782995,258495,272244,2379036,289319,372326,1525006,4868285
392,3,2024,10,122376,449962,60550,2225538,170468,210841,926462,3008156
393,4,2021,11,893935,84503,90870,1460643,247484,391776,448269,2904861
394,2,2023,3,339213,425636,174603,1887201,55997,392682,570763,1119925
395,2,2023,9,632226,84621,203667,2689134,256619,179809,1415982,2150745
396,5,2022,9,101824,345390,270835,1255437,130125,139734,1770656,530579
397,5,2023,7,681496,191122,72116,2185917,146769,362328,1652204,1130976
398,4,2022,3,869244,370194,359746,1015755,195512,95428,1125830,841824
399,1,2024,8,739724,359420,195596,2343731,113971,399961,1599764,1355664
400,5,2024,1,597297,340938,166054,502346,210518,246893,1695330,3502376
401,1,2021,2,923555,497892,246483,2010679,124214,227230,847917,1699613
402,1,2025,3,395073,238015,112364,1674153,183803,376097,1324257,2173414
403,1,2021,1,503723,113362,355743,1776803,181490,322290,1261606,3366899
404,1,2023,4,419148,126434,293163,1430434,288268,247906,312380,1926509
405,3,2021,6,255256,432776,392983,1332905,165388,144118,1193461,2497963
406,2,2021,5,642784,340378,95339,931351,156665,379088,445999,3459127
407,1,2024,7,268687,107900,133572,1110113,267266,344933,1533543,4203437
408,3,2024,2,710925,315583,143868,2944712,290355,92985,1393056,4742737
409,3,2021,6,569396,306663,225553,2069149,200771,158270,1648826,3212363
410,1,2022,11,194025,267455,285369,2299208,79898,72751,1173660,3676809
411,5,2024,8,112031,52182,291181,2679136,248476,296787,812159,4274704
412,5,2021,7,377076,298245,215435,2613366,225151,121440,697846,851895
413,4,2021,12,854401,82937,240927,523112,139725,295835,396460,3988763
414,1,2025,12,706662,210058,171355,2936417,131950,209892,411426,1940467
415,2,2021,1,777703,157198,59960,431709,261723,119430,472424,757866
416,3,2025,5,670530,61107,154496,579188,74902,258355,262925,613290
417,1,2021,12,894733,70285,279844,986677,174928,392268,804183,3154246
418,5,2023,2,116837,488135,147808,2738079,231027,394994,1219796,1271345
419,1,2025,1,418761,68953,311898,638486,50063,57244,933438,3805445
420,5,2021,8,538282,114313,157499,1905410,86739,128279,1244637,809494
421,4,2023,5,499688,280996,139698,2607748,112966,105602,879214,610020
422,5,2024,12,131919,371299,88896,601463,98600,81959,374417,4140870
423,5,2022,1,834025,87719,111010,1269771,147668,65772,1424529,4438165
424,3,2023,4,797935,444238,137565,1460501,207112,261220,1874010,3976763
425,5,2025,5,853882,474385,311705,2640691,255197,142868,361219,2420513
426,4,2021,5,959758,179664,137012,683714,144408,115670,1074472,522935
427,1,2023,5,759774,333094,145355,831008,291349,337934,355466,3417608
428,3,2021,11,969937,491562,103793,851623,176454,221990,823724,3239768
429,2,2025,10,926432,384387,284316,2022533,239005,311917,984509,3085459
430,1,2021,6,606252,352942,349425,2302647,229810,183492,1980419,1112774
431,1,2025,9,207104,156459,263943,2370786,215315,398486,1092034,1155834
432,3,2021,11,668671,461215,364101,2042756,204566,71097,1898355,1291474
433,3,2025,2,276409,163771,378780,1307358,96841,319019,1452574,3357379
434,4,2023,3,942291,201495,212561,1406255,250489,296428,1955137,3878827
435,4,2021,1,927716,247621,159657,832773,158842,199673,385978,3380090
436,5,2021,8,150426,81168,264268,2881120,101253,321492,1143029,3485942
437,4,2024,12,185977,153630,377101,371496,142166,388330,365395,3960396
438,2,2025,10,842748,151074,232926,2800781,287962,337556,440729,1991299
439,5,2022,8,988431,476550,144718,2046751,197868,304294,1994658,4562376
440,1,2025,5,102533,340084,318355,516516,290729,72511,1163155,815130
441,2,2023,3,275735,124866,164795,1742686,277300,344778,605685,3432491
442,4,2022,7,232300,60530,181149,946567,67172,80319,624324,4884081
443,1,2023,12,530033,226482,188874,2794446,219626,359255,1320746,788260
444,5,2021,8,615621,319375,254080,1730622,231751,170887,1474814,2513241
445,3,2025,2,378295,460544,384536,886307,106099,197998,440747,2111713
446,5,2021,10,606755,159279,323191,2396108,202137,235616,529293,3605879
447,4,2024,1,927317,231355,262689,304646,204805,110587,1890559,3370568
448,5,2023,11,324447,289907,159854,614859,124463,307958,1644130,1463893
449,5,2025,2,230374,85019,148302,2564340,78486,290845,1803702,4047845
450,2,2021,11,888516,256886,276657,2775327,173370,131453,1554034,2475584
451,2,2024,7,326718,492963,277723,1227887,213543,140571,214320,2241110
452,5,2024,4,786995,193671,296236,2354339,106254,357744,1123977,569478
453,4,2022,2,805239,386365,122716,1656991,119512,119491,1356223,1472354
454,3,2025,12,141803,351943,307973,1361906,233925,105334,1195731,4685986
455,1,2023,1,158100,176892,350875,1786056,108076,136128,942314,1689935
456,5,2021,3,396813,483591,52434,2581744,123562,116198,1103429,1184410
457,5,2023,9,788411,406776,258933,1275481,113471,151166,1732699,3939791
458,4,2022,3,913970,401055,266306,2463904,269491,239742,1676470,3392101
459,4,2022,8,201991,385528,114879,1853633,164758,310289,1332135,3816239
460,2,2023,10,441181,452131,234831,1302149,230193,177867,1820937,3982459
461,5,2021,9,115018,367244,136637,2647635,215971,104728,592633,4049490
462,5,2023,2,451822,305868,221165,2994658,204653,333626,1272700,3928959
463,4,2025,6,474129,245739,303221,407807,75969,293149,319980,2159560
464,4,2022,10,832876,286359,150540,619400,291428,78135,1287041,742654
465,5,2025,12,750239,425183,210040,2380008,293505,331794,1216837,2163232
466,2,2022,11,927291,121108,172072,1800761,116275,272246,458197,2283314
467,3,2024,4,757560,446517,127719,717249,95922,396716,1255513,1095676
468,1,2021,1,385450,53487,207625,1018886,222134,397414,1037586,4902905
469,2,2024,12,833287,411946,303104,2366018,94397,234228,1091340,4172321
470,2,2023,2,901966,464722,182617,2873279,88855,366738,481766,4821541
471,4,2021,12,877300,388552,233292,669000,225489,396746,1682300,3618576
472,1,2023,3,618499,239765,251914,658169,232022,115598,228816,2891707
473,4,2025,9,508226,334124,249895,1936895,253671,210983,1380933,3168098
474,5,2022,10,706575,69912,108114,1165028,179730,295709,1036261,3763903
475,3,2021,10,931938,70417,204294,2773332,202481,157559,541762,1976004
476,4,2024,2,269089,205582,278542,357281,67045,391954,1520539,1658111
477,2,2025,4,975147,212374,81136,403818,207453,368413,369196,3224565
478,1,2023,8,293461,340442,122371,1988108,254748,268809,546570,1527509
479,5,2022,5,184514,196528,193615,1266215,226991,205703,1622655,4768220
480,2,2022,8,478207,249477,183220,2683304,200197,309467,431826,668872
481,2,2024,6,758686,496212,192768,1315763,291544,62494,1039033,536693
482,5,2024,3,443792,137595,355572,897090,104181,361554,1878132,3534327
483,2,2021,6,857368,362246,101808,594456,149803,257448,1227067,1651602
484,4,2025,11,228729,349731,233930,2758987,76178,197562,1881254,1428837
485,2,2023,12,747614,258681,334219,320127,215243,320676,624693,2712211
486,2,2022,1,388354,455377,211410,627094,57191,89800,1512252,1387926
487,3,2025,4,365368,206028,341710,1293383,112624,140599,243831,1870766
488,1,2021,3,415549,301176,307612,466873,264037,298722,1871866,1236463
489,1,2021,2,525980,308123,374174,554469,113409,377536,1377134,3352934
490,3,2021,8,870802,283965,280732,2706523,220292,313273,1554832,2565393
491,2,2022,3,168317,150291,290640,382635,161134,50927,695369,4137475
492,2,2023,7,794849,91413,339402,2466042,131852,303466,1510230,4951522
493,1,2021,12,438441,462710,147604,2885370,290956,117930,522041,3421780
494,3,2023,4,699016,242098,305789,1198300,217096,383524,612401,3277284
495,4,2023,9,878121,138296,386778,1156628,212265,159064,1614478,1893303
496,3,2022,7,437161,153115,247144,1887544,272560,159196,1318976,4432615
497,2,2023,7,290255,488176,112551,801916,179178,195732,315960,4705477
498,2,2024,9,140963,455622,306900,1725677,190052,179330,682608,1457803
499,5,2022,5,374915,201654,240475,2117364,126100,273944,282388,3219565
500,5,2025,11,119281,346065,219846,872522,246061,128837,951970,2318011
501,5,2022,6,780409,305499,393905,484824,153468,175316,1541711,767996
502,2,2025,4,890872,340384,65430,2441564,213456,215672,1227890,3230998
503,4,2022,8,605810,67916,139256,1082251,225649,301943,312035,2129907
504,3,2024,1,952088,237518,360276,2017115,118721,150278,1047655,2748244
505,4,2022,8,120865,292927,339269,2782377,230627,173444,980615,2705628
506,2,2023,9,429474,471744,337472,720147,232364,118019,291787,4873941
507,2,2021,5,781923,100868,161252,927249,207406,113699,601578,4294076
508,4,2022,12,102024,312394,312025,518657,247040,348498,1275688,3229603
509,1,2022,8,222738,371042,277637,2501538,156699,204713,701645,2954329
510,5,2023,10,152261,331199,372194,383800,189959,173923,1804610,1226238
511,1,2021,12,482554,110315,72887,640715,133180,96075,1922509,1323514
512,1,2023,2,511890,468851,91525,351244,51063,323346,450035,4570072
513,4,2023,6,540280,76358,197978,2751060,79578,353688,447161,2288876
514,2,2021,11,791726,89801,215332,2988790,238058,201687,1549548,3520702
515,3,2023,11,349456,177212,219072,1755043,286053,288440,603356,1160671
516,2,2022,9,932626,421757,120095,600905,121465,397215,1848171,1905916
517,2,2023,8,956049,119714,238337,651924,217247,213629,1741443,720018
518,5,2023,10,631857,499333,112446,2565458,223452,65089,1956951,1684492
519,5,2022,4,911331,335666,233505,2264033,124345,386681,1982486,1835963
520,1,2024,11,480338,473490,367789,860856,254594,56200,415820,4369049
521,3,2025,3,550021,209748,304331,1971964,126519,127631,862918,3329379
522,1,2022,10,950332,297512,97800,2003899,136469,71641,461067,623363
523,4,2021,11,932200,324910,259186,2301427,63184,239112,1261997,651755
524,5,2025,4,831540,411394,189552,776195,229228,342052,883541,3908228
525,1,2024,1,622278,67786,92406,2649697,153189,248285,981481,558446
526,4,2023,2,593308,384812,158333,2117855,198220,63940,423398,2683171
527,3,2024,7,789411,472816,175354,1750478,280218,361230,451370,3774503
528,3,2023,6,346685,400834,137792,721449,241967,92425,1396131,4994726
529,4,2022,5,346799,78007,337277,1685917,245486,250092,508934,2034285
530,3,2023,10,274458,178076,272352,2650119,191153,125688,1898911,3838739
531,1,2025,10,446992,131351,169413,1293625,125874,171959,1766518,1015804
532,1,2025,9,902798,134746,57155,570887,87095,340477,1976638,2637423
533,3,2025,4,105274,312641,99395,2139418,178826,146381,1348730,3406858
534,5,2025,4,239198,77590,399121,2847049,88142,219680,469676,4500365
535,3,2021,11,257964,199157,220773,1266599,105518,274569,517622,4951809
536,1,2021,5,855053,457337,84250,793718,140386,207098,988841,4678433
537,5,2022,4,422771,449737,162227,1233840,271813,294858,1138051,3601631
538,4,2022,1,859591,469152,110832,1596593,199978,138534,584359,971168
539,1,2024,2,663887,401262,126162,2940734,211920,63044,1908736,947496
540,3,2023,4,553095,333803,384290,933891,212436,76901,1392896,1209904
541,4,2024,5,144892,295352,154135,2824809,166506,188839,1274014,786744
542,4,2024,9,968590,249215,125119,427107,204148,128538,1377349,4768955
543,2,2023,5,762194,186281,64441,1206992,65375,289465,697475,2526109
544,5,2022,5,631591,475696,308050,1305584,68168,264300,1214331,4562230
545,4,2024,4,268680,109096,66726,1826389,188435,99259,1047583,4176233
546,1,2023,6,607014,458831,68006,2336606,84091,391351,447333,4064421
547,3,2021,6,446295,130359,54844,1974193,181823,198763,1368673,4540867
548,4,2025,6,854046,327035,278302,1132554,286726,210444,201208,1179289
549,5,2023,6,826054,338848,183400,2691709,95334,84559,506065,4558557
550,3,2025,5,978588,168331,132678,1091205,285798,161550,1463905,3132945
551,3,2022,11,830753,479551,152597,2142922,157944,62327,1960767,1281437
552,1,2025,3,408501,57788,365137,2396146,78395,115778,1220935,1384835
553,1,2022,10,633110,415058,148338,537936,297020,147750,1975761,3716417
554,4,2021,11,450320,330193,145082,1485753,77206,209349,1538757,951334
555,5,2023,9,934513,325344,59863,2444328,162372,119647,1128820,4646206
556,1,2022,11,703040,185278,381262,2668707,102129,165588,203433,4134801
557,1,2025,1,432172,161338,89794,613937,98422,201460,1154289,3071648
558,3,2024,1,335398,184685,174471,302170,214337,141108,992776,1471594
559,3,2022,11,278386,114755,325665,1653205,294077,380318,449083,3094246
560,3,2022,7,941144,186191,97443,2660389,259426,96950,751500,4664619
561,5,2024,10,575261,157147,239768,1217068,294130,59830,743432,1962206
562,2,2023,11,802322,336414,125066,1350973,116982,323469,1244934,2037977
563,3,2024,11,111690,123414,395403,2839140,116638,278034,500827,2682171
564,4,2023,12,516184,104144,62744,2473887,238883,50855,1139660,3936458
565,1,2024,12,446645,259578,68222,1228641,236195,322277,652798,2621446
566,1,2024,5,391512,229474,75138,1562430,113561,279244,254535,2230779
567,1,2023,8,332239,65314,312024,1349462,132699,363730,1137127,4938991
568,1,2023,5,126186,165808,280182,2312335,162774,213656,691085,1239010
569,4,2025,4,209704,460649,242106,549351,293127,232407,466339,1724075
570,5,2022,5,491176,67610,216461,1483611,248972,283122,539964,3659923
571,1,2022,9,744072,423108,283625,713151,214663,52311,1322226,4536428
572,5,2024,12,395648,85058,202781,2394169,166081,78925,1109187,1915379
573,4,2023,11,180777,223985,320855,822731,226013,110013,525968,2276718
574,2,2023,5,242262,170341,275936,1426535,115611,229550,1906360,2737665
575,4,2025,1,574821,327310,146055,1164539,269435,57765,425245,1773546
576,3,2021,2,992732,224151,164012,2812230,143426,137235,777056,1604705
577,1,2024,12,365618,358067,223666,594692,115600,322797,1943593,1642663
578,5,2021,7,996190,449510,233116,417793,157999,195477,1890557,1148263
579,1,2022,6,883098,327147,335711,1967063,121329,152111,208834,2833521
580,5,2025,3,551976,427868,292297,900517,224617,357585,1252660,2841975
581,2,2023,3,243820,50636,78797,843995,86030,242162,964235,1318498
582,3,2024,2,541677,126079,284704,2950022,200456,187280,829533,3017067
583,3,2023,4,913653,246817,314629,1816111,71377,388920,1183233,3288873
584,3,2022,1,701055,235328,358156,1939662,158158,265578,1188808,3108383
585,2,2025,9,340023,189751,170804,1290543,187742,370264,1129811,3890594
586,1,2022,2,725037,314794,87971,951617,213005,292507,1227619,3310518
587,2,2022,6,849028,94033,289809,1808903,250517,118300,1107870,4094152
588,4,2023,12,678806,237288,332451,1776945,200056,126389,1107723,3505931
589,5,2024,7,566453,407384,134760,670244,283731,326744,395868,4348719
590,2,2022,4,195504,271793,64633,926034,241933,289300,1038041,3812753
591,3,2023,12,192333,68306,61502,1811989,191952,240881,487174,3955066
592,5,2023,6,846636,452459,149104,2582682,213196,216586,282772,4420425
593,1,2025,7,961662,105407,53865,2918525,207524,324756,680932,4644386
594,4,2021,3,326912,160697,289101,2482690,180812,229935,1822598,3855271
595,2,2023,1,411963,300025,357727,1361725,231369,225058,1552409,4904477
596,2,2024,11,966149,77181,327402,1595063,89223,202074,334351,4321254
597,3,2022,1,792340,110803,346615,2990149,62320,360053,1419490,2150729
598,4,2022,8,316371,309996,271756,649761,103558,154873,1886680,2578195
599,5,2023,9,902640,114203,371788,2970595,183134,51761,216649,4327099
600,5,2021,4,955851,327853,231941,733501,132284,273317,310968,552347
601,5,2023,11,559161,292038,300205,438988,244699,364699,1626692,1650568
602,1,2023,4,391739,345866,251822,371588,206363,124015,814026,2838433
603,1,2021,1,939286,109426,90048,855468,181907,393679,465861,1954194
604,5,2022,6,489147,378554,183102,967289,240306,220283,647091,1734721
605,5,2022,6,352333,473907,222876,2024794,223071,291894,895761,3659236
606,3,2022,10,476662,130880,103647,368543,251716,314292,298182,3466936
607,3,2022,7,233448,450647,308203,2254431,54487,181341,964948,4138246
608,5,2021,6,483358,112488,251810,455060,63349,184280,1607748,3322245
609,5,2025,12,935364,221434,140702,2259028,81493,73558,926761,508708
610,1,2023,3,250543,276637,224492,2692842,264319,189389,1418844,2060199
611,4,2022,6,600832,309486,388781,2119801,92964,381589,1006877,3964260
612,5,2023,5,277905,271567,355044,2797671,289617,299830,1046074,3796568
613,5,2023,4,361738,466911,206449,1772678,289813,224803,1925077,3435854
614,4,2024,11,700742,170013,227843,2412919,252581,387659,953228,1695409
615,1,2023,7,340011,235913,233127,2737428,95920,213146,1961945,652116
616,2,2024,2,396757,65356,74860,2332203,246933,191090,790662,843739
617,1,2021,10,793971,71322,269087,2393804,97363,340932,994396,3170939
618,3,2022,12,614902,371827,56192,2693679,143509,258561,828265,2520662
619,1,2025,12,883092,471835,358597,371628,131140,210111,1406997,3008662
620,1,2022,7,460110,244021,73700,446076,66415,70117,595935,2867375
621,2,2025,6,725818,393091,169669,593640,130159,109538,860278,4798441
622,1,2025,5,135577,412814,204656,820002,243133,154043,824656,2652549
623,4,2025,7,371021,253244,384540,2509080,296259,154198,598576,1861782
624,5,2023,6,681826,280787,303953,2082907,136186,190470,468644,4610949
625,5,2023,12,490746,244827,115489,1281240,222125,171272,1973469,3074753
626,2,2023,7,300690,331542,393932,1680622,214250,158980,1677335,1256232
627,1,2024,7,394209,385091,83147,558705,265765,55775,1028233,2290346
628,5,2024,2,265466,344357,93769,2551385,66451,364312,1687173,2517089
629,4,2022,12,940214,154819,231662,2570981,250135,253302,1969679,1389784
630,2,2023,3,778191,384705,252888,2064869,192037,92632,1839715,3810622
631,5,2021,1,636924,56596,194615,1520252,159277,163126,853559,832449
632,4,2025,5,189337,195593,94420,336274,67765,197625,1821466,4551257
633,3,2023,3,676702,350818,82770,1988672,211743,290786,1033329,1006323
634,4,2021,2,357696,397479,234285,1279705,206188,394319,207629,669665
635,5,2024,8,994752,253199,94795,2089031,162204,346072,642983,2082189
636,3,2023,5,717363,324829,317093,1401851,248140,177146,1686947,3852390
637,5,2023,6,872917,330262,303528,1784051,151229,386374,710920,3774707
638,4,2025,7,815854,267564,192851,2689155,112778,369210,1805366,3674998
639,5,2025,7,592582,340820,312310,940588,72537,195851,709277,1505265
640,1,2021,8,316768,317591,371896,461799,51088,243263,777644,3101807
641,5,2021,7,259074,80594,394129,1284919,287649,300956,766771,4607677
642,3,2021,9,883189,121344,132202,2933757,92518,147574,1319629,1935113
643,5,2025,6,117206,215544,318300,1003742,196263,192993,562889,2560843
644,1,2022,11,315291,180367,206598,2054634,161769,130620,680162,4953037
645,4,2025,9,233214,476986,361729,631481,58086,244534,288226,960642
646,2,2024,12,661555,123962,291543,2296053,283336,257025,676251,1506093
647,2,2024,1,342830,299363,204811,2906614,135870,249219,1478997,3905338
648,4,2025,2,280784,66016,72473,2109886,58567,245092,353325,4422953
649,2,2022,4,590652,332576,383740,361276,244850,187624,532937,2000906
650,2,2025,8,487495,83109,200654,1517139,109903,199045,668753,4866530
651,2,2022,5,949776,293620,52610,2304562,159273,80665,1993191,2772591
652,5,2023,4,320822,270560,145333,1291319,61284,348218,1193728,2280952
653,4,2024,10,638607,496453,244311,1494957,100792,137736,1054459,650168
654,2,2021,10,926354,182552,241429,2842980,71114,83971,864547,508961
655,2,2024,5,758136,180775,230802,1724641,120603,308665,1319359,1527973
656,5,2024,11,668663,136661,393853,1739541,295643,275161,513298,3485739
657,3,2023,3,141715,131831,227830,1356804,262386,334752,1550388,2354954
658,3,2021,10,633421,256079,333734,775688,87270,383485,1628729,4623107
659,5,2024,3,117230,294956,215049,1611495,211529,358092,1449494,4312477
660,1,2024,4,530896,155729,58223,2482584,85908,95633,878557,643759
661,2,2024,8,217019,241829,62875,2876351,208842,225072,515940,2984310
662,5,2024,8,731582,210839,220200,1072447,276788,134332,1038659,4060282
663,5,2021,10,805124,261417,372193,2088874,157555,60129,1489589,3294178
664,5,2024,11,741221,344667,244452,1752348,56288,129358,1535167,4079296
665,5,2023,6,811377,404442,291424,492020,176885,249848,512489,577012
666,2,2021,2,258937,447952,234533,2710322,144692,315109,370621,665962
667,4,2025,8,226392,119292,325315,1071478,154260,92943,1844364,1164411
668,2,2025,12,808136,270676,202621,841664,70941,124034,335325,4643502
669,4,2023,11,146657,376840,99922,1690912,249065,360990,959031,2243166
670,1,2024,9,265307,283590,299183,1808598,177369,312066,1470591,2633825
671,4,2021,10,318962,95729,334159,311683,100925,107449,1494175,1962649
672,1,2025,2,282317,52212,119127,2719109,148246,379673,621488,3556767
673,2,2023,9,879835,331017,65958,2036763,129102,150436,1682157,4913149
674,5,2024,9,464613,254475,187858,1737796,273776,355171,1806926,2805037
675,4,2022,8,579838,157378,71399,663926,64859,237317,1072998,1303654
676,1,2025,1,829951,293962,312511,1822055,87213,369847,1001249,4046457
677,3,2021,11,319868,384021,265396,2714556,76953,99377,1276625,4919882
678,5,2023,1,543581,160089,275759,303290,256054,145693,1521064,794048
679,4,2022,12,287785,375052,252795,2288902,94572,102127,356284,1727930
680,5,2022,5,729538,393088,217249,1034698,174514,283970,736960,4668780
681,3,2022,2,629116,386401,202682,2910216,285686,254226,752447,2496300
682,1,2025,6,802681,115470,170286,1659282,56356,101626,413863,4420646
683,3,2022,4,575577,171236,165217,2370287,112711,356585,1835862,1073782
684,2,2021,8,589158,460976,200441,2260036,192322,374002,903157,3853956
685,2,2024,4,940001,105714,172687,878071,62696,174541,1047812,1571921
686,3,2024,11,973841,118862,154952,2316732,185414,342764,1582744,1774503
687,1,2024,5,945909,82528,124635,1162483,204757,308617,547649,1192559
688,5,2024,8,822394,471278,338472,491739,157217,371636,906269,1487646
689,2,2024,9,887427,103510,284902,2155722,142640,78141,665798,4746144
690,2,2025,2,290433,261178,201699,2063650,176162,382783,273405,2935182
691,2,2021,3,944521,332413,178688,2949441,123752,363689,290322,553813
692,4,2022,1,922256,271783,399599,1947681,295819,366842,999938,3898364
693,2,2023,1,552876,306840,135898,403918,152897,183008,468008,4017278
694,1,2022,2,235068,430258,124826,1146978,208561,192384,1785437,1052938
695,3,2022,7,966952,304330,358838,651105,82522,161090,503187,3895524
696,5,2021,8,297977,81910,56480,2605443,172819,313878,471758,4388813
697,3,2022,1,375160,448263,288166,1196501,293074,323369,671449,1402516
698,3,2021,5,722112,57696,378414,764109,158546,77813,405321,726229
699,3,2024,7,689221,96640,316491,2246210,110688,58673,1751772,4104050
700,2,2021,10,764443,295844,134542,2940154,77102,180838,1959632,599667
701,3,2022,8,472802,130555,137392,569032,120725,230398,1842690,1188034
702,1,2022,1,878936,424336,180789,305806,219248,388028,354098,1571850
703,5,2021,3,739122,428331,346292,2818994,153666,228563,454825,3369952
704,2,2025,7,268264,227315,203939,2371819,60034,77715,344586,3401174
705,5,2022,6,704978,441082,385754,2493175,67650,254375,568471,4366481
706,1,2024,2,920191,182422,270222,2263067,204713,335728,480414,1678305
707,1,2023,10,709764,193562,187691,2708812,178699,377877,1567335,4092332
708,2,2025,9,292678,139751,392187,2562372,281915,64206,359806,991108
709,2,2022,5,170838,220780,384232,2856324,249440,126912,868283,2422487
710,4,2022,6,164253,293149,118023,472097,153745,311386,1775956,2245937
711,5,2021,3,182858,295996,304646,2644517,112369,245527,453510,502595
712,5,2024,12,999342,314747,371289,1744358,269685,342404,706397,4457411
713,1,2025,7,203996,449152,134387,2655199,129032,267370,1175125,3194116
714,2,2021,2,681194,482763,246037,1008508,137050,266157,1721596,4236004
715,1,2024,10,232980,364486,247648,1805848,292113,132339,1848599,3080146
716,3,2025,9,162070,244375,359599,311534,173165,297526,1845758,3526509
717,5,2021,9,462731,180099,228572,739110,76398,135283,1016447,3623770
718,3,2025,4,538203,381763,57763,1160757,61048,170061,1733648,3634613
719,4,2024,9,523041,369883,123839,1498702,282850,371264,903514,4417586
720,3,2024,2,277427,442473,237220,2240829,188399,136255,347224,661855
721,1,2024,6,552303,470166,340080,1244263,130360,105568,1297447,1180967
722,2,2024,6,742221,385578,318737,2260620,202156,251617,736723,2619937
723,1,2023,2,227742,309111,321300,1726445,172913,317084,1590357,1051792
724,1,2024,7,279666,353831,310587,839125,74612,281942,1021096,1628617
725,1,2023,8,657871,366778,141758,1624268,150507,393418,1103367,2976000
726,5,2025,6,531027,172500,119264,2568561,200259,223728,1419809,4905268
727,2,2023,12,562138,337346,59873,2661786,288944,374194,1945221,3616933
728,3,2024,9,685435,316094,254260,741286,119538,207180,1447797,1657725
729,4,2022,5,467010,119602,99251,1755777,141000,182711,1563213,3863434
730,1,2024,7,782505,365177,172969,2197871,213138,170336,453392,1393849
731,1,2021,7,527907,77012,66400,2696996,129713,266655,1657566,1419927
732,3,2022,5,407465,126076,158503,1916045,137769,361167,1561242,546831
733,5,2023,3,622410,291062,286825,825036,233966,199834,621782,3494838
734,4,2023,2,387494,138199,295191,1694060,141865,66679,1241586,3356803
735,1,2024,11,795440,269342,330609,1710449,102329,367779,1062732,2006378
736,5,2022,2,826915,183108,398871,2669539,236770,229229,230087,3361518
737,4,2021,4,804053,96466,146345,1677185,62030,359435,549991,4264703
738,5,2021,8,535041,337874,275850,2694494,276831,106362,1982328,539045
739,1,2023,3,159724,411789,142930,2672660,158616,143105,1851296,3017065
740,1,2022,11,645981,426402,293268,1279885,152817,213432,1417742,4595805
741,1,2024,4,184885,343320,271248,1088808,77182,196947,1825603,1742297
742,1,2022,4,362262,144590,238433,2844512,215025,312770,1469559,3114395
743,4,2025,10,155441,456448,78487,2607957,76293,74356,401958,2229267
744,1,2023,10,722178,360907,130525,1724582,61510,294083,1725187,4699373
745,2,2025,4,506847,435625,262287,2997201,166310,347023,1697631,3924437
746,4,2023,3,258167,485710,129935,2995485,83162,393563,1397472,1884925
747,4,2024,9,199208,440039,214980,329701,92964,367187,1592634,2295820
748,2,2021,5,896866,248321,222441,2926138,287128,281804,718184,4461844
749,3,2023,11,550875,364059,108512,1074000,57524,268785,1736138,3702881
750,5,2025,5,866166,483121,208039,1414205,62654,114600,1244199,3119100
751,3,2025,4,701444,453389,317022,1065005,124061,54694,456970,1728444
752,3,2022,12,354495,451167,322968,2738521,246553,268726,1782999,592659
753,2,2022,6,221441,493300,141119,2884032,241037,327103,1343534,731889
754,2,2025,10,381476,299958,229847,2610952,276229,175676,1500358,3036242
755,4,2022,11,201239,239066,225420,1946812,131077,144042,544732,1983825
756,5,2022,9,952500,470978,231730,2095284,108732,56458,1307469,4734693
757,1,2025,9,646460,259614,244855,581193,224099,328974,1542202,4947250
758,5,2021,6,948484,302615,234461,459399,197819,340684,474084,1891297
759,2,2021,5,528333,198707,190902,1410263,235071,115813,1132199,4263715
760,1,2022,2,287167,333412,126273,877174,187968,379365,308894,2946757
761,4,2021,2,977026,366268,276703,2945487,82529,72226,1997675,795235
762,2,2023,11,768727,167811,263810,2392454,261127,122266,1214600,1806211
763,5,2022,6,771127,475798,395981,749099,272174,393610,506016,1167289
764,1,2022,7,645083,270608,182904,1493772,256944,191935,561344,3397853
765,3,2022,10,854866,458074,234150,1699799,269774,198596,711077,3756849
766,2,2024,10,805055,98009,162614,2693428,142997,352191,310312,781169
767,1,2025,9,232956,393898,159111,1755051,55274,94353,1384475,4060233
768,2,2022,3,531817,229772,85853,1000949,252118,334504,1232851,2232682
769,5,2022,2,516661,182449,170756,1409717,207606,320199,1686496,1332801
770,3,2024,5,691860,250175,248725,1797026,217628,349139,415148,870974
771,1,2022,8,708477,150714,110912,1215722,199421,59221,1886604,3157333
772,1,2025,10,291973,222691,126964,2448768,236417,250062,497832,537415
773,2,2021,8,192058,126024,138627,2897295,63142,309808,241645,4916103
774,3,2024,9,494433,108660,154303,1755259,271865,165696,1775517,1402771
775,4,2024,11,276071,171264,355646,1650180,272222,307764,208587,1165395
776,4,2024,5,403971,190896,75588,2161848,97069,223574,506656,4873912
777,5,2022,8,238977,334793,395635,2072180,53696,121711,879544,2111769
778,3,2025,7,603315,306245,327376,568179,298103,182705,1027483,627648
779,2,2024,2,119773,340568,160195,2809788,299653,194804,1183399,4772464
780,5,2025,12,969741,140834,294694,1206237,177592,308415,1781712,2780398
781,1,2024,12,153269,296791,275462,1263036,78513,81785,247557,3408835
782,3,2022,3,218751,285654,267699,2530897,156699,350462,459399,3079562
783,4,2021,6,726801,184299,227546,2751749,177986,222410,562910,4647101
784,5,2021,1,169305,220629,79295,789610,177088,144965,1209583,1273524
785,4,2025,1,359510,53332,69059,2059213,110902,327144,1474844,2391498
786,4,2021,7,855988,113055,198404,2715546,283157,171435,1407562,4996148
787,4,2025,1,449015,494363,174874,2247280,85534,179329,439576,3913434
788,2,2024,8,539248,310109,50660,1596461,149369,56357,1667965,800077
789,3,2022,1,483713,202344,135530,2139419,175264,378793,1233111,1186544
790,5,2025,9,143203,323760,87798,551313,222324,281252,518262,1752632
791,3,2024,4,419854,191267,392205,1247343,195417,307281,1756887,4685302
792,2,2024,6,143500,228221,221765,2543267,93293,61295,1920424,3827592
793,4,2022,11,697098,186137,222572,2042207,238300,309803,713270,4433857
794,1,2025,2,190728,251024,99303,989093,65338,151030,991962,2872799
795,5,2024,4,613361,251154,388055,861191,292728,207294,1901239,4216327
796,5,2021,8,906055,493438,269523,1003247,176939,71846,726125,3238098
797,5,2024,3,777957,108818,254971,2990963,245267,163815,831955,1927423
798,5,2024,1,119179,228328,153210,1457880,138578,190262,1670714,3080375
799,2,2023,10,527416,78913,142438,809569,238596,74682,1220976,1308785
800,2,2023,1,286488,68207,87092,1478094,261365,218493,1609605,3033942
801,1,2021,12,822514,247386,300261,1591038,138650,126918,1118093,955567
802,4,2022,6,692060,97209,246520,2150269,228879,86669,545989,4282373
803,3,2024,4,387335,450988,96990,2235131,278195,110092,1033079,4003480
804,3,2023,9,859295,329879,155577,1964537,205571,223263,955224,3192547
805,1,2023,7,746960,221495,147615,1655433,283729,106926,570463,1350402
806,2,2025,4,101168,478077,87077,2612035,253954,355493,1944033,4228975
807,3,2022,10,341446,197548,111900,595719,113535,147000,1532708,3287439
808,1,2021,9,105618,371357,247490,2863288,101723,103954,907255,4511232
809,2,2023,1,140777,492516,289208,2881202,263241,194343,1524945,2125568
810,1,2024,12,336387,379052,137434,2924542,177002,131281,1300801,4786148
811,1,2022,2,968105,303371,265252,1600593,94139,398243,918785,1888667
812,2,2023,12,102736,363585,199680,2681398,166023,234478,696623,2231658
813,2,2024,6,567164,214573,77164,1803279,258141,272485,1579352,3049017
814,5,2021,9,435344,439218,291557,2316694,112942,287305,329442,3797609
815,5,2023,10,962705,482759,88815,749401,132319,306074,1963495,2399119
816,2,2024,7,263597,110879,105206,2034939,205233,245578,1930722,4767671
817,2,2024,10,196745,119130,331113,1941223,189205,283946,813888,1401155
818,3,2022,1,559242,373524,241421,2198409,88356,240288,1811012,3533238
819,5,2021,5,941267,103050,241018,2796782,283278,125158,216729,2542502
820,2,2024,5,347993,143839,208705,683200,155969,142390,421491,2583430
821,5,2022,1,535362,156447,320559,2620010,276236,99097,208301,1493412
822,2,2021,4,360068,235856,314131,953730,167605,92681,634047,3663544
823,5,2022,12,707336,101426,236627,2340666,66960,372659,1400139,3716014
824,2,2022,11,931097,84786,394117,1162664,297354,304856,1169880,991030
825,5,2022,8,454894,128739,278052,1993935,233403,207455,1415262,3628980
826,5,2023,12,803232,158351,358102,2628694,164510,398962,1923458,2498784
827,4,2025,6,181347,112582,67844,2947804,131207,58387,945723,1531342
828,3,2021,10,648961,178734,274029,2349269,184935,261806,1182829,692283
829,1,2022,1,986381,103640,305365,2006817,160612,112008,1866979,1109926
830,2,2025,9,826826,142190,189523,594719,299707,242541,1537415,877942
831,3,2021,9,713929,75986,266718,706368,267987,156873,1477410,3194447
832,4,2025,4,899118,399408,102445,1875820,239141,143197,221726,1323426
833,5,2025,11,589085,61461,51631,618222,199141,137420,1876478,670870
834,4,2021,5,756135,275374,317721,1762029,299757,308006,625509,4317128
835,5,2025,2,852188,155858,174178,2457655,165223,118335,804590,1619368
836,1,2024,10,103015,131612,393877,425539,69730,325932,1927025,1809028
837,2,2025,6,835772,211517,250454,2339926,173468,271177,1550399,4010557
838,5,2025,11,996583,242320,296659,2228456,187216,314097,984075,4892522
839,2,2023,7,963902,95561,222083,688136,277826,136968,597118,4093872
840,3,2024,4,476623,384003,343046,2841918,217321,375808,1604616,2797461
841,5,2024,10,441397,351285,389020,1701115,237413,71488,993388,3747373
842,2,2023,10,159094,339975,53115,490543,236787,62249,291721,2157407
843,4,2023,12,341058,438681,367992,2668666,293526,94566,1586778,1073143
844,4,2022,7,458888,449093,261238,2497188,205081,87566,585028,4884009
845,1,2025,6,719082,105453,224047,397767,182889,82565,671535,2563280
846,1,2022,10,284486,223081,287095,2264752,274564,307239,1191434,3002313
847,3,2021,2,328738,392870,249334,349979,205735,281802,358431,1470777
848,4,2024,11,926241,109285,221095,881046,256384,226118,1301069,4727015
849,1,2021,8,997010,186580,174763,1475144,177703,231619,1258234,1140830
850,2,2023,2,671978,110397,90958,1338154,110323,262962,1767592,3218541
851,1,2025,6,709850,365911,90713,1915251,77153,131064,1467167,4715272
852,5,2021,12,589572,396165,50216,779338,287810,348240,1946969,3461279
853,2,2024,6,225849,304840,85276,1349946,236305,129421,744009,2591379
854,1,2022,9,600136,365636,99174,1733518,257157,62851,1262020,3183052
855,5,2022,2,489074,412627,349920,1320708,286264,73226,288924,3457686
856,3,2025,11,743876,136275,300655,1408852,200336,125589,1537596,4043563
857,5,2023,4,383653,455505,131954,2161914,184299,290200,746255,3714923
858,4,2024,2,965519,497731,269196,2060769,154026,294106,1215120,996382
859,1,2024,11,457925,467798,199305,432576,243782,303975,1664740,3345385
860,2,2024,8,817744,424781,101511,2164666,184395,380239,494398,4714670
861,1,2021,12,137685,140887,372771,2421311,153433,218028,1992026,3228171
862,3,2022,8,157388,467590,291099,1605351,253835,77750,1795982,3640440
863,2,2022,12,573458,146529,396113,1337467,139979,179408,1976751,1640099
864,3,2021,3,927914,448042,376302,706893,181756,235737,681139,2913185
865,1,2025,9,933205,126561,102710,776178,288160,161912,1421463,4794388
866,4,2023,11,818569,100271,247399,1351217,68528,369581,669911,4929159
867,2,2022,3,703007,246503,179279,379159,158790,84004,864064,4363526
868,4,2023,9,963894,57662,110376,1476131,163614,241214,297062,4730253
869,3,2023,12,730089,232932,230896,2862111,50999,290349,249812,1648066
870,4,2024,3,638904,187489,372737,1084485,134600,243359,315597,2122147
871,3,2022,1,473689,141282,336279,1774778,57786,363959,280677,1658920
872,5,2022,4,691984,406527,168075,784996,222945,93063,1268086,4605072
873,5,2025,1,793939,344159,73015,2780705,172610,293774,741096,4733911
874,3,2023,1,506645,152759,377024,2147195,135484,366511,750146,4929263
875,5,2024,4,837227,144069,87315,1419856,63212,316890,1271135,774272
876,2,2025,1,293139,484419,190491,2765630,152941,298178,1775005,2462869
877,5,2022,8,349078,409218,245221,2369105,272332,248538,1817143,3880107
878,5,2024,8,123856,464933,57390,2367567,230635,398687,1309809,3508580
879,5,2021,3,381281,284197,198191,1660543,61046,278826,1386705,4943564
880,5,2025,11,224545,67635,219600,1400914,141986,215818,495611,4876267
881,5,2022,9,484745,356819,129369,393305,144002,239119,1219157,841700
882,4,2021,2,651471,86557,126354,723447,76449,171857,1167186,2726036
883,4,2024,12,741300,206112,105939,1197090,166619,164315,1828347,1182613
884,3,2022,4,491106,66084,102593,692152,158292,130057,1881450,1918171
885,1,2024,2,935822,136651,247898,483714,218136,89460,746622,4458504
886,1,2025,6,669835,191105,191496,2076718,226980,90511,447098,4751285
887,4,2024,3,171819,487335,367061,1858093,145503,385827,1388417,2894830
888,1,2021,3,737524,367224,232761,2742247,188330,281730,998617,940503
889,5,2021,12,322555,332829,146670,2037941,107000,183275,214642,1071991
890,4,2023,11,750748,325802,189091,1989670,298841,225368,1242001,4917479
891,3,2021,3,527864,260034,329993,2502121,241569,392657,512838,1115404
892,4,2024,1,828360,162943,72749,2702437,204390,124562,827848,1900512
893,1,2023,10,473352,466001,244169,1814010,123504,343142,1725969,4714356
894,4,2023,1,583221,376077,340486,2895759,66451,101688,989415,3527477
895,2,2022,10,835770,297205,234529,1579665,108437,129569,1779336,4557895
896,3,2021,8,582349,180580,339415,1049316,196129,287902,1834344,1389523
897,1,2021,3,261321,365490,309005,1081091,94556,361203,406845,2322286
898,1,2025,8,467681,489362,158826,320117,204550,347592,802227,2531596
899,4,2024,4,746708,144645,107025,905285,294408,173637,1458199,2526079
900,1,2023,5,787948,168277,240493,820846,267459,312725,728562,2274472
901,5,2025,6,223562,259649,160384,2569877,276906,58582,1358883,1943368
902,2,2024,1,938595,83353,398645,699395,92289,171124,520774,2431427
903,1,2023,8,124714,369404,334202,670480,274659,213498,394674,3963133
904,5,2025,2,918552,316408,291589,2516324,222170,105325,1308659,2996134
905,3,2025,12,451740,248198,286874,897592,191460,348849,1068335,4655010
906,2,2024,1,107060,334905,297257,2110142,252240,345517,578162,1969646
907,4,2025,5,707574,434153,319129,460065,149049,298263,1022924,1679327
908,5,2024,11,533549,438024,398762,661549,256272,105897,510831,1974119
909,2,2021,8,214210,432671,346775,1043077,158584,352369,1582391,2831613
910,4,2021,5,463293,91940,232488,2127853,287028,323528,1347160,959904
911,1,2022,4,203063,296100,228524,2136107,229515,276831,1314632,890554
912,4,2024,7,812729,405027,139422,2170322,132479,292753,1698704,3319137
913,2,2023,1,568627,407100,371404,432337,110406,118398,1610080,1475872
914,5,2025,6,726035,423658,98513,2112487,206647,319126,1704476,893892
915,4,2025,12,125068,85789,148400,2508508,131992,277862,283926,1437495
916,3,2024,7,670547,275170,362990,2203232,157049,201522,541296,927665
917,5,2025,6,947556,241338,345833,372191,91983,156304,214923,3206707
918,5,2021,9,345477,381767,95315,2055584,136672,310662,1560959,3549350
919,3,2023,1,906424,148345,151475,1809936,270733,189383,1175327,707334
920,3,2025,7,352606,196456,291271,1840596,278349,52568,1286806,4991776
921,2,2025,9,649038,271341,125072,1576825,212003,379489,1052306,2781571
922,2,2023,11,205914,435711,177555,474986,170742,350177,964825,1819848
923,5,2023,9,173720,337320,221683,760726,115109,291248,1438509,3462868
924,5,2023,7,525251,408398,323110,2323717,175647,50313,870969,4065674
925,3,2024,7,721304,481002,346626,1287973,248714,336866,328199,3275213
926,3,2023,4,569680,466881,76704,1371882,251880,160103,1411687,3950850
927,5,2025,9,249601,127486,364390,2783513,268466,224290,487926,3718324
928,3,2021,3,927641,117400,124225,2569120,238736,54908,620651,501263
929,3,2025,10,170518,151605,157389,2971025,199835,82992,1924237,3589008
930,3,2021,8,172090,432993,281919,1830987,130693,185588,1725574,1113871
931,4,2022,10,480010,196600,308479,593969,81697,216815,831078,1014599
932,2,2022,6,824586,156836,104268,1839884,156242,234107,1998045,2745145
933,3,2021,12,601860,290804,126909,2378412,78650,341115,252836,3201360
934,3,2025,1,896249,133311,128667,2799943,62870,265961,297998,2248781
935,5,2021,5,376615,491991,354922,910943,191904,117166,1383215,3927095
936,2,2024,8,995167,51788,150166,2226417,288804,252964,680456,3761687
937,1,2021,4,409547,336194,152218,1942270,181940,147712,422725,2602003
938,1,2023,5,151718,419110,148548,2109123,124088,67536,1516360,1497647
939,4,2023,6,146218,67847,296573,1598643,94341,114140,1916542,2196945
940,2,2021,6,277839,141171,107775,797594,255881,184533,364338,4207342
941,3,2025,10,415343,261022,134949,1297715,125356,105428,1765492,4612600
942,4,2024,12,791353,234472,94407,2122463,83263,292948,1107035,4282406
943,2,2024,1,436591,207318,239366,1570478,273700,209181,289742,4516006
944,2,2022,7,640260,60218,188063,1600406,264418,104484,898154,2593788
945,4,2024,12,899400,461251,113032,2981769,269182,71033,282370,4526694
946,4,2022,2,416547,287725,216814,2515965,251295,319225,615361,2943828
947,2,2025,8,488295,499341,96853,2143390,222232,234026,814424,2925063
948,2,2021,3,544348,478987,97699,2913445,58013,207096,323088,3780252
949,3,2021,11,267560,55372,374585,527284,243248,57026,283842,598482
950,1,2024,1,236938,121179,185289,2934729,165489,247106,1764492,2732400
951,2,2024,9,303354,280456,110788,2428219,109090,88827,1434375,677889
952,4,2022,5,637544,416953,382288,413753,195808,307682,1572595,3626790
953,4,2021,7,591142,159382,94626,1252917,173055,335200,948678,4061081
954,2,2023,8,421913,392423,168042,2034776,247037,152542,219750,3086235
955,4,2025,9,776150,434229,332656,646545,125762,118832,1879271,2457128
956,3,2023,9,460631,412796,365010,653562,114463,69839,1145909,3456572
957,4,2022,1,268843,372236,68111,2710662,112336,277050,1480411,1386753
958,5,2023,7,263877,369025,98899,1672415,117820,262076,1579082,4277602
959,5,2021,9,446994,497507,327685,867527,280407,254457,1957104,2891783
960,3,2025,8,778718,165972,206764,882714,169549,174243,1731700,4165027
961,5,2025,7,860093,414345,152168,1776996,137926,230178,467527,1360116
962,2,2023,11,817660,243059,73268,2702156,64248,319762,1303840,3176766
963,5,2025,10,946101,170043,308014,1133231,270555,147121,1751862,3587108
964,4,2024,2,722749,318614,184471,1787012,112257,157092,346660,592393
965,3,2021,9,677388,357026,370414,642775,267816,292279,1612728,2805607
966,1,2024,6,714889,331714,137584,2637914,65623,143902,1059729,1285996
967,4,2022,1,862801,404543,144210,2114214,185658,202361,1344922,2801089
968,5,2024,10,150149,220733,192810,2700802,212655,220822,1253591,4374765
969,4,2021,9,880146,155310,89344,1547382,63622,372878,1860874,4526276
970,4,2022,7,826157,278208,256953,1156892,63628,369447,1028750,4871487
971,2,2023,7,458332,254816,102211,611457,262714,73594,1587222,721919
972,3,2023,5,246063,271888,121966,1536669,159125,392468,231162,1403793
973,5,2025,6,729581,287856,275555,2693742,86080,328141,753825,1873412
974,4,2021,1,386003,356055,227858,1913428,299769,151483,968658,845641
975,1,2021,8,335752,300668,163372,1441056,195520,223508,475609,1086184
976,3,2025,2,436993,273237,68543,2557968,255319,397808,1824642,2140654
977,2,2023,9,241206,361274,317369,1560971,187520,206241,1077442,4007199
978,1,2025,8,419286,496590,190382,2326026,65014,309161,1526741,741758
979,4,2021,4,327799,60156,388574,1596589,185312,275205,932513,1851217
980,3,2023,2,597248,414083,369792,501887,250508,196595,958837,3548304
981,2,2023,10,444933,301335,311073,1483134,259256,57748,1214117,3019458
982,3,2024,5,452778,393700,183715,322153,79858,133043,983922,3866531
983,5,2021,12,226075,75898,390464,1112768,206175,335550,1226108,4383892
984,5,2022,11,563424,369765,67330,1162913,274251,52679,1466527,715112
985,1,2025,6,153160,384193,282297,2853859,232930,162976,288200,3572962
986,1,2023,9,851785,332821,263742,1070004,172708,286238,635851,2651436
987,1,2021,6,545916,346675,312982,1614757,109062,390039,599830,1055695
988,1,2022,2,812682,93855,218899,1387668,285204,254530,1167363,1241581
989,3,2021,4,343645,90963,78653,2685368,58021,156694,1190774,4613251
990,5,2024,10,273665,468664,131726,2150951,299177,156649,1672883,577082
991,5,2023,10,215305,174038,279065,1912152,127890,164433,1930719,3987602
992,5,2024,6,157619,131251,241290,2787715,266451,151374,1573744,1900163
993,2,2025,6,421606,365959,357222,912313,246889,72658,441715,3432991
994,1,2023,1,301449,68505,381808,2678645,287100,169205,1335195,895770
995,2,2025,4,103072,293890,235317,2651463,263088,145617,1453796,2621456
996,4,2022,12,184989,326244,104595,1535191,105292,298733,333507,2967181
997,4,2023,8,831637,325965,290749,1951705,114786,208033,554288,1809139
998,3,2022,8,752606,183908,105040,676679,210562,121901,1438611,3589741
999,1,2024,3,937371,54424,370634,1183366,232667,283504,1673077,4367325
1000,2,2022,1,579631,272658,157149,1082482,125623,318502,914081,4284445
1001,5,2024,7,404846,440966,187280,1269734,98838,175657,1181393,3073780
1002,3,2023,2,163606,118108,88600,2626477,68663,197679,1893641,2730456
1003,1,2025,2,591331,315724,342636,635441,93566,83633,1759044,1467070
1004,2,2024,5,734917,128232,95999,582646,260468,82700,424641,4887214
1005,3,2022,7,584707,399502,356753,2010644,255002,83201,1041244,2288762
1006,4,2021,3,212507,186744,357882,644563,213661,149685,1499725,3442283
1007,3,2025,11,296666,439942,389903,595194,189391,352279,1097042,1432582
1008,1,2023,10,257274,65046,211233,2656077,201837,66198,1193776,887320
1009,5,2021,6,909886,462248,72088,2670427,174017,52927,1098658,2366497
1010,2,2021,9,301262,131658,264467,2012420,165147,205674,1449563,603777
1011,1,2023,7,617187,425415,169754,2472405,224625,193537,464711,4233861
1012,1,2022,12,915689,160389,172376,1107941,260052,372677,392447,4222491
1013,5,2025,1,831854,332500,256616,1818997,100684,146749,1563288,3562071
1014,5,2024,10,542518,191713,185928,924031,94941,363428,965309,1356885
1015,5,2023,8,978296,306011,290276,424100,290215,316810,411866,3455999
1016,2,2025,8,587264,478438,255371,446847,129397,337524,1880215,1602674
1017,4,2024,7,468010,486186,147659,2400933,121148,290408,383442,2227748
1018,3,2021,6,307702,400742,393405,778789,220781,247043,641547,1652203
1019,4,2021,12,158140,475669,198343,439915,208828,368852,1669116,2281633
1020,1,2021,7,833315,476881,262415,2282308,260715,164010,1526188,679097
1021,5,2021,11,403626,245897,152602,909271,107669,91665,1695447,3098593
1022,3,2025,11,496218,398874,172921,2725150,222212,379540,1181543,713144
1023,5,2023,7,650007,109453,335055,1094711,297593,126171,375808,3882708
1024,3,2021,3,576528,469001,123136,2778112,184460,106046,1449044,2954172
1025,3,2022,12,972931,109400,74680,1759299,203165,348966,1753244,3417567
1026,1,2021,11,411003,166504,243459,1104762,292201,136833,259636,4483218
1027,4,2023,6,875477,499278,147123,383188,242510,263146,699442,1077745
1028,4,2024,9,704458,430814,118583,854001,152095,95050,1824898,1611181
1029,3,2023,4,589686,63507,397317,2283250,170717,133719,666817,3634803
1030,4,2025,8,128381,246090,216518,1456509,180201,114706,1672997,2868903
1031,2,2024,10,995053,476552,176146,1769895,263641,360803,1568512,4496522
1032,5,2022,5,150593,398811,183014,1302446,298136,135000,786099,2701387
1033,4,2025,6,641317,310887,72996,2942631,179815,376493,1969505,2661038
1034,5,2022,7,775928,368478,395933,1911743,56460,221312,1050558,4587876
1035,3,2023,2,954321,260197,134535,2697169,203216,59752,1360738,2309322
1036,2,2024,3,791047,467872,392240,1341761,292257,209454,743416,851522
1037,4,2024,2,792658,378364,382065,1516524,116159,249535,1931304,4704128
1038,2,2024,12,666278,439299,261542,1938056,276921,139149,1501310,1071579
1039,4,2022,8,363518,377218,333810,2321018,165072,138187,577429,1737338
1040,5,2022,6,348536,250819,181826,2943205,136076,145877,211020,2218102
1041,2,2023,3,310012,108015,339705,2956767,115464,127439,1993417,1902380
1042,4,2022,4,856039,246487,211104,569824,226774,202891,1725945,3463713
1043,4,2022,5,697950,95725,383834,2149135,130743,129988,1848345,1879480
1044,1,2021,5,459766,230261,270160,600950,265521,87604,715107,4450735
1045,2,2021,1,953999,170806,279388,2831431,244962,361478,716198,1032828
1046,4,2025,7,264337,266628,124139,1255930,185300,130550,483651,1374270
1047,3,2022,7,616064,400275,241801,1876066,187690,276092,625260,3119515
1048,2,2021,12,218827,470967,385909,2257099,233015,127966,1711882,2349470
1049,3,2021,2,623499,408926,152526,1510550,165593,217584,755268,3219880
1050,4,2021,1,863300,403805,164542,2543456,171395,76556,1648874,4590620
1051,5,2023,2,197210,227033,290118,1757274,283137,153124,682316,841873
1052,1,2025,12,211472,243747,224149,2673625,156055,307752,811179,2751186
1053,2,2022,4,902177,333253,153372,1013243,51953,390826,534032,2803672
1054,5,2021,7,399702,426371,142939,647980,74471,236905,1761811,2213421
1055,5,2022,11,468649,156117,95898,504485,170517,193445,229045,4284108
1056,3,2023,5,384486,172560,210544,719705,115324,360501,875127,2807549
1057,5,2021,9,777371,141535,98552,2642574,107140,323869,1660850,4544845
1058,2,2024,2,742803,235123,320950,925087,234840,163165,757231,3336528
1059,3,2024,2,814777,371481,152157,1659698,219293,271620,1280915,1505605
1060,5,2024,10,746522,353341,110233,645478,212424,122783,535119,1785221
1061,5,2023,11,796747,335241,201812,990959,76488,127858,1081450,2862399
1062,2,2024,3,460303,309147,143102,2467038,283633,202491,323140,3484528
1063,2,2021,5,503818,487053,70931,2772346,212884,278989,1423509,3167770
1064,5,2022,1,591834,248187,285612,2053131,283330,153440,1535740,2727740
1065,1,2025,2,706322,66804,323673,2038526,140026,230836,575487,4211866
1066,4,2024,6,995625,93938,315154,1845388,299149,116023,1305559,850130
1067,4,2025,7,118706,72560,71952,711088,278607,203968,1031702,1168880
1068,1,2025,1,657625,223616,87796,2737313,275626,237952,1779782,1874255
1069,4,2022,1,924009,207378,284385,2958816,122993,176342,896383,2025770
1070,2,2023,9,578711,272352,143895,1211134,173788,95932,1932795,880691
1071,1,2022,5,321795,216032,347605,1160403,189419,194510,1512443,560443
1072,4,2023,6,554705,465231,86566,2763882,275290,370131,362029,2642722
1073,1,2022,2,715563,402239,177458,1223811,242286,376431,1748380,1164580
1074,4,2024,10,140371,123390,247581,347942,243919,374817,981606,4971292
1075,5,2021,8,370763,280779,334912,1054791,250819,132771,1836810,1859768
1076,3,2025,2,202282,429035,180077,1687764,56032,53577,1214838,4995326
1077,4,2025,11,339381,163886,219303,1525540,259888,335983,563856,3147781
1078,1,2024,4,819211,286980,311350,1280264,211687,342015,1213661,2163071
1079,2,2025,6,527962,165714,271146,2986561,281071,246753,895271,3188475
1080,5,2021,2,364045,325928,315775,2396924,75419,143976,1546035,3752492
1081,4,2025,4,364045,253477,100044,1185726,199636,280160,1112288,1071465
1082,1,2022,2,972383,330901,86666,1702353,125882,324050,1616866,3789951
1083,4,2021,10,758391,498077,279326,2660111,216839,117521,746028,1228123
1084,5,2023,10,845600,160298,313287,1241849,242951,242306,1472619,3160556
1085,1,2024,8,697942,205355,75732,1303827,287847,346486,540284,2594142
1086,1,2023,7,323752,247659,146126,668299,283575,193653,1490042,1235335
1087,5,2025,2,582710,264997,284990,982572,257543,294707,1807658,1660932
1088,5,2024,10,458860,68527,62206,431447,266790,252151,492884,4075770
1089,2,2023,2,586008,64646,114343,1077393,244298,183459,1825191,3557605
1090,5,2023,2,918148,232874,309731,1036475,142582,220573,1906591,3097715
1091,4,2024,9,631972,341082,177812,2535109,222847,127711,206276,2513443
1092,1,2025,1,852364,465139,253499,1577407,282465,163698,1795338,2602667
1093,3,2024,7,865131,142742,52230,1009522,241274,356816,213008,2657937
1094,5,2024,8,849303,305940,140876,1432094,274521,183908,1056993,4616339
1095,5,2022,1,623942,89952,222256,2660436,257418,312244,1030758,4794172
1096,5,2022,10,135180,362571,186353,2309729,110921,291645,1771364,4098704
1097,1,2025,3,866991,482585,118954,2206423,180120,64450,873059,1816353
1098,5,2021,10,346718,478913,263776,924413,105587,359171,1911989,2700646
1099,1,2022,7,333896,270123,316039,1197442,186883,392774,991438,3017583
1100,2,2022,9,308309,67576,104181,1796244,201144,155221,1464705,1635830
1101,4,2021,9,268714,105489,293544,1673551,192683,221717,459226,922503
1102,2,2022,7,922852,70922,391318,2248749,50828,171939,589528,3970792
1103,4,2025,4,335030,292174,222210,1677418,239665,323788,1221895,2704981
1104,5,2025,1,629444,420738,300014,1882196,179192,348544,1298255,4911438
1105,5,2022,7,739076,187030,363554,2259576,191988,63893,1543309,616589
1106,4,2025,5,911069,227318,185796,1236869,282102,60137,326693,4665565
1107,3,2024,12,566302,125421,88110,745800,282165,259304,624088,818794
1108,1,2024,9,559871,148398,141646,1486062,87230,62906,223228,2768971
1109,2,2025,4,805119,166324,396127,1695072,160418,195261,1715229,4412025
1110,1,2023,1,867755,284532,91028,1206156,231909,228302,800875,4069143
1111,2,2025,12,820672,88694,136041,911569,269926,398579,439315,4487386
1112,5,2025,3,647414,426242,336623,1123778,163315,127252,1195915,1848011
1113,3,2023,6,347347,96016,232207,1308068,181527,93817,1529364,3367946
1114,1,2023,2,770056,203081,233976,1836049,122721,341486,1903134,2693659
1115,3,2022,8,612361,248688,152958,1693576,61530,350346,1943731,3616619
1116,2,2023,11,584287,232938,234028,744696,276661,70015,609686,4854635
1117,5,2023,7,162858,463157,178504,1397572,169734,182768,998910,3522147
1118,3,2021,7,808314,94294,289988,911696,185146,126996,1787471,4970755
1119,5,2023,9,587966,223823,372317,1817142,193217,357289,1864867,3548174
1120,3,2022,8,924294,458481,83708,998531,274451,174458,1871898,2958310
1121,3,2021,4,527411,331767,129797,2124719,53418,206409,1307150,2516857
1122,4,2022,11,274633,201549,310040,461681,248085,283575,549429,4925377
1123,4,2022,12,541458,273333,61824,1608053,66887,198942,589004,4406642
1124,3,2025,3,945144,142671,147202,2371297,170540,114514,444538,2123589
1125,2,2023,3,628003,414632,207412,2690577,179173,347981,1211715,4821183
1126,5,2022,4,412775,200685,264181,607387,257326,120318,1021584,1252693
1127,3,2024,8,467934,341537,385739,2474531,107590,172145,299064,3464962
1128,1,2023,2,694272,66618,178467,2039315,197805,385138,1631908,1838484
1129,1,2022,5,470964,341921,370530,2868899,223916,93440,1606905,2194521
1130,4,2022,12,786808,73275,170797,2401799,192942,100982,1715859,3670526
1131,2,2021,4,593065,272169,280709,2705448,131121,118207,1857291,1926420
1132,1,2023,6,845011,62076,202183,1814111,179995,195493,1902030,773823
1133,3,2023,1,425686,138536,79874,876984,126147,271951,202087,4614396
1134,3,2023,7,961118,255000,107220,1195185,56714,180810,1820961,4538196
1135,3,2024,7,231162,238104,387957,1083855,208806,106237,754770,899736
1136,3,2023,11,822947,199712,163155,2192296,284163,301554,742156,1132547
1137,4,2024,5,729102,198312,303633,1315814,117373,340473,1804631,2276028
1138,1,2021,9,891020,494950,330159,2520563,246215,72326,1480637,2856486
1139,3,2022,1,106149,328796,162310,1364506,238439,87892,266853,2753908
1140,2,2022,3,875892,365540,275261,1036787,224746,276265,1358805,1443084
1141,1,2024,2,184012,347952,88874,2562048,134346,257261,1244865,4412462
1142,3,2024,10,978519,490171,93432,1578580,223374,65425,1026890,1646782
1143,2,2025,6,296167,239253,274845,2209840,276657,374148,1800158,3681513
1144,1,2025,6,657755,191460,387046,659543,212332,246323,547629,3459060
1145,5,2023,3,637234,87476,109416,829971,173809,116289,951778,4318251
1146,4,2024,2,562951,338557,214972,2825205,205428,294955,1103312,2022586
1147,5,2022,9,747944,459843,193547,1501137,81657,137556,705317,3256861
1148,5,2025,8,149443,378823,253367,2168199,262827,331948,1523525,4510204
1149,3,2025,8,546167,178572,312698,2433250,86268,168766,1440718,1973494
1150,1,2025,5,373824,269494,196552,1919385,195759,192679,1983324,1905279
1151,5,2025,7,598441,498009,258389,403115,266793,75033,1055854,3218599
1152,1,2022,8,470589,291528,386661,2523566,217976,131218,1505857,1287855
1153,2,2025,11,217230,445179,355551,1240996,297263,73437,211029,1201912
1154,2,2025,8,285928,363208,298661,822289,181064,166418,1852057,3777201
1155,2,2024,11,198591,272537,222773,1567820,55643,373485,1287309,4385657
1156,2,2023,8,910685,477260,180048,709594,257798,342078,582260,2453028
1157,4,2021,1,608584,423815,94871,1715213,76856,55632,1094666,4185400
1158,3,2023,9,288037,160385,184488,2721845,209966,334379,1400627,1885015
1159,2,2025,11,990359,215170,116355,2070903,291735,260734,1112447,4150371
1160,2,2022,8,463803,252058,64514,1742462,109715,247102,1242096,4851846
1161,4,2023,10,710789,304454,169330,1878966,81080,183199,858692,4325911
1162,3,2025,6,969481,85466,329189,2951867,282531,208996,690060,4211302
1163,3,2023,3,718836,89110,396683,2825498,296528,96733,952252,4458757
1164,5,2025,8,163119,178544,387400,2908661,254361,96969,967089,4862287
1165,5,2022,6,271578,385316,293382,649279,66564,199198,655128,1211895
1166,4,2021,1,206618,163191,112012,348685,76340,197422,283790,3291439
1167,4,2025,4,866950,191645,280622,1926110,255742,115558,1447992,1667251
1168,3,2023,12,861532,52090,346577,1697399,218364,220857,343979,1417139
1169,1,2022,8,328423,438613,310659,854805,54942,164491,533331,2439180
1170,1,2022,7,635237,368146,355755,878617,108869,259204,1265296,1146999
1171,4,2023,2,328382,360822,337621,2071321,296914,381056,516355,2721200
1172,5,2025,2,309032,145619,161218,2727769,60450,93903,1405718,4797046
1173,5,2022,5,595844,91773,135630,1630676,154883,186560,316352,4755638
1174,1,2023,8,632416,54090,148293,694306,285540,197430,1737289,1665598
1175,4,2025,9,892617,493445,294495,2788691,174560,240401,1248077,2438382
1176,5,2025,1,495635,438270,150678,2384598,206954,88432,1802323,3400753
1177,3,2025,9,833027,378911,349677,1465458,241499,387466,1609583,1692409
1178,2,2025,3,859866,484774,269658,675041,209665,136759,958160,4608622
1179,4,2021,12,114236,386851,101771,1511050,257752,69965,1608754,1760536
1180,1,2025,6,480057,65959,103566,1942678,176938,226717,1142681,4227536
1181,3,2022,4,560379,63375,108253,2778161,259628,321336,402634,2282966
1182,2,2021,6,508578,249416,188445,2344703,100080,386278,1297344,1032954
1183,2,2024,12,590006,255055,237338,1389172,239732,354490,455252,680173
1184,3,2022,10,662078,287714,321265,1259773,280217,117901,1477135,1920396
1185,2,2025,7,992480,177632,303476,2175964,259548,54242,549521,3024975
1186,3,2024,3,175924,375313,193961,2413481,163770,51612,1350246,1279616
1187,1,2025,10,908065,440549,181212,1516518,195309,311532,1371193,753252
1188,2,2023,11,693707,423883,70746,819836,178746,257447,1508526,2130380
1189,1,2021,4,589861,376511,102809,903404,274368,285011,307853,3035780
1190,1,2024,5,202294,156388,97782,711251,226692,92155,1267437,1123256
1191,4,2023,11,211751,169063,176095,2728759,53073,304399,968179,4451665
1192,1,2023,8,406906,358753,111003,1507437,136635,368047,1815891,2744474
1193,5,2023,10,538532,269604,329112,674656,229599,378530,1424440,4231728
1194,2,2024,1,906445,308967,276424,2361942,119711,80575,1079392,2087382
1195,5,2021,2,119550,100653,213449,429500,187883,271848,1936153,4923314
1196,1,2021,4,771092,287028,283465,605645,90218,326216,910888,1144266
1197,1,2024,7,743534,235992,396614,2440079,126775,277266,1397595,3430307
1198,5,2025,12,589144,361951,347416,1485212,73897,102950,813879,2069126
1199,2,2024,1,510514,457384,175635,1234762,55234,280415,409419,2666117
1200,4,2022,11,226353,321169,80172,634234,112739,230268,1519777,4016280
1201,3,2023,6,796043,229865,183621,2085733,94028,364135,1263977,3890218
1202,1,2021,3,420957,411380,209134,970054,288563,363918,1736283,1359322
1203,5,2022,7,413831,370784,349117,600864,70660,79396,1291810,2120580
1204,1,2025,8,992451,342575,227158,2923175,103574,371963,429240,3230545
1205,5,2024,8,479716,432797,306512,1156537,52132,111735,616503,2066989
1206,4,2021,11,618634,265063,84189,688213,153317,68990,1042373,4702256
1207,1,2024,5,377301,289821,189550,906621,271051,395648,1317443,2851576
1208,4,2023,9,770840,343463,226830,2397188,99225,259286,1256682,4885445
1209,3,2021,3,993487,124296,217141,968716,231482,112684,1188681,3365312
1210,4,2022,10,737111,170731,380018,2125084,164735,87543,1014070,4078729
1211,4,2021,4,666418,428646,107773,823120,89055,129451,1940869,2332918
1212,2,2022,9,231542,244436,53502,631013,210887,85285,1144581,4525673
1213,1,2022,10,953794,225525,221559,1973888,77802,142999,1736079,1570259
1214,2,2025,11,268011,52594,148195,2076831,114681,262529,1970404,3867005
1215,1,2024,7,576666,323403,225543,1159590,141928,351871,636622,742689
1216,4,2021,4,499281,51090,124532,1299597,153132,290305,1384044,4437923
1217,3,2023,4,705855,353188,311344,2653771,238692,129783,1659858,2093635
1218,3,2021,8,767417,178950,145836,2234283,121804,361876,855276,1423533
1219,2,2023,6,721462,250907,275932,1498911,173759,309733,343414,3381981
1220,5,2023,9,253062,362796,371803,1229094,257881,311412,1443132,3742969
1221,2,2022,6,509900,202024,207067,1763861,251525,229020,1050095,728398
1222,3,2023,7,422654,213660,295660,1169399,119786,127898,227266,3643498
1223,4,2024,7,610070,354512,225851,1721534,291370,387269,568190,1159836
1224,1,2021,3,167639,91070,193446,1356648,101865,122638,544319,4744864
1225,2,2023,10,146617,181460,170124,2145893,91267,201490,1028302,2710394
1226,5,2024,2,620968,206196,288818,988939,70070,171985,1216789,1642438
1227,3,2023,3,594777,270477,131157,2082728,196596,377962,1944782,720153
1228,4,2022,9,883069,310118,357388,2777715,129529,209854,479603,2383413
1229,1,2024,5,174043,455985,172174,872445,292378,204618,225771,2891663
1230,2,2023,8,883047,111882,215411,476213,139471,86033,1260017,504430
1231,4,2024,9,395817,261124,162875,755152,197765,111485,1004513,3669723
1232,4,2022,5,926229,494679,111170,1022134,181931,287376,1178646,4062841
1233,5,2024,4,923674,463501,376788,919879,76446,91626,1494406,763720
1234,1,2021,2,914458,481528,272178,2067998,165359,72237,932467,4820818
1235,5,2023,4,461088,249441,189448,2853543,248238,164532,1554256,819145
1236,3,2023,9,241630,323327,332071,2950366,208738,159282,610973,674508
1237,3,2025,8,654679,484816,296493,1865993,160727,148514,1269199,4979365
1238,4,2022,8,517992,88757,268662,779124,218344,317943,998485,2739659
1239,3,2022,3,971525,485812,65785,2570159,98053,376302,1495090,940516
1240,3,2024,9,599824,499369,115972,1835243,97258,135659,346154,3349741
1241,5,2025,6,594391,448772,387939,2702147,154627,233797,674042,2918787
1242,4,2022,8,384746,230351,336344,627413,146666,298219,300657,3583494
1243,5,2023,11,865353,64031,122556,1988871,89047,258799,856042,4812536
1244,3,2024,4,864114,455251,359302,1369798,272883,317939,1189846,3727119
1245,5,2025,3,324331,94589,291237,548688,242987,353372,1276989,2895014
1246,3,2023,10,786691,483006,219252,1145676,88318,150381,735758,4793212
1247,4,2025,9,335048,170787,218139,368068,289754,211766,1006774,3753869
1248,3,2022,10,824969,81415,207412,2596302,197757,335037,994730,930018
1249,3,2021,2,650285,461796,236228,1059944,161934,285892,212047,4555342
1250,1,2022,8,769236,351055,94723,2569235,136117,385439,1519426,4335442
1251,4,2025,10,209713,211656,85511,631926,58256,121090,869171,2849868
1252,1,2024,5,670079,401073,157706,2355022,169528,209048,695803,3866580
1253,5,2021,9,456922,107400,332757,1113396,189594,64888,1498792,4779947
1254,2,2025,12,789316,235875,78904,2354454,177912,212817,758548,3198863
1255,5,2024,12,208383,319067,175850,1788096,223105,362464,1303707,3338087
1256,2,2022,8,474476,456866,78707,365149,135617,236502,1580362,4539788
1257,3,2021,5,424247,247658,55241,2516361,112232,114791,1202852,4642067
1258,4,2021,2,756752,81430,245401,1431886,273555,258410,1376693,3832626
1259,5,2022,11,110957,420701,392633,353089,115046,60635,644978,2180919
1260,4,2024,9,538390,417151,179234,1104064,52216,174835,905120,3801922
1261,4,2024,4,304225,353178,298219,1514388,79170,60538,1800927,1966361
1262,3,2021,8,944535,476094,389904,1759854,63810,206980,660986,3000989
1263,2,2025,5,265893,395223,91242,1894085,245787,394151,926920,3356936
1264,2,2023,1,731659,289007,162416,1764316,129519,159076,622468,1575856
1265,3,2021,3,879095,482242,198075,2326777,165755,389759,1892044,3848432
1266,3,2024,6,451485,173934,215150,1017056,172334,209001,1106013,868497
1267,3,2025,12,330334,485165,67303,1500158,126357,158203,658809,4679600
1268,4,2022,2,173998,355116,309726,1677243,133653,207745,316890,4749768
1269,2,2021,7,510244,289856,331082,1830194,296334,282394,632142,3518087
1270,1,2023,1,288664,400419,375561,2701265,52946,212277,1741460,3477115
1271,3,2025,5,641961,386062,285539,923589,236799,252200,395516,3648476
1272,2,2021,8,121261,202665,62558,2297791,258009,277883,1421207,2703844
1273,4,2025,6,238735,401168,173239,942117,228362,105085,1601140,599446
1274,2,2022,4,476339,480127,122858,2694155,60440,395172,1218021,967345
1275,4,2023,8,884260,381924,397313,1013190,291845,255613,1671722,3396339
1276,4,2024,1,778279,316036,124108,2362826,125330,107660,1066023,1247639
1277,2,2021,4,168219,290301,220779,1308470,68300,152008,710951,757244
1278,2,2023,6,145214,292936,60449,1991075,52710,100084,1127743,1836673
1279,3,2022,12,457036,443458,230635,1908795,89071,301139,1322360,2758681
1280,5,2023,4,539252,409830,357068,2212566,283601,290419,621228,4698142
1281,3,2023,5,616850,393334,297172,2453504,207338,79505,387014,3137612
1282,1,2024,5,360928,486858,95864,2208847,167056,221627,506731,2412419
1283,5,2025,10,716190,97354,235209,2442470,94632,266598,1380508,4260731
1284,2,2021,9,333293,202655,253516,1790891,60344,75975,792443,710544
1285,2,2024,10,120236,132940,127517,2294758,257498,378403,1892304,3965483
1286,3,2021,12,944275,110099,268274,1678961,50883,209353,725878,2337804
1287,2,2023,1,407933,417756,160520,1430061,50069,255032,1976107,1531533
1288,1,2024,9,291944,222250,325398,2116999,214492,215739,576926,3888950
1289,4,2024,10,397024,87765,257881,1969672,143291,360043,1527694,787533
1290,2,2021,1,529570,108568,95044,1211681,114270,211303,1055368,4712020
1291,4,2021,3,940297,394487,253486,2671843,116414,222208,1420390,972537
1292,4,2023,12,203188,290057,253165,1287268,231750,116402,1063607,2907642
1293,5,2024,5,777676,328254,178337,1198026,218898,388380,252372,2864637
1294,2,2023,4,475740,110096,224502,516869,120557,303798,227913,3339488
1295,5,2024,1,643299,64429,96774,885656,211783,339481,374317,4297025
1296,3,2021,7,382441,104951,69921,338475,142846,258050,970623,3998303
1297,5,2023,7,257698,302908,133378,1591533,171484,172499,459180,2820176
1298,2,2023,8,812613,207898,232162,2754501,183522,157656,1861372,606759
1299,1,2022,2,716036,455272,396769,914515,167892,249242,1142353,1080233
1300,3,2022,9,507350,392560,240688,2004203,240389,122847,527574,4549389
1301,4,2021,4,739226,102046,124402,1462587,123871,172724,652177,2055945
1302,2,2025,9,173658,234713,210699,1379679,226852,342320,1967848,3008741
1303,3,2023,4,680593,452194,389800,869085,149384,397342,1862012,3119669
1304,1,2022,7,426539,321661,309215,2401329,70776,123455,1168017,3687081
1305,2,2023,5,438804,381964,139893,2174157,70815,96801,379342,3902490
1306,4,2021,7,192462,351565,322844,2529734,130798,380046,544131,2705199
1307,1,2021,12,623789,325193,115362,2524988,219579,56735,822814,1333276
1308,1,2024,2,880811,146694,51298,2480296,114314,364326,1578326,3015041
1309,1,2023,2,244427,136106,317545,2936904,147828,143019,1926714,3152463
1310,4,2024,1,508391,448786,281370,2547822,111176,114924,711970,1347595
1311,4,2022,8,420432,204171,316488,2664367,55997,344297,1970858,2207652
1312,5,2025,9,470631,433053,337634,2306076,175004,169782,975849,3218810
1313,1,2023,6,809708,152442,272595,492879,130364,192882,982723,4833425
1314,1,2021,4,966961,484122,191728,2214563,124444,97406,1165508,1112495
1315,4,2021,3,376330,395203,52117,420348,181114,141670,1724933,1883286
1316,1,2024,2,487233,210289,398509,1645847,175733,306787,1082346,4899639
1317,3,2023,1,946827,265059,280792,1560148,86613,73059,881921,3466666
1318,1,2022,11,739511,332639,328752,945405,95645,67119,1566814,1506006
1319,5,2023,9,539681,493738,61246,2535702,159416,325446,1135619,2418584
1320,1,2023,10,948193,227394,205650,2877560,135822,362602,602363,1740358
1321,5,2022,5,836981,416460,195884,356924,195987,356064,1434557,2265706
1322,5,2025,3,407612,421521,388334,490610,200729,93770,1843929,1389645
1323,4,2024,10,526586,473068,224100,861235,225304,202411,959372,1182912
1324,4,2024,5,778357,448914,56853,2666985,154669,370225,606388,2477601
1325,1,2022,11,168992,250521,389879,1070437,251191,98685,575473,3129687
1326,2,2025,4,893723,354444,172426,550890,174167,148858,764209,3339257
1327,2,2022,5,463551,177758,248406,2024184,87191,202261,1732622,4708424
1328,1,2022,5,995173,220975,51625,1330644,288548,233992,1635576,3590710
1329,4,2022,5,160562,232507,251661,1247248,143850,387616,1764731,2540701
1330,1,2022,6,544084,400841,66318,409057,116913,90742,1766161,946217
1331,4,2022,9,501894,198379,370591,1708011,52011,388492,1249280,2719970
1332,5,2025,12,171597,72949,117796,619516,175873,259278,969861,1172892
1333,5,2023,12,132061,495060,256817,1718507,199520,184923,1470084,3523842
1334,3,2024,3,107573,129617,381468,2703009,80312,216669,1141716,3293940
1335,2,2025,8,372453,288477,56354,979753,215148,51519,886118,2768865
1336,5,2025,11,582701,415715,203430,2798530,135611,201706,1235679,3704965
1337,4,2024,10,495774,221225,326433,427875,145586,154045,1382923,4777060
1338,1,2025,9,636009,224865,237238,2223517,126140,156722,1268054,1742687
1339,4,2025,8,799330,383347,178701,1545642,117650,135251,805762,2162424
1340,1,2024,3,336111,437072,371343,2616349,170623,90360,1465971,4811747
1341,4,2023,2,938500,355906,347709,2618235,56851,302534,837365,1146355
1342,4,2022,3,580455,237485,143474,950140,272918,248729,1039778,1620718
1343,4,2022,1,596073,236170,345182,1902412,123759,151189,1785021,3017424
1344,5,2025,7,737980,174202,180336,1841985,128365,54709,1619074,1885811
1345,1,2022,6,633019,492367,237690,1474489,224709,276042,807102,4032208
1346,5,2021,8,869330,401979,237740,646633,109272,321430,947046,2409208
1347,3,2023,11,321814,480581,368469,2132091,63760,196945,1385369,840906
1348,1,2021,5,890438,310374,348362,707099,179877,271053,1133816,2484471
1349,3,2024,4,905045,150253,225093,931920,206353,50628,1427252,1194822
1350,3,2023,9,474060,326810,64507,2299090,235558,334973,1874638,3904409
1351,1,2023,1,221482,480775,264480,1343260,146637,328632,646690,3224379
1352,3,2024,2,700640,175068,298066,1368489,139161,347559,1095680,4268255
1353,4,2022,12,603308,210895,143784,1858114,136182,209220,1878339,1042778
1354,4,2022,9,209249,232769,240550,2629900,139095,323809,569786,4183846
1355,2,2022,7,184072,316642,103553,532876,234828,95968,1234033,3183970
1356,4,2022,12,772536,471802,68517,2796893,255704,368279,482334,3602866
1357,2,2022,12,944467,405275,218736,322197,291564,90277,1925958,766090
1358,1,2021,6,429052,85789,214538,434518,178272,121045,1659651,4385113
1359,2,2023,3,130451,75291,303624,1421587,147404,62987,1661951,3811420
1360,3,2022,1,444850,204438,124634,1764035,204563,213380,1102288,3548604
1361,3,2024,4,812043,355212,323818,2063475,149275,156185,1271900,3003376
1362,3,2023,10,517331,363312,85110,1564464,278622,82452,1667677,1476154
1363,2,2023,8,614461,451693,53649,987025,245784,140658,1296366,1622607
1364,4,2023,4,966414,283374,258040,883183,154661,58852,246979,1643628
1365,2,2022,6,755386,360645,390551,381229,124518,77464,573328,1661421
1366,2,2023,9,419810,103359,357944,1723059,192485,273654,1071422,2826938
1367,2,2025,7,241105,255959,228465,1414262,105504,342762,1260502,3648173
1368,1,2023,1,334187,133806,367896,1710219,66214,309069,1272403,2372632
1369,4,2023,3,656310,265442,281237,1337087,65785,285824,515327,3514667
1370,5,2023,6,806911,283788,254644,1163326,218801,75540,1474390,4386018
1371,3,2024,4,261002,475577,307569,1115415,146717,399726,261728,526203
1372,2,2025,7,950401,211491,120718,1819254,61394,367088,1383657,1293417
1373,5,2023,8,588034,487886,292754,1792743,67463,144818,503762,914520
1374,1,2021,1,139930,170484,153199,2825873,88091,189879,262158,1486236
1375,4,2025,8,996921,325082,197680,1808078,110328,331501,933101,2335503
1376,3,2025,2,341158,352440,133047,1973920,203093,129229,1749371,4967409
1377,3,2025,2,922811,134117,51950,1997969,237016,239066,1841130,1346291
1378,2,2022,5,169334,388290,195646,447203,57777,76738,1414021,4470343
1379,2,2024,6,103487,269646,235661,613217,61977,124704,686853,4655999
1380,4,2022,9,188095,359322,53727,2988164,192978,356748,370481,4644874
1381,4,2025,3,471267,319702,275108,2639421,222958,276045,1422510,2149073
1382,2,2023,9,319443,407149,339341,651427,83057,129295,449224,926182
1383,1,2025,9,675258,315571,244212,1551180,87291,299812,1177302,4108244
1384,5,2022,2,978965,91131,266784,1381309,91268,106369,1683429,1141207
1385,4,2022,5,732490,488051,322758,1159802,87423,182440,234419,810046
1386,2,2023,5,516772,320298,113512,417997,156536,174646,1628087,2873359
1387,3,2024,3,777317,95610,76394,620331,85581,86290,456700,2049336
1388,3,2025,8,584442,336434,299685,2545715,285953,309038,501384,3494662
1389,1,2021,6,294523,387370,277249,680663,96138,318628,1524419,2310255
1390,3,2022,12,728399,121428,251908,641422,55788,103140,652533,4923763
1391,1,2025,11,428998,198952,326363,626809,113822,241488,205464,4294326
1392,4,2025,6,286909,462168,238026,798193,212052,323439,530925,2751416
1393,1,2023,5,114406,331970,91129,2005067,187006,366360,234765,2026159
1394,1,2025,2,597251,127355,70962,1038065,176913,285979,446759,3736727
1395,1,2023,4,924955,305374,328309,2174149,275083,367457,430216,4072316
1396,4,2023,1,857792,194508,293513,1536809,109723,374753,856747,4974502
1397,2,2022,1,663485,245599,216749,726800,177703,351270,588183,4171564
1398,1,2021,11,115233,318417,85931,1946796,245325,163230,742907,4296582
1399,4,2025,1,349857,67173,219142,2306066,189519,235789,1104061,721202
1400,5,2021,2,672450,233934,110763,2953282,138110,297479,632637,3727883
1401,2,2023,2,294687,325928,176477,1455218,120231,399713,695249,2980645
1402,5,2024,6,380007,395130,245076,587234,95749,347296,781023,4361837
1403,4,2023,12,735420,320755,305364,673596,85747,216277,1494516,2634652
1404,2,2024,8,615514,63910,178271,2120021,75534,231731,549484,3104145
1405,5,2021,1,689152,118668,265552,2480701,217048,390849,220496,805619
1406,1,2023,4,753569,344772,341990,325233,53245,259073,1068035,3374308
1407,2,2021,2,700088,460312,298658,2323699,142346,240870,1054905,3413917
1408,2,2025,6,171722,486980,309727,339425,282901,73985,630654,1846379
1409,3,2024,7,346160,115113,173849,2652662,53750,395069,1502226,795942
1410,2,2021,12,869285,469445,118017,2885365,287983,367354,1757845,929773
1411,3,2021,4,932605,366878,236736,1179962,102764,210514,1339478,587835
1412,5,2021,1,940858,337861,225951,667191,79347,366776,969778,2886170
1413,3,2024,9,226769,131966,189784,1548703,297283,286104,1297375,4471400
1414,2,2021,5,814068,286087,360594,2848076,116217,167996,938957,3749016
1415,4,2022,9,247179,143384,309348,508321,55526,324080,1985965,1900784
1416,5,2024,2,827839,344760,283731,1098581,280073,325071,1208710,4561617
1417,2,2022,11,384247,243493,369353,1780218,104349,284942,1475561,597424
1418,5,2023,7,542979,101087,74163,1773076,63010,177343,1731032,2533540
1419,2,2021,9,472059,445006,166109,783418,271081,344359,1062554,854406
1420,1,2024,12,281041,436108,111486,527097,291479,200988,1490765,4004373
1421,1,2021,8,673115,94229,145402,838358,262246,204540,1223302,4182764
1422,5,2024,5,137576,369833,55662,913631,180674,213393,369608,2288334
1423,4,2021,6,548748,311545,277073,1254184,201909,360891,1795391,992072
1424,5,2022,2,892504,177513,232868,2962864,232192,252770,1923508,4936612
1425,3,2024,10,121045,237278,295772,2074347,114092,75646,561121,2404044
1426,4,2021,2,355312,210435,357938,878640,242793,173297,462585,948723
1427,1,2021,3,489899,367706,246620,2223907,149191,357449,1750027,1904384
1428,1,2024,10,451001,339619,188145,1585630,134949,182521,1560680,4269533
1429,1,2025,4,321277,52846,267653,1803693,101617,65402,1034421,2727245
1430,2,2024,3,225627,77688,226008,2606965,241802,371977,209472,4050858
1431,3,2025,5,494577,344666,369378,2938318,216602,215327,1034811,1282608
1432,3,2024,3,760963,56038,166512,2579263,234914,368153,1574771,1524439
1433,2,2021,5,688118,276506,72557,2329596,236849,291279,922478,2284931
1434,5,2022,1,663893,50733,303702,865920,52171,377946,988728,4379380
1435,2,2025,3,547064,96796,275999,2522794,79718,384765,1707948,3960621
1436,5,2024,10,395808,73306,168659,1658498,109788,117197,1909250,4330185
1437,4,2022,7,321183,354357,305231,507069,248473,164956,394644,3074156
1438,3,2022,12,234913,87444,386452,1099355,61421,386333,694443,1815630
1439,5,2023,8,703428,204132,56951,699824,295167,134786,412968,3735154
1440,5,2023,3,759747,100849,177311,1343771,232812,390668,1589817,1243500
1441,5,2023,7,402181,155993,157523,2718729,56434,216438,1297557,4233585
1442,5,2024,10,883986,59440,68979,2418278,147495,235691,1124823,3950959
1443,3,2025,8,238974,243947,386608,2964922,146841,188465,797279,4136277
1444,2,2023,10,814106,250918,172595,1461111,84420,117465,754662,872369
1445,3,2021,1,610029,357451,124554,2296642,294521,223080,1595425,2440839
1446,3,2022,2,253284,202962,241869,714329,103355,372929,670661,1694121
1447,5,2023,2,156983,340894,262426,2304193,90288,258401,942622,1743338
1448,3,2025,11,834242,179773,132535,1312742,195697,244698,1904079,4760897
1449,5,2022,6,274895,81932,55154,1984248,57297,291100,1222716,1745642
1450,2,2022,2,334833,160479,69699,2774895,289221,307816,1953833,4947231
1451,5,2022,12,534141,147852,280330,2529022,217861,87437,1367709,2641618
1452,2,2025,10,343101,97928,254845,2890219,68666,103513,716104,4868392
1453,3,2021,3,976071,461440,86905,507667,171062,230929,1887109,3472280
1454,3,2023,12,244381,347110,214291,1830682,147205,292392,1515009,1983828
1455,2,2024,12,750899,418149,367932,930079,79384,184149,843236,708756
1456,2,2021,5,157262,56053,297098,2800520,133865,132113,1345300,4748772
1457,4,2023,8,895511,84311,200921,750141,133040,124835,1076997,2746180
1458,3,2024,3,335076,247121,72379,1628840,66775,108305,1697650,2659575
1459,3,2023,12,461360,478599,64757,2772495,123675,126335,1218498,2964867
1460,5,2024,5,159791,360989,211148,1578088,60831,145736,965927,2213740
1461,3,2024,2,551188,82295,282452,617675,120874,271577,1039000,4548746
1462,1,2022,12,278956,111399,304092,1602803,297326,116308,899437,739894
1463,3,2024,1,670603,97720,159007,1107377,288616,369074,748752,3825390
1464,2,2024,11,477269,162287,379431,312501,144363,66760,1682853,3471726
1465,4,2024,1,697654,476779,265937,1421260,262474,123801,1963712,3347463
1466,1,2025,4,385583,381752,101818,717216,274115,307691,957527,1183755
1467,2,2024,4,264093,422537,237647,1756381,285593,216014,406331,775654
1468,4,2024,9,354921,430577,93010,2396523,289122,85891,897270,3057549
1469,3,2021,8,161891,380060,360372,504881,130454,249896,441289,1341057
1470,5,2022,6,464638,233381,383315,2461614,168562,128403,1886901,4860141
1471,1,2021,3,579992,282266,227381,1384404,73869,325469,1198567,577636
1472,1,2022,6,168459,433225,332610,499354,243234,256972,977476,1768729
1473,4,2023,1,522877,82865,316678,2692849,57724,115204,1097924,4013267
1474,5,2022,1,791875,457424,94437,1771394,279023,227626,1021283,1183699
1475,3,2022,6,173947,433814,248155,1410070,139620,310206,729343,1838383
1476,3,2024,10,949823,296658,98692,2339641,91040,248234,384947,2235353
1477,3,2022,6,625214,485365,375068,2044959,120959,182349,1091551,1138885
1478,2,2025,10,821111,344931,59732,2369423,238040,264988,1655318,2868098
1479,3,2021,8,297921,446032,51257,2291229,81068,156124,1281655,1240622
1480,3,2025,11,502687,295009,141093,1154510,139679,391962,1002296,1292425
1481,2,2023,10,454349,383167,115195,863548,265476,369975,1666727,4319269
1482,1,2022,12,805508,445820,265110,2372240,88333,114190,1172658,884101
1483,4,2025,12,507293,403703,172527,2362584,113365,88327,1793962,4422095
1484,4,2022,10,524670,400848,271634,1719478,146496,141766,310592,4712205
1485,5,2024,2,316545,451038,144659,1110200,280286,170535,1000917,1375584
1486,4,2024,4,784561,442945,195600,1613288,194973,62433,924605,1940613
1487,4,2023,7,433239,149759,65465,1824176,109224,257897,466825,2263745
1488,2,2022,8,184650,355753,349792,541908,115196,200853,254446,2814971
1489,3,2022,12,887962,402211,378577,2766172,81721,202509,1198267,3214178
1490,3,2022,12,183861,183321,58188,2134011,120992,71365,534341,3825623
1491,2,2023,11,552378,224069,252185,1940087,50245,179968,216665,4289887
1492,4,2021,11,124734,473081,209073,2623447,186518,56634,1922909,850930
1493,3,2023,8,320868,84663,76726,1860351,83377,259279,1374655,4334470
1494,1,2022,2,550318,368943,84928,2924740,233229,199194,414930,1323954
1495,1,2023,9,900477,146954,96019,2860403,227324,53260,1802936,1089033
1496,2,2021,6,444259,154290,202875,2060507,210495,204061,1372040,3329490
1497,5,2023,9,110797,292673,86088,1141865,148699,361410,433324,3609329
1498,3,2021,7,657171,272821,322594,2245170,246100,126867,1261073,4301897
1499,2,2023,4,984412,88769,103120,1847132,163313,307720,1822827,2157775
1500,5,2025,7,434589,286968,298702,2457670,78707,139732,514789,2595369
1501,1,2025,4,235754,236623,325941,950072,137261,219665,987257,4734367
1502,5,2025,4,880800,444220,235277,1285036,128092,331700,452064,2635425
1503,1,2024,6,559110,122704,135695,440566,113937,242852,1525169,4133085
1504,3,2022,11,388130,137211,192797,2745096,179868,164460,1260087,3716295
1505,3,2021,1,889115,106163,240382,749745,235257,56565,354532,2715931
1506,3,2021,1,458861,74677,60094,2616739,192277,370659,1847278,1920241
1507,3,2025,12,615795,342152,222803,551408,152416,155143,435479,3326127
1508,3,2021,3,757982,268979,68390,1334621,250812,74243,1255900,4353062
1509,2,2025,10,298741,273782,170197,1340246,251503,226035,1959490,618144
1510,5,2023,11,227813,198934,272995,2887870,153647,230238,873007,2683038
1511,1,2021,12,997483,429728,313921,768991,123172,247294,1102112,2248590
1512,3,2021,2,233183,106486,298118,459133,75863,162441,1717815,1169063
1513,2,2021,5,561360,333444,70157,1858231,63071,332719,1800940,3206368
1514,5,2023,10,735444,178402,311806,2078104,141168,252587,1232404,1522981
1515,1,2023,1,607463,94565,105128,1303922,213582,391689,668007,3001984
1516,4,2021,2,913485,107433,393937,2976718,179442,209328,1868217,4189889
1517,2,2025,12,784446,361848,344196,2665602,79447,326494,1790734,4354208
1518,4,2022,3,615507,65171,84579,463081,246583,264838,564352,4201196
1519,2,2022,1,595937,461105,268657,1602140,113864,190728,1263219,2181597
1520,4,2024,5,948108,469829,173216,953036,276526,164299,1668520,1092138
1521,3,2022,10,489577,237699,144614,1015993,190793,268092,246317,2337858
1522,5,2024,2,965112,231722,364550,2170816,245812,186336,1704081,4101089
1523,2,2023,12,365050,396740,140154,2539444,142425,198428,263729,721029
1524,4,2022,9,630620,260303,250357,650354,187567,200952,1250599,3765646
1525,2,2025,10,790056,186124,354494,1160462,296404,338552,1383415,3379008
1526,5,2023,3,898962,478981,216716,971135,250146,192283,1237834,4899601
1527,2,2025,10,742171,95177,316290,2437286,72157,156403,1479825,1867997
1528,5,2021,2,848271,439299,366340,783600,211278,299376,280803,4576363
1529,3,2022,12,493966,156886,124966,1351810,290813,275508,1762460,4547634
1530,5,2025,12,580764,389817,179436,593495,181641,290368,1097145,1881010
1531,4,2021,4,183904,85069,375047,2458343,214816,99463,1135005,3740738
1532,3,2021,5,977748,459990,76550,1490010,291623,328510,775329,3069606
1533,3,2022,1,132110,273032,314346,1414504,132134,272141,923174,4279344
1534,2,2025,4,126804,229553,311608,2610145,146785,295578,852079,1718416
1535,5,2021,7,482705,233940,80508,2334296,90297,298196,517538,3889849
1536,3,2022,4,465346,210089,323273,1443989,103851,285573,1065553,941891
1537,2,2024,3,566039,119995,208960,926380,124662,310064,1508838,4252576
1538,1,2025,9,437548,446671,222600,2765290,292363,174541,1825883,4089844
1539,3,2022,12,152438,269384,303569,1543973,126465,91962,1320915,4598542
1540,4,2023,5,598097,204839,51068,2291656,170256,50526,481286,1761246
1541,5,2025,9,926534,271236,325899,2726183,197380,327295,985542,1707737
1542,5,2025,1,809875,89101,53748,1359825,180271,227035,1109273,3526054
1543,4,2025,5,683951,472934,140723,2880064,101902,323444,1624132,1142219
1544,2,2023,6,382003,144558,339276,431178,54948,154597,1932105,2094850
1545,3,2025,3,483899,415606,256817,1214715,92878,136564,724519,611840
1546,2,2024,12,490189,415466,91634,1925221,270439,163481,550328,2968723
1547,4,2024,1,307787,52117,191941,2539407,203831,106982,1696231,2560100
1548,3,2022,6,159948,447883,308565,865307,122039,189209,501463,4992197
1549,5,2024,10,733114,190969,261747,2330753,214282,296537,922847,750702
1550,3,2024,3,142457,360289,361582,880688,175752,393179,1844096,2689533
1551,3,2024,7,361598,98931,319666,2241455,275231,172336,471944,4167567
1552,2,2021,10,436202,455265,172621,2755678,256865,116296,1593568,1397354
1553,2,2024,6,375990,147987,364747,2472698,186968,70040,688929,4577897
1554,3,2022,10,124714,327628,257632,695340,191845,140972,952221,2697126
1555,3,2022,6,734409,180728,365080,480873,60799,241750,1771730,1891497
1556,4,2022,9,512214,425063,353007,458607,290623,162003,248353,3131396
1557,1,2022,6,945795,92101,344596,2211489,121718,186628,1099047,848483
1558,4,2025,7,530011,329182,320316,2832970,294263,362822,1450020,1081245
1559,4,2023,7,171676,319637,398916,1417934,164180,346219,1035715,3009912
1560,4,2021,10,715853,137057,355204,780030,158052,137329,1294519,1227969
1561,1,2024,5,177130,271994,322545,1177655,123821,196212,1144904,3105684
1562,4,2023,5,312799,461967,399494,513466,78205,179532,1784692,1028905
1563,3,2024,7,661324,220620,236858,2055840,218101,228129,657050,1312423
1564,1,2024,7,215470,212628,193231,2640525,105266,158460,966291,858114
1565,3,2023,2,393449,397857,163115,2499254,228409,268214,1640424,2374369
1566,5,2023,9,958764,428093,202900,2288672,158554,196963,1510298,1700423
1567,2,2022,8,715346,402131,205477,1892215,212292,346753,584074,3336073
1568,1,2024,11,103084,432933,335853,1822903,82915,58210,1721264,584339
1569,2,2024,4,264972,348034,229106,1231745,245851,386605,1502842,4036136
1570,5,2022,8,274253,499918,372466,615251,269070,387527,1709681,2419719
1571,4,2023,2,846133,325185,69879,2753960,188484,383748,1832650,4366636
1572,3,2023,3,831099,467296,350878,824756,149771,399448,1292925,4026347
1573,5,2021,8,389477,467019,156783,1782780,179533,254508,334810,4270745
1574,3,2024,8,446662,52696,205847,1762525,294779,108771,1432232,3447115
1575,1,2024,2,307832,426705,323008,1080676,177072,311578,929804,2867863
1576,2,2022,7,455592,130072,333010,300183,99740,341058,1990423,1133105
1577,5,2024,5,737738,341977,397852,1749370,205456,144747,1995664,4504156
1578,4,2025,10,170518,83157,82450,2820856,139496,236375,342895,652653
1579,2,2021,1,925208,184701,220837,1219128,275303,171632,865828,4915879
1580,5,2022,12,100207,372616,370811,1418518,88214,252706,341696,832794
1581,4,2021,9,292824,185284,150614,1402889,253435,120099,934344,2011219
1582,2,2021,3,336328,328489,112222,851816,146778,317616,442745,2916961
1583,1,2022,4,941120,98378,128183,2562555,53282,327644,1140720,3863097
1584,1,2024,3,223297,263450,303156,2004312,285365,279117,1093015,2862094
1585,5,2023,7,793263,381886,369589,646575,90780,251954,1037036,1974678
1586,1,2023,9,427127,221729,317279,746560,115678,374286,902183,2139322
1587,2,2023,11,440056,342302,223511,1241134,113244,166971,1366728,1713799
1588,1,2025,3,656915,113483,278924,1852655,131471,393146,1088342,935388
1589,2,2021,10,719563,178563,110287,1521155,129606,136394,1778138,2701175
1590,3,2025,8,567248,279762,184474,530558,134544,374247,951518,1590814
1591,1,2021,3,320472,240341,111176,858223,129648,283665,530536,631855
1592,3,2021,8,640145,175085,101072,2249666,251684,74212,601793,3706374
1593,1,2023,5,124091,379092,390787,846723,102637,163642,530907,2344005
1594,1,2022,10,238366,255721,135029,2914156,256108,322886,397695,2099815
1595,1,2022,6,595773,176545,119009,564793,223874,197606,1951378,2840919
1596,4,2023,8,612507,79546,195903,2358527,262164,253181,1661684,3382323
1597,2,2021,8,324871,228342,375967,1022445,113578,352987,1681709,2648213
1598,5,2023,6,753574,123503,82070,1125623,60752,385386,1003933,3671140
1599,5,2021,4,385857,359812,248990,2541401,241982,182356,967087,2012564
1600,5,2023,10,484743,459469,370112,1997640,152978,145180,1690055,4128382
1601,1,2023,8,116066,96835,164144,2149577,137761,204443,1293753,2329623
1602,1,2021,1,219576,259178,149133,2942509,226197,325619,675424,4028945
1603,2,2023,12,182276,497180,357126,827638,279712,121496,1737520,3294179
1604,3,2024,5,538978,478096,296251,1649703,87201,143031,835934,4078107
1605,4,2025,6,976821,244198,361549,1321835,209775,373510,1988683,3743535
1606,4,2021,1,472391,363318,341538,639435,143742,159262,650170,1197848
1607,5,2024,1,103534,468938,322248,2721167,63822,278111,678916,747525
1608,5,2022,3,407389,345008,165361,1607138,287599,77529,1314769,1229162
1609,1,2025,2,759297,202561,81869,2245814,133043,256919,621774,2901399
1610,4,2025,3,448803,258542,318873,1202786,249867,339822,1486265,2758301
1611,4,2021,1,727009,294936,163459,2591357,126899,86526,732523,528724
1612,1,2021,5,998478,225788,254104,1280823,145180,278214,393861,3978059
1613,4,2021,4,848326,116383,249109,1344209,105811,75863,1488634,1361687
1614,1,2025,11,126863,121775,309971,2466986,244250,276247,1532510,3511410
1615,5,2021,3,733599,328128,311313,1264338,117823,61784,1410726,4045210
1616,1,2022,4,771952,340536,72396,2990027,261482,314191,1728924,3239516
1617,4,2023,6,118239,154005,190336,1215879,299714,282273,1795406,3688779
1618,5,2021,11,349943,260217,336179,571353,253412,260955,1952685,4243393
1619,1,2024,10,577462,345498,199745,1161989,234983,113639,1155636,1477905
1620,3,2025,7,190659,440465,183683,401104,265478,209267,693637,625408
1621,2,2025,1,956909,333774,368829,2141598,164126,185287,668056,3518883
1622,2,2025,5,561371,155305,266489,2323766,274563,260312,480226,921594
1623,5,2023,1,622189,471253,141602,1945515,183693,203105,1865389,2653835
1624,1,2021,3,223646,144064,197104,1380792,292372,313957,589350,2673064
1625,5,2024,12,843715,365372,254558,667408,238112,305145,306748,2199235
1626,4,2021,3,561272,261305,390144,1707650,166657,52549,505742,950368
1627,4,2025,6,664758,480726,266693,1611315,138045,222940,292850,1148194
1628,2,2025,1,755121,437558,263096,1907474,134538,86869,1549982,580789
1629,1,2021,1,630823,229416,263445,2713471,161431,67396,1291704,912155
1630,4,2023,5,538059,112859,149295,2519641,274258,299662,1125854,3574049
1631,3,2025,10,948990,82479,181375,1949045,281858,328881,1255248,3833880
1632,5,2023,3,606941,276755,302438,1200879,150988,245365,1342831,2095680
1633,3,2025,9,669944,288749,259106,2682979,130995,312422,1535065,1518791
1634,1,2021,9,130041,416801,317314,587371,293833,61091,682072,3479117
1635,4,2022,5,754385,466381,109408,2370460,170500,157294,1920930,2140073
1636,2,2021,10,325491,88547,289386,921357,64108,212138,766881,583393
1637,2,2025,12,350435,376042,157868,2383953,128990,250294,1325319,1805960
1638,2,2025,1,782001,489330,317221,1319831,75431,358607,1338061,2594992
1639,3,2022,1,121320,395591,190900,2378466,293446,157614,1415629,2050210
1640,4,2023,11,655668,297418,220155,1525375,225135,64394,1381036,3128650
1641,5,2024,10,763997,461264,363051,1921849,164445,109283,1623796,4202487
1642,2,2021,12,999976,492965,167831,1146346,145127,176488,1193884,3658102
1643,1,2023,7,695932,52586,267144,854453,167516,215499,618801,562654
1644,2,2023,9,779923,337236,334440,1113452,138550,77939,830621,2276638
1645,2,2024,7,231696,446385,122138,1965671,258986,72064,207768,4289896
1646,5,2021,5,705665,255941,270592,1905952,292434,276268,1960826,4278071
1647,3,2025,3,732853,295810,219537,2958780,53811,141627,908391,2620947
1648,1,2025,6,480374,286383,301048,980644,106709,254676,203531,3345825
1649,1,2021,6,548492,146848,393221,1700034,63453,112537,541696,2272514
1650,3,2023,8,193234,409988,271703,429346,289507,190624,1960064,1925132
1651,4,2023,1,342094,202062,152020,465424,174997,134805,1546903,2125033
1652,4,2025,6,385980,120660,289627,1591514,89215,200768,1248488,2694202
1653,5,2022,2,533288,273909,327269,1254779,276674,218053,1134621,1176969
1654,5,2025,8,462730,162881,111563,1563961,288375,142586,827315,3196351
1655,3,2024,9,184313,465889,370654,2625724,102512,391453,1962574,1146549
1656,2,2021,5,572205,437869,239829,650606,213466,173916,1285996,2834897
1657,3,2025,4,641203,430590,393595,1427807,99240,240043,1889392,2163306
1658,5,2024,5,200738,384605,340132,1785282,118010,197160,1339161,4372036
1659,1,2025,7,352562,186917,67093,1574763,149166,341998,723411,2120499
1660,1,2025,8,807554,426436,328453,2160462,154255,171936,911685,3499708
1661,1,2024,7,374326,381385,124274,2635133,267403,197114,460686,3227195
1662,4,2025,10,577527,245054,309515,2972074,295304,124759,679374,1734377
1663,2,2025,12,620652,322456,72748,533481,160610,209427,729180,845986
1664,1,2022,12,630819,298154,145179,2553669,98396,280983,516262,4462758
1665,1,2023,4,830908,135199,373727,1393299,110991,350774,1281629,619900
1666,1,2025,3,834485,370014,153072,2982908,203254,207188,1939104,3063277
1667,2,2021,3,981320,99197,374084,468388,275409,205633,1818455,1650439
1668,3,2024,12,979051,259157,61611,843342,245876,212807,1777478,1423318
1669,5,2022,5,999788,125147,310303,566199,131944,233367,1052138,2946529
1670,5,2025,3,241531,364720,179106,2596300,259620,76017,1606224,3589655
1671,2,2024,5,411476,490559,184664,1115849,140415,135417,1224721,1360513
1672,2,2021,11,148809,431590,385844,810652,90687,243380,1319717,4849935
1673,1,2025,10,978715,173061,329586,1226440,63463,308627,1299704,3604565
1674,2,2021,11,749046,418365,387153,434044,144513,272303,944935,3222513
1675,1,2023,6,394388,73381,248947,1692736,296923,235051,402115,4796501
1676,1,2023,4,882139,414227,155543,1269037,154303,171898,1862776,1461255
1677,3,2021,3,209723,262708,226182,594670,213693,204491,1429427,2244212
1678,3,2021,5,557505,215971,357011,1086204,287473,77883,639863,3852993
1679,1,2024,2,687158,242550,211539,2703661,289512,294727,1304343,4081189
1680,3,2023,7,810780,229918,238226,526940,147075,255785,1972231,4631810
1681,5,2024,8,363791,184640,347793,765259,113385,258254,500782,3377705
1682,5,2021,2,893186,283285,172375,1184494,178628,214721,550953,1460086
1683,5,2022,7,310649,113953,368039,898601,164515,145992,1262079,1527761
1684,5,2022,5,978135,174889,178097,1651467,159169,279428,840157,1158083
1685,4,2024,9,107166,137011,367723,336594,74663,279656,1769570,3139818
1686,2,2024,10,115585,339698,158659,2785513,247645,237166,360180,2143310
1687,1,2023,8,478157,119804,282035,398968,186874,67412,274618,4257711
1688,1,2023,4,209058,460253,276559,1103967,120010,284207,499229,997016
1689,4,2021,10,317432,97140,235541,1679924,288381,109804,1290101,1807184
1690,2,2023,3,442375,137045,356371,2067393,253165,210181,593270,3364199
1691,3,2021,9,248313,455075,302520,1106395,133327,227084,1031346,4384267
1692,4,2023,6,860079,232752,307472,1243657,77154,352131,1784161,1731014
1693,4,2022,3,258838,481701,63303,1973134,264777,284295,1588087,1889460
1694,3,2025,7,890144,103745,296518,992045,157275,190928,373086,4969535
1695,5,2024,1,436174,405213,255777,1083445,133088,383780,1171338,4199128
1696,1,2025,6,240339,215721,78495,1757744,204027,219518,1629263,846044
1697,4,2022,2,561854,478658,297088,630361,222554,393695,602771,2587456
1698,2,2024,12,458446,220234,151749,1771615,126093,156947,436693,4488206
1699,2,2021,1,916422,350363,215307,1226810,247595,191338,1209048,2005274
1700,3,2023,6,546014,433017,159781,597410,196003,198620,385390,4927865
1701,1,2021,1,447541,205807,324650,2345172,77215,161621,637315,3219974
1702,1,2021,9,934297,296572,242812,2195179,99199,87824,631884,818824
1703,1,2022,12,470284,108091,56664,1118408,207253,308805,688494,2680870
1704,1,2021,4,852570,368993,51175,989901,129980,222049,1917769,2567752
1705,5,2021,4,385294,375933,81975,1236629,246088,384075,1200261,958016
1706,4,2025,7,635180,230808,139587,918897,294819,108425,306457,1990036
1707,2,2025,7,858431,415491,183856,1000799,271471,340189,955755,3591778
1708,1,2025,4,729538,61816,239482,1205595,224702,55409,1278702,3806453
1709,5,2024,12,498756,411334,255662,551887,131595,390729,1744191,4180897
1710,4,2023,5,674971,353037,173725,1979346,162298,127179,1422561,4237602
1711,3,2022,3,651969,465554,326816,839374,80725,277650,1468799,3074194
1712,4,2022,7,105435,397818,336359,2629693,60830,369686,1528039,944511
1713,3,2021,10,556764,156182,301297,2714369,270382,377811,1406685,3122825
1714,2,2025,11,837741,380254,349420,1257719,264849,157682,1432569,2814357
1715,4,2024,6,490047,313871,234014,454423,123933,115633,224454,2821670
1716,1,2022,10,533528,400068,166831,1923307,163809,72017,1223094,1530016
1717,2,2022,9,803490,279478,338413,777247,106389,311750,1566668,706536
1718,2,2025,9,910630,273623,73322,1839820,116690,195334,1069353,2260372
1719,3,2025,2,506668,268575,170034,1326918,259408,336627,905353,3921668
1720,1,2023,5,532204,386525,240701,1086500,239963,263046,1398526,1903320
1721,2,2024,3,208335,350139,84593,1280167,72898,61169,1611804,741825
1722,2,2022,6,145923,246597,325151,784614,226943,389556,1522603,2868351
1723,4,2021,4,903620,409818,271449,1542466,141270,251269,1681710,1221199
1724,4,2021,11,502607,305178,69006,2166370,228401,206485,1563500,3502331
1725,1,2021,3,912523,285145,320072,2033982,85283,128016,1366999,4399253
1726,1,2021,4,192534,105082,225218,1769517,133732,394890,545387,4298728
1727,1,2021,11,723458,474582,174597,2149024,174686,336697,1691815,1760971
1728,4,2022,11,292589,409258,149489,1156789,145206,385723,845894,4666235
1729,1,2023,2,537395,62290,64661,998389,293196,75114,765460,3201631
1730,2,2022,12,514304,287533,313234,674076,275374,326024,597603,2808422
1731,2,2024,10,958001,256452,362470,2771961,293932,301357,1723111,1005125
1732,2,2021,3,136954,341759,172813,1389213,267777,184468,1179147,1932776
1733,4,2024,5,981030,300231,265367,1626735,237046,179079,1108252,3368444
1734,3,2023,7,579901,486124,302092,2778561,262607,356134,800878,767973
1735,4,2024,3,889066,87264,257156,2992282,135934,154368,1854243,2770228
1736,4,2024,3,242810,383412,203044,2713840,177416,93818,264975,3680460
1737,5,2024,8,640719,251823,230447,2889529,170938,345086,815017,1849686
1738,2,2023,5,616068,60719,389701,721534,140782,302471,1000198,4092232
1739,3,2025,8,522514,453924,264941,704753,55554,396415,1412207,2422676
1740,2,2022,11,931510,228245,159197,1765091,122362,311562,701241,529233
1741,3,2023,7,911929,334561,77592,1189116,261783,112331,1034730,4175671
1742,3,2021,5,653045,216262,303062,737748,71810,63727,764773,3079649
1743,2,2025,5,888404,474478,112868,592428,71613,123506,736104,875158
1744,3,2024,8,562756,102636,88858,2479230,252883,226563,747401,2399962
1745,4,2023,9,962692,265377,325330,1896239,129184,275222,775665,2528139
1746,5,2023,9,738035,330912,89767,914134,281996,155014,1309993,2044259
1747,1,2022,5,234614,251578,213431,1478464,102282,58259,1332079,834191
1748,3,2023,5,990736,287325,300941,1209757,216968,123527,1455619,945515
1749,3,2024,11,862487,404081,252366,661996,125289,186713,1147176,3593604
1750,3,2023,1,978962,81871,326996,2547071,198063,280295,571937,1449218
1751,3,2023,2,601872,495805,203527,2304432,283822,391061,1077944,1768509
1752,1,2024,2,286963,402679,133329,2257173,189840,112354,1965912,4830967
1753,3,2021,6,130236,114858,112831,2050783,213817,74080,361654,4092474
1754,1,2023,6,761574,221936,244246,1539999,146918,287661,880880,4375840
1755,1,2023,11,145005,67167,171781,2464423,66043,172943,1715867,4000524
1756,3,2023,8,533813,303692,53488,2590847,237977,254977,779330,1255714
1757,2,2023,6,955142,494079,148983,610650,187371,271243,904693,1719006
1758,3,2022,6,339370,392599,290292,1588416,227329,272542,338470,740379
1759,1,2021,2,820186,370548,187350,1400959,60938,366494,206973,3022597
1760,3,2022,2,217153,58844,103677,2072551,294706,324268,1340535,2377374
1761,1,2023,5,492853,316328,228396,2546276,134596,314618,1403280,2971714
1762,1,2025,11,413956,95186,399240,1823329,238376,353846,789363,4018156
1763,2,2021,8,672925,178598,358878,2867229,275209,67534,727957,2180525
1764,4,2025,2,295156,274868,166859,375549,141460,100257,894036,1845095
1765,3,2023,7,369169,119572,277528,1434468,260427,164091,1491989,3231968
1766,2,2021,8,889510,316066,111972,772589,244509,195198,971750,2996185
1767,2,2025,2,123437,399441,344797,348799,152490,88521,494687,3339843
1768,4,2024,8,467966,346591,250686,1737128,263230,326258,449941,4073114
1769,4,2021,2,108054,389985,109621,1570772,136313,52470,445338,4040431
1770,2,2021,9,316920,407128,117879,730961,160673,372547,1153039,2904006
1771,5,2025,2,925494,484085,174587,2082093,235639,284423,1688493,3917642
1772,5,2024,12,547108,99387,152686,582034,87522,243803,245323,4770334
1773,4,2023,6,407091,171232,329141,1055729,53103,342919,1721945,3595350
1774,2,2021,5,790805,255732,191283,1347224,239060,239468,1086078,1771637
1775,1,2022,3,213419,291766,367933,2073836,92218,207299,725060,1247598
1776,3,2023,6,617923,271671,287975,1668042,240024,203147,877501,2168813
1777,1,2024,10,695384,266404,331485,2368782,289260,121848,1248816,4712402
1778,1,2024,2,632593,139762,327106,2115343,126222,169967,230341,966484
1779,4,2023,11,321305,120198,365972,1255835,279689,191202,502930,3431509
1780,5,2024,11,189952,153524,263868,2318281,148129,141059,392535,2046889
1781,3,2023,1,190798,55366,85334,369601,53775,146255,246351,1583083
1782,4,2022,9,470486,173918,378272,527603,251472,304998,1960222,4723485
1783,1,2022,4,591836,161864,104404,2050932,77820,79493,473820,4463786
1784,1,2021,8,306113,421653,289826,2661620,113990,224267,1818399,2161684
1785,4,2025,6,773752,477364,89901,854485,185482,57656,1798122,733050
1786,2,2022,3,108153,283348,300166,2755523,87860,226058,661181,3570332
1787,4,2024,4,453863,63583,346478,819454,58171,154730,1041048,537719
1788,5,2024,10,628484,144774,217790,2871594,141604,103134,994325,1465841
1789,5,2022,7,324537,141500,160555,485088,64438,188327,296882,665365
1790,2,2024,2,232152,141648,51858,2060264,83903,152010,1715115,4623359
1791,2,2021,8,391913,59757,314120,1973372,297083,343014,1666062,782984
1792,5,2021,11,495001,257312,202608,2166407,139894,394017,821196,1750327
1793,5,2022,5,360802,483240,356096,2618735,87361,148366,375544,561469
1794,2,2021,12,250359,191221,386608,1019553,139714,335497,1603571,2360375
1795,2,2022,12,590714,452319,316024,1641698,170010,201275,1972030,1318861
1796,1,2021,8,725831,285308,103161,2627976,274133,378240,769516,3732121
1797,1,2025,9,927068,80052,363916,2822441,123917,86606,504830,2454490
1798,3,2023,3,257961,378298,119284,1835731,137550,196058,1311315,2271608
1799,2,2021,5,455360,112046,204387,1014553,88687,350605,1142429,2849738
1800,4,2025,12,866963,433220,193175,1858518,84429,272938,420495,2808911
1801,4,2025,3,481828,278745,325847,1026838,83064,167945,1506234,3922892
1802,5,2022,12,129197,220357,93119,2098792,231069,87308,1318075,2769429
1803,5,2022,10,362128,320811,257441,1783253,241447,68226,1394924,4995423
1804,1,2025,9,537374,400224,164622,613738,235641,318447,1595482,812950
1805,4,2021,2,964992,345679,236934,1944654,120982,293763,447912,4788443
1806,3,2025,8,559823,158421,212306,1546972,217884,74324,1936451,3060145
1807,1,2021,10,978646,457532,87380,493009,282707,348196,1151030,1030475
1808,5,2024,4,112268,58301,146061,1700448,185674,55544,1474959,3792392
1809,4,2024,8,683166,185957,200835,2977624,199964,289823,1309190,4898190
1810,4,2025,3,718323,355683,225352,2464348,259617,86399,1717832,2857465
1811,1,2021,5,396494,397944,221604,2529431,198785,152608,345517,4325281
1812,2,2023,8,537062,352049,171367,1751106,93189,72706,441386,1068921
1813,3,2025,9,468217,450158,178429,305754,229465,214301,1056968,1027207
1814,5,2022,1,840299,210557,246260,2806406,217714,346178,834138,2130248
1815,3,2022,5,275024,385962,292511,1968818,199966,187876,1287264,1103622
1816,4,2022,4,160241,494810,373983,1760805,209416,76586,1284199,2498271
1817,2,2025,3,248729,484709,286978,2456689,205358,104329,345767,1548270
1818,5,2025,5,860074,428447,260255,2714982,175776,235684,691155,1017175
1819,3,2023,7,342629,56666,151512,2686337,92962,324989,1543910,3461274
1820,5,2021,8,959894,485300,142845,692341,132187,280711,1078835,2421272
1821,5,2023,1,459170,380155,175944,666935,83313,110182,1199884,544546
1822,2,2024,5,476649,224220,292006,2481074,88463,79014,386127,4598551
1823,3,2023,10,152380,237427,225693,2690008,276189,201613,1848555,2354586
1824,1,2021,6,536164,212994,199559,2665448,233468,228216,967177,578687
1825,5,2021,8,703134,409348,301982,1275855,269637,105044,1442272,2218028
1826,2,2024,9,941727,255020,224403,1418074,70663,389972,1336836,1620131
1827,5,2024,1,668939,404453,244661,2517579,57409,289489,325100,1699021
1828,4,2022,2,613094,68150,308799,389607,238231,275245,410582,4956344
1829,5,2021,10,289891,187924,134664,2018447,259573,87894,1093839,1391032
1830,3,2025,12,440898,312015,118421,2582764,291164,397869,1777752,1524066
1831,1,2025,7,560346,374366,139227,1527953,185142,70062,1172182,4873443
1832,5,2023,1,582059,464693,350079,1112618,191664,70596,1567927,4729359
1833,2,2023,1,389552,258236,202900,659777,101152,106032,1308430,3223766
1834,1,2025,10,927249,448727,158922,984949,299264,104818,1177071,3939610
1835,4,2025,3,304960,204495,116903,401453,166488,325879,863224,2794606
1836,5,2022,11,220142,116754,132387,2206457,100204,332095,1908815,2844255
1837,1,2023,1,674137,81265,275525,1010654,211167,345332,1016770,3176967
1838,3,2021,1,955124,324566,135113,301488,176846,387588,1601624,4764881
1839,1,2023,1,452654,328444,123492,2416516,249610,315594,1990364,4918477
1840,1,2022,11,404856,111826,95736,1190595,114933,261250,559837,3213283
1841,2,2025,5,783293,235850,72386,607554,256673,68790,1187167,2620336
1842,5,2022,11,647909,73947,162691,1597462,271055,377443,238247,2187070
1843,2,2024,8,963116,387506,87734,2288543,266477,285515,234323,3389980
1844,2,2021,9,930086,436770,60841,990611,183570,278588,1375649,4258214
1845,2,2023,2,492280,323245,217969,1389934,120412,124106,1362552,3515335
1846,2,2023,5,460901,79222,139112,1239516,294581,285390,1058414,2798116
1847,2,2023,9,385616,355253,322931,1806185,236964,152333,1737530,3016253
1848,1,2025,7,302747,187873,392680,603433,292573,343006,1826824,916111
1849,5,2025,6,196128,280880,111974,2561317,210128,194559,1580261,1741929
1850,5,2023,8,346162,169037,297657,1795100,92896,278094,766500,4434623
1851,1,2021,1,731313,459148,107999,2231483,272266,310259,1709623,4663585
1852,1,2022,6,541518,298642,373626,2147966,147321,165685,393948,1097107
1853,1,2021,9,206860,180821,262736,759513,112209,121786,723419,1153946
1854,1,2022,4,673469,136028,204063,438904,295840,130764,1501096,555996
1855,5,2022,3,800955,173678,318791,472900,267085,253974,1072476,979062
1856,1,2024,9,125419,150081,116206,507159,68868,292447,630572,2912846
1857,4,2022,4,709162,69041,190448,1379702,263472,220999,267567,3338989
1858,2,2023,11,613640,150479,105498,2182750,145893,97757,1095665,691646
1859,5,2021,10,825140,257192,270722,2958493,297558,370203,738480,3962489
1860,5,2025,6,507082,88332,187018,1300184,269270,372833,1761764,1978701
1861,2,2022,7,800374,122467,149201,2984180,167938,174901,352193,4396814
1862,4,2025,6,844373,421298,259542,1520512,230613,156683,1964242,4468958
1863,4,2024,8,942078,253567,111065,485433,297033,175292,821883,3836321
1864,3,2021,7,391712,264595,275238,691180,110610,232337,1336765,611666
1865,2,2024,5,805043,311370,375344,2386231,258244,220307,659387,2500717
1866,1,2024,8,589313,381562,58313,1191345,286671,342971,1886782,3977279
1867,1,2024,3,509406,441931,307187,2521868,71642,282832,1058166,3944798
1868,3,2021,12,872971,295655,104477,1621338,174647,86586,742524,2394486
1869,1,2025,9,981090,148179,362983,1672261,286816,323398,459669,1878194
1870,2,2021,10,841857,361639,131957,1280726,69677,89607,295404,1694408
1871,4,2024,2,480495,194098,297958,2845128,61110,124853,1812319,4680470
1872,4,2023,12,763446,294101,316288,922120,108368,204220,1167146,4018404
1873,2,2025,12,113339,184569,93821,849802,106328,169682,1658035,3376653
1874,4,2025,8,103971,495027,343425,1077589,106719,141101,1742471,1643945
1875,4,2022,10,346166,229120,294006,1524382,196474,377182,1128371,3960639
1876,4,2021,8,682994,143384,316801,2431878,146139,366098,1089313,2076959
1877,1,2023,3,403145,246906,142510,1019068,174275,293317,1103496,2863789
1878,1,2024,10,938701,169910,130564,1988456,57959,130416,943984,3540715
1879,2,2022,8,910323,270563,264184,598373,283769,111528,1760759,909472
1880,5,2023,6,959933,234076,219314,1347511,56178,274797,660312,4296642
1881,1,2022,5,335314,136889,239576,2557114,158809,395036,1797238,4066153
1882,4,2022,5,767816,494983,67251,2133612,252781,209633,994531,2586258
1883,1,2022,3,352983,242720,220786,618615,55820,152944,1622787,3699229
1884,5,2023,5,902938,356848,346774,818208,162721,138894,322433,1519577
1885,2,2023,10,709715,137307,219767,1161256,59250,242810,1192109,2154845
1886,4,2023,5,921950,454800,98475,511303,209213,53555,1741365,1107976
1887,1,2021,12,110808,148342,84696,2451478,151063,372587,1699128,3423162
1888,3,2023,5,691958,222471,256894,589071,125998,73831,635462,4893209
1889,5,2025,7,491453,404259,112729,1820956,80091,65643,1930422,3040769
1890,5,2025,4,132828,175072,209732,1907249,107714,314593,970951,2180344
1891,3,2021,12,794743,432556,361412,2308776,125801,319724,1609077,2940643
1892,5,2025,5,285979,191315,179080,2080131,277251,193937,695072,547267
1893,1,2021,3,683855,125515,153914,2163046,70330,255767,1087899,3170893
1894,3,2024,11,250187,297286,203845,744024,113071,383841,1079599,3401353
1895,1,2021,9,321369,294794,114137,2713372,145421,137482,1527684,4998034
1896,3,2023,9,252241,132942,82448,1420757,195330,61619,1753314,2953336
1897,4,2024,10,984255,76110,278708,335567,146159,319362,1207552,2566437
1898,3,2021,9,956496,330136,307645,1776168,125348,84562,662634,2136364
1899,1,2022,2,681594,243019,60032,2218663,66276,350052,1177785,1673913
1900,5,2024,2,835607,75192,366830,503293,265277,293799,1325462,4731189
1901,5,2025,7,706435,443281,371891,513138,122232,134276,1515368,1666261
1902,5,2021,8,768796,409846,85896,2039515,127296,57728,1245912,3531662
1903,1,2024,8,531762,55230,57390,1630456,279670,110550,1169146,1856356
1904,4,2024,4,537162,254857,331586,2127528,89907,141360,411399,4718645
1905,3,2022,11,555877,215377,173558,540039,218179,216863,1215230,4127065
1906,3,2022,2,206869,348072,305454,484770,66963,93406,1557602,2485224
1907,3,2022,9,775195,430439,89182,2656047,93966,304185,1010124,1933616
1908,1,2025,7,952298,250739,279562,2103117,257484,196718,876236,1504187
1909,1,2024,5,116702,363468,287086,759237,255710,160212,645736,2105440
1910,1,2025,3,779652,202773,164817,2964556,63743,282454,1468675,3798240
1911,4,2025,5,735953,222065,185555,2624774,66475,54049,1968212,1587868
1912,3,2022,7,307770,353568,93666,1005716,80635,270649,1608269,3490585
1913,4,2023,2,269580,359327,284511,2841364,208869,199311,581664,3511022
1914,4,2022,8,479547,392784,141826,2724974,287520,343921,1058728,800876
1915,1,2021,5,453545,184385,103549,2347385,165776,342711,1911561,511802
1916,3,2023,4,315313,53165,152890,938663,132819,119771,679875,3489833
1917,5,2024,9,315382,393468,372530,320386,85277,182261,1726399,650162
1918,5,2023,12,651621,342791,105728,1709746,85945,175973,1915060,2381712
1919,1,2023,4,751606,68711,116458,1193971,253604,397612,1863507,2546875
1920,5,2023,5,123364,458172,306892,1726050,132682,249834,675293,3631005
1921,1,2022,5,706457,367589,132305,1741810,100196,350114,654114,2218575
1922,3,2025,9,989517,116030,103928,575127,281442,114260,1941200,1071791
1923,5,2022,4,212615,243997,251663,1062158,150459,177863,586780,1825166
1924,2,2023,10,746300,408466,336763,1176623,216079,163991,1397633,4167562
1925,5,2023,1,338132,88122,349793,629877,269363,243856,1435559,4803337
1926,5,2021,10,273750,197992,257059,1033659,282302,208441,502458,2824619
1927,1,2021,6,513879,307727,331919,1145426,140596,327191,728955,4462697
1928,1,2024,12,652130,135566,130523,2352300,98671,248009,659676,1086020
1929,3,2022,4,180282,420876,182634,1591174,285460,357803,711375,4977092
1930,5,2021,1,439969,372191,285534,1379312,125826,276696,1344321,1734427
1931,5,2021,3,293550,54448,104992,895626,144536,206232,473255,1325239
1932,4,2024,5,729383,397880,128019,1483204,122491,327833,1562658,4993245
1933,2,2021,4,723779,147086,373028,681018,172689,283407,961649,2743915
1934,3,2023,12,481930,458515,298499,2660815,123032,209020,1807968,2882950
1935,1,2021,5,207779,262551,291746,1079951,262453,120936,677995,2002454
1936,3,2021,6,631677,59554,97718,2006046,82865,308263,1467270,3150978
1937,2,2022,7,378209,461366,82229,2494706,249543,347437,1128637,3425933
1938,4,2025,3,356658,339570,330422,1736390,69584,178831,1906047,1290650
1939,1,2025,4,931720,184294,257536,2060048,103087,195524,752893,3606175
1940,4,2021,3,120821,319632,230780,2901648,131260,241472,522157,1872598
1941,5,2024,3,676169,338866,235465,559917,167585,228392,1604693,2529463
1942,2,2021,3,291387,154952,395521,1558247,286365,117273,1342124,1751472
1943,4,2022,8,133235,210265,214885,370668,56459,295330,378066,3215582
1944,2,2022,9,168312,366656,64751,1990862,85399,98151,1748914,1260553
1945,4,2022,8,807456,376912,299557,1423520,113400,84590,1623049,1819906
1946,1,2022,6,435884,95127,218882,2438850,101839,99262,1378898,3726284
1947,1,2025,4,828445,218357,197468,1044469,51089,252679,1921525,591362
1948,4,2023,10,553289,391484,305269,2495472,191631,73845,1224429,1940428
1949,2,2022,11,357823,134517,153096,2227863,198607,351776,800261,4819753
1950,1,2021,9,211936,106421,146706,1466264,260179,315639,1149232,1111794
1951,4,2021,6,920267,482009,225269,1899910,273343,177528,1291538,758666
1952,1,2024,6,941904,217066,83955,2048815,272016,261788,1225279,2354301
1953,1,2025,10,542351,326147,133607,800551,76351,377357,1855959,3024792
1954,1,2024,7,734110,137814,318058,667764,229438,393977,1297451,2182747
1955,4,2022,5,101928,58587,203863,1561557,212493,295148,1683380,1589465
1956,1,2025,3,207106,56255,305492,1077505,143615,294697,219267,4070537
1957,2,2023,12,213911,76245,200648,1673150,104559,259268,634588,3128950
1958,2,2022,8,404753,271665,331303,2323125,153011,224327,783841,3402232
1959,3,2021,2,120810,463216,310756,416431,167302,182423,841656,2105603
1960,2,2022,2,452137,113445,278802,741789,162365,185176,480176,4008836
1961,4,2022,4,898755,53838,151005,482331,127347,86468,1572705,2692124
1962,3,2025,1,105260,411631,78738,2909758,109475,97602,1239021,3880682
1963,5,2022,10,389790,256857,289174,2855378,168327,119415,1168512,2917201
1964,3,2022,4,133579,380562,149421,2908230,92539,241868,659475,2453698
1965,4,2024,4,680579,400877,339259,2350301,275763,223929,1276041,784431
1966,3,2025,9,366894,227930,338767,456547,293466,139158,1103560,3048969
1967,2,2024,1,788091,203252,341569,984508,142835,166561,437779,897859
1968,3,2024,4,918860,473765,94899,2740108,238319,72496,1026686,1887238
1969,4,2022,8,956299,387608,232752,1440823,212751,302593,1715559,4580110
1970,5,2025,8,769079,432792,100775,1004366,92128,316952,1420115,2090289
1971,1,2024,7,885606,343899,199903,1782537,275759,356186,1985942,2265774
1972,1,2025,8,716616,198284,247239,1200521,248953,159430,226769,935231
1973,4,2023,2,470323,111128,203567,1593179,256747,328198,1138612,1262737
1974,5,2024,11,622092,363765,381691,1467055,78846,70304,1791750,4037945
1975,4,2025,1,383223,270523,140373,772849,57125,338890,269683,2555495
1976,4,2024,4,925203,294741,384364,1365363,139889,319462,1220667,4915274
1977,1,2023,10,471146,242730,305361,2879908,138262,296571,1153988,2089283
1978,1,2024,5,836456,469897,84558,1891044,53778,201921,340278,4705599
1979,4,2025,3,491876,214256,141639,2260111,209662,120440,1870224,3377573
1980,5,2025,3,825381,69098,315173,2817760,267062,249524,1207523,766401
1981,1,2023,1,423909,282349,325551,2542372,284961,148228,295436,1335042
1982,3,2023,7,368095,168571,209895,2180464,207237,213737,993115,2418288
1983,1,2025,5,956169,371825,51925,2640144,102460,377868,882512,1298015
1984,4,2025,6,371693,315003,249929,1481306,152722,133716,1093533,4268621
1985,2,2025,4,322027,201640,383714,2525457,138661,171198,963366,2395395
1986,2,2024,12,244697,265632,96582,1982007,173244,54303,590604,1542329
1987,1,2025,3,350326,78201,115386,522080,144255,84586,611760,549012
1988,2,2022,7,990277,98500,281393,1152129,280606,147193,945331,3345470
1989,1,2025,3,423151,355476,118716,1310480,257124,380854,1760155,2528333
1990,4,2024,8,588771,383243,208467,2843309,161156,344385,395596,707685
1991,2,2021,3,140957,278068,351239,2105472,61375,222982,265677,4103630
1992,2,2021,3,815537,117494,138558,1859885,132379,338124,734317,2797180
1993,4,2021,7,224852,361142,301415,1023375,130310,358399,1957301,3620980
1994,1,2023,3,355086,315657,212324,1293638,279011,223181,686939,4441929
1995,5,2022,5,830960,383346,232372,1724155,284891,357366,424269,4658659
1996,2,2022,9,752390,305114,198699,481541,278058,296153,311178,4001235
1997,5,2024,1,864773,274761,244855,475818,231362,59689,311456,1313929
1998,5,2021,7,226643,471518,301829,1639952,126652,359641,1487312,4617215
1999,5,2025,2,308296,345612,62388,1965599,141228,211222,1522893,3509495
2000,2,2023,3,538616,81360,297695,2655965,97758,200491,1818533,852272
2001,1,2025,5,204636,377080,330539,2584484,187665,323655,793889,1988106
2002,5,2025,3,815064,480667,225377,2005284,62416,84788,1222422,2112477
2003,1,2024,8,690330,394799,135971,2628111,99917,189286,231469,4056290
2004,2,2022,4,223503,179605,122013,737232,58482,213720,1895762,1921281
2005,1,2024,5,497722,178017,190668,384348,125208,361633,510912,3939956
2006,2,2025,4,116768,383525,290313,1469875,165583,284730,1557391,3019553
2007,4,2022,6,928033,213769,56860,1990782,215165,260402,580964,2103743
2008,5,2023,2,690956,340936,199533,1170353,149444,386572,653920,4112138
2009,2,2023,12,489919,442580,223906,2775522,108869,343778,882123,4644256
2010,4,2022,11,652957,466496,186274,1982372,105115,230817,766257,3589875
2011,2,2021,10,356983,312772,235666,2279277,204524,386270,339414,4970311
2012,4,2022,2,657277,157732,258367,1075259,240182,336343,496625,810318
2013,4,2023,12,803237,92633,388446,2212093,284297,131922,1973565,938276
2014,4,2025,1,261244,77726,167604,1760552,172916,74592,798718,3704196
2015,2,2025,9,370193,189293,381456,732519,103839,386951,654018,4451583
2016,3,2023,4,227134,463022,161838,401383,155224,187303,858735,3725849
2017,3,2024,6,372997,398888,346173,1156214,121481,204339,381519,4453121
2018,2,2024,10,173762,235867,270722,695465,75087,123452,521457,2469738
2019,3,2025,7,257682,467825,84777,883755,99018,58572,799215,4764664
2020,4,2023,8,121720,379178,199344,875402,123221,348449,495935,1866912
2021,3,2022,1,468333,204392,305363,2260395,212770,93814,1129019,2941928
2022,5,2024,6,378270,83435,136032,2357136,288430,211414,594667,2143110
2023,5,2024,5,290877,167898,194933,2775605,190121,317930,1692536,3703568
2024,1,2025,5,613516,377044,396574,1498233,281417,373659,1771935,1725259
2025,2,2021,8,557164,327320,186221,1807477,277557,381590,1197736,1864050
2026,4,2025,10,602946,112143,79468,1787679,119956,62645,211620,2688607
2027,4,2021,7,497557,394896,399720,2885265,86236,330812,1658467,1442642
2028,4,2024,3,570618,352426,333500,1415697,151068,173118,1092434,3697842
2029,3,2025,10,793729,489289,393421,848743,83453,239399,1633268,3269562
2030,2,2021,2,310478,404069,110950,1136107,288630,176347,465454,1896445
2031,4,2022,5,133925,205169,152406,940480,130042,312492,1508615,2808533
2032,5,2023,5,302347,382164,251701,1150393,104283,215154,1388297,4206432
2033,1,2023,4,948574,476701,356176,2350244,253019,106107,1807069,3710915
2034,5,2025,8,684634,125167,219538,392641,170277,155112,1923746,2152129
2035,4,2024,12,522194,95860,173292,2401647,175705,204690,991067,3437652
2036,3,2023,4,413686,240061,273824,2398718,74266,263086,797825,2026974
2037,1,2022,2,533513,192132,226256,1047710,263661,136871,1406938,4593592
2038,2,2021,1,932907,136018,220376,1474207,97725,170283,1478288,4493234
2039,5,2024,9,517710,165083,342587,1357036,239945,289822,1481042,3163674
2040,4,2022,8,628988,192948,346122,576035,190160,230081,1967640,731521
2041,3,2024,7,588352,162778,357574,1279094,199313,287879,1083645,1245822
2042,2,2024,2,802927,79873,300445,395904,160148,217824,873132,2065314
2043,3,2024,11,865820,124314,387133,1879658,172335,80192,1610388,2838740
2044,3,2023,5,337530,334118,340062,442165,296342,201833,1004952,1290395
2045,4,2022,12,395980,86652,296460,1015292,176622,126480,279441,2078491
2046,1,2021,4,792539,299630,369942,1130566,64687,364130,731452,2497029
2047,1,2022,3,259926,348262,357943,2291310,81698,257594,1404983,2215699
2048,1,2022,11,393015,134029,74867,2666891,213672,148681,572220,4563098
2049,5,2025,8,775549,444178,189112,1448572,278387,222387,1970753,3366470
2050,5,2023,10,603709,78983,392042,593734,223867,195478,1344649,1311819
2051,4,2023,8,898311,196449,90644,1747342,242518,274848,776602,4648463
2052,1,2023,2,533133,448183,250755,1274105,263411,137660,1591855,3557518
2053,1,2025,9,511968,472924,247154,2245981,238227,250071,1367075,1710873
2054,5,2022,8,759256,61806,126654,2623214,156279,398332,1920912,3525201
2055,2,2022,2,299276,255287,337016,1785991,109193,333860,563128,1453048
2056,4,2025,8,462262,130281,129174,806469,83647,137415,506076,509200
2057,5,2024,12,960333,273150,193994,387430,123952,254737,526104,3513356
2058,1,2024,3,930994,77327,114005,833697,76391,226359,1969516,1621871
2059,2,2022,10,274506,55993,159514,1369827,55022,395203,989546,1312788
2060,2,2024,6,705103,402308,392841,1808949,270752,332467,1560554,4817943
2061,2,2022,10,440688,285380,106652,1074608,254927,329446,1468722,4127845
2062,3,2021,8,118651,203892,81869,1738689,68777,371800,1464132,3048552
2063,5,2021,12,643655,286464,261345,1405841,93265,185218,1413607,3302991
2064,1,2022,8,735728,313958,274904,2857320,206091,169070,598564,2294708
2065,4,2025,9,718568,490120,63604,1665258,155341,289540,1327231,2971356
2066,2,2024,3,778971,300667,146774,317322,274830,359934,472060,3472063
2067,5,2022,10,177758,425380,233547,1951173,113213,389405,928759,2069866
2068,1,2022,10,388535,319368,229571,458927,77351,287910,757388,4284259
2069,1,2022,1,842443,244861,138009,758526,261723,269976,609463,4018283
2070,2,2022,5,195787,487791,313322,2566135,298854,114196,230822,1907248
2071,2,2024,9,618982,206930,295796,2504000,277693,320139,1019802,733737
2072,2,2023,10,383199,97796,255951,2000360,210759,324468,241423,3288474
2073,2,2023,5,580415,308878,121947,2405369,55990,223953,531966,525025
2074,5,2025,5,425332,312578,314340,1829689,94256,172922,711139,4880067
2075,4,2025,4,709201,186357,360412,376039,297537,268985,1025229,1754293
2076,5,2023,12,686174,370858,230573,1607064,110164,63501,902797,3233153
2077,4,2021,6,297050,211427,55085,1908341,169155,241226,733465,4111061
2078,5,2025,8,687665,388232,271004,2524154,84437,155758,360347,4938899
2079,1,2022,2,188828,211258,145993,726512,253304,278575,398769,1014064
2080,2,2022,3,519499,295814,77077,2407038,152169,199904,821706,783883
2081,1,2024,12,599602,142167,344850,2836516,275142,211463,1990560,1717356
2082,2,2022,11,488708,201853,203093,825308,237466,146995,930500,501048
2083,1,2023,2,683743,254685,181699,1299903,268494,215649,1925278,1721563
2084,5,2024,3,889448,146101,166211,2140041,243089,88485,512058,532694
2085,4,2022,12,399193,452333,139271,1853216,150252,237734,1060269,3850674
2086,3,2021,7,639530,416118,385996,1068332,166625,340752,505181,1488806
2087,2,2023,9,770645,174754,73231,1183064,191440,263853,815884,1481877
2088,3,2022,5,517706,449601,231264,430779,263369,363798,694578,3445272
2089,2,2022,7,104863,54229,174445,952248,130604,386852,1815749,2987423
2090,4,2023,9,658648,350713,76994,1311328,145632,273657,1747237,1318482
2091,5,2024,3,947180,384106,327305,1586299,123620,363892,747994,1256313
2092,5,2024,8,107191,428750,138245,2763451,238542,256984,696662,1584154
2093,1,2023,3,892297,389247,182229,305402,132034,259233,655143,3550990
2094,4,2023,11,247042,98614,336582,1299606,264860,296246,1404296,2676908
2095,4,2024,12,140415,358414,64106,481045,119511,154307,1320970,3763138
2096,2,2023,2,810839,436731,120187,490718,50043,248404,1647880,3641483
2097,5,2022,11,224177,368975,293900,2962266,284285,139558,1817944,3145245
2098,5,2025,9,533524,382655,76662,2374136,88416,324453,581268,1988285
2099,4,2023,9,896226,365182,63854,2912069,280351,274780,1037788,3511336
2100,2,2023,2,219643,416387,378290,2556990,67893,390765,234705,2770021
2101,5,2022,5,851310,301388,125512,2580250,203189,325314,1418295,2404706
2102,4,2025,8,589728,386220,172660,2615031,140755,296028,1397687,2612387
2103,2,2024,8,784341,425988,223910,1810692,197371,252590,613757,3617972
2104,4,2023,8,337272,434553,231433,574775,174791,77775,987501,861785
2105,2,2021,1,889469,417850,264742,1862050,87954,343167,1749279,3258325
2106,2,2022,3,737374,383472,198543,558809,195173,391320,457236,3585236
2107,5,2021,11,682605,54669,216086,665852,116747,52683,1154258,2666981
2108,5,2025,5,624730,327369,378810,2125297,66118,328370,1998959,1103804
2109,2,2021,1,216742,344315,197158,704344,143951,369334,1540229,1683468
2110,3,2022,6,754764,477320,264516,2857181,74383,291211,228340,2002502
2111,1,2022,9,210222,421060,296635,2345081,162728,170886,1297199,1966644
2112,2,2025,9,361029,416946,234194,308315,174217,213300,234417,4720490
2113,4,2025,11,381696,346126,125348,1220461,123975,386357,1721329,2188525
2114,1,2024,8,150333,494101,271479,2145767,117880,289913,1314118,3731089
2115,5,2023,2,697838,76859,175234,940086,248898,262353,566990,4752622
2116,4,2022,11,892794,66699,185263,903972,256020,161067,1617462,3940999
2117,2,2023,11,458109,490961,83855,1006287,156703,358618,1691532,4677670
2118,5,2022,5,805109,176624,202365,1967550,267276,338013,873173,786069
2119,1,2024,4,587589,313752,111062,678297,51689,145854,1673958,3905904
2120,4,2024,8,433508,351307,202161,2467385,68605,174680,1434348,4580781
2121,5,2021,2,570045,151288,329789,985662,130708,273510,300848,4996348
2122,1,2025,5,386491,187869,360750,1913237,190610,95406,1418253,1453550
2123,4,2022,6,784850,226187,88496,833065,202129,198725,1525391,1569426
2124,1,2021,8,171869,59541,130807,1818123,274024,210437,1798370,3556145
2125,2,2023,3,874457,473256,126278,740019,277418,83432,1904085,1215763
2126,2,2022,9,382862,423558,226927,1365018,250762,165529,1281739,1667853
2127,4,2024,12,570451,363234,359278,798220,274059,394268,359787,3338564
2128,5,2025,1,530793,497192,298179,806421,90066,84317,1704895,1769934
2129,3,2021,6,241042,214763,259191,941744,60577,366528,1273906,4146783
2130,5,2021,4,932176,389494,74599,498436,196401,292277,476772,678676
2131,3,2024,2,793424,497697,253789,1312576,53099,378223,1062228,4794342
2132,2,2021,12,615760,136553,287748,1092004,86157,151344,799414,1486402
2133,1,2024,11,303819,168552,120836,1110097,268601,307606,1244930,2509637
2134,2,2021,8,730837,478208,371232,668364,133074,216130,1332192,4450338
2135,1,2024,1,688560,297228,116017,1605232,256910,176919,608634,4906760
2136,5,2021,7,762650,459144,387601,2792034,60806,344914,1048802,1011179
2137,3,2025,5,280658,341687,355170,744318,184327,341447,1228234,598853
2138,1,2022,3,340914,246968,91276,2883514,80738,381965,642611,3566245
2139,3,2021,5,138380,430325,224542,2218297,181650,211523,1829288,550503
2140,4,2024,4,762690,147434,79593,730848,252366,73159,393117,3524889
2141,2,2022,8,988936,208513,225279,1818272,109453,174893,961351,1700347
2142,3,2023,1,605784,202719,230552,1939368,173760,197108,1591265,2775254
2143,1,2023,11,970075,257784,161961,2887439,62084,353471,490483,3627955
2144,1,2022,4,120643,130621,208421,2142259,82558,212889,569164,1849123
2145,2,2024,8,938064,433841,214510,2304256,267372,271495,1854002,2635787
2146,5,2025,12,902852,381023,50865,2102973,196234,57894,1805479,4143124
2147,1,2025,6,745816,129040,320400,2256187,110041,312120,1809543,2283340
2148,3,2023,1,210174,262983,370359,1351754,135249,153091,570717,1492790
2149,2,2022,3,584364,237944,178554,2435342,63370,263429,1575347,2060839
2150,5,2025,12,844802,340468,111759,1726336,79563,320247,951944,3768719
2151,2,2024,11,891246,197546,240032,1834348,272703,184356,1801171,3952232
2152,4,2022,2,149516,182210,395109,750750,199022,194723,1151403,2052783
2153,1,2024,8,383354,62990,339392,2220840,59901,284477,1725845,3962067
2154,3,2025,3,917105,379508,141150,348319,162490,105867,1156578,3572599
2155,4,2021,8,927827,416113,56430,1404993,223867,299989,1995602,3738027
2156,2,2024,12,711866,479752,274434,1335624,69979,326393,989030,1966913
2157,2,2023,8,375817,230381,362512,2053725,104068,280252,1590039,1921789
2158,1,2021,5,495535,415620,254794,2022764,227711,310054,540138,3334386
2159,3,2025,8,844830,97616,369512,1073192,257835,110558,375913,1667458
2160,1,2023,11,163365,68520,66711,2523953,123609,55031,685709,1017449
2161,3,2024,8,202090,207235,270216,1981482,81214,332082,1880045,852510
2162,5,2024,1,420583,223162,238172,1707353,298847,154123,391798,4436185
2163,5,2022,6,760222,374187,104206,2332664,131294,228654,1998014,3368274
2164,3,2021,4,264780,194188,86296,2724821,195607,304423,212949,3036849
2165,4,2025,3,920323,366845,217536,484580,117174,254390,660044,1263627
2166,3,2021,1,199264,226832,75714,1483608,277767,353064,667203,2856350
2167,4,2021,3,102078,269258,215659,382064,87002,185858,1945069,4922616
2168,2,2022,4,667200,187402,165070,2453455,150816,269478,879518,961378
2169,2,2023,3,862819,493308,337597,1918532,125230,218506,1233778,703534
2170,2,2024,8,759235,250487,262784,1618730,103578,111492,1165258,693289
2171,4,2024,10,348250,113295,369091,2805521,230679,288147,1384043,2411344
2172,4,2021,4,103828,468534,217715,2255390,57861,75078,1036378,2140547
2173,3,2024,12,301877,467442,168984,1058082,64756,156618,1345128,2253011
2174,4,2022,8,843049,70972,262998,325634,295506,330778,504325,1901531
2175,3,2025,11,151542,137106,347951,1821047,50150,266289,955171,3670791
2176,4,2025,8,588722,437013,312393,1161410,295912,396238,1346118,4773576
2177,4,2021,7,163413,316669,182929,856892,141545,329841,739442,4367785
2178,2,2024,7,397298,95843,341285,1141337,182344,360217,1723961,1670576
2179,5,2022,5,995144,77556,51222,2374661,184651,73030,1035560,3065276
2180,2,2025,2,884101,310992,72928,1182148,264558,197063,631741,2009640
2181,5,2022,6,517861,236134,110918,1860532,86125,206204,481014,1825744
2182,2,2021,11,907595,139435,71039,1306507,132806,103072,566264,2893445
2183,1,2021,3,187186,245386,195370,794955,127724,206348,1092181,3815984
2184,2,2022,11,564685,175130,187361,541996,196394,191414,248639,1663661
2185,2,2022,7,238440,419870,230127,430997,147746,154015,1412481,3349123
2186,3,2025,8,497789,434406,149767,374970,201450,182079,1824178,2924898
2187,3,2025,1,173019,86841,186237,629256,52679,319343,1045970,1120531
2188,5,2023,1,715818,397257,55058,854357,111535,247791,1340909,4030725
2189,4,2024,2,822993,210417,210970,2032638,57709,274124,1270874,1188706
2190,5,2022,7,747973,162858,388564,2080014,232929,226324,335645,2047467
2191,4,2023,9,660419,253518,79586,2312482,102516,300170,1910738,2190156
2192,5,2021,2,438219,76400,359036,549563,58942,141354,1655744,3331023
2193,3,2021,4,148211,174865,181572,2610034,298048,394236,497988,4991037
2194,2,2025,9,213465,77231,299674,1969439,268031,105260,743199,3521689
2195,5,2022,1,539491,175668,119150,394125,119042,52695,1132781,2620192
2196,1,2021,6,327021,361861,200699,999246,267149,128280,1476318,4538103
2197,5,2023,5,992144,242314,229802,1484460,218521,179375,1356060,3891524
2198,3,2022,2,608957,363326,222726,1505286,156622,125697,540480,3434265
2199,4,2025,11,311081,346339,248460,937237,160155,151405,1007867,4409295
2200,3,2025,10,862395,391995,272615,1813058,146749,367986,229446,4519483
2201,1,2021,9,540101,264639,306264,1358774,216992,332247,1133980,1041058
2202,2,2024,3,321707,307346,242412,2965530,146502,231864,1312355,2907090
2203,5,2024,7,367122,452683,246253,1537641,198543,343491,1150642,1139787
2204,1,2024,5,990679,180518,256848,2284998,267261,218134,1893616,1816489
2205,3,2025,8,457796,486611,105825,2601837,80601,323359,378160,3257482
2206,3,2023,6,257584,298250,364930,1494370,152293,159079,226155,4725757
2207,3,2023,4,558730,116980,288323,1056433,259838,310889,1495477,3196937
2208,1,2023,2,871480,486891,156509,2149650,169682,93904,529483,901879
2209,2,2022,8,281331,327287,172197,2843436,71697,262690,912439,1518461
2210,1,2023,1,326932,162481,85775,2957915,127998,69252,885133,3465807
2211,2,2025,4,199924,407615,236594,2938349,175744,85093,794583,3326320
2212,1,2023,12,471218,413343,112840,704083,142180,57006,374431,819663
2213,4,2024,12,716477,283074,263132,1705635,211033,215525,976866,3828419
2214,1,2024,10,274015,172869,309448,313773,209478,129492,430638,1745145
2215,5,2021,1,822711,433077,382143,644853,80292,182880,438430,1188529
2216,5,2023,11,728335,222871,216661,891034,252050,382645,1084922,1971326
2217,5,2022,6,360185,169926,154085,2093312,220119,305273,474228,3629090
2218,3,2021,4,861122,63416,276170,690791,251128,106621,1956294,587888
2219,1,2023,5,242367,183943,285531,692728,54567,282558,1415522,4571341
2220,1,2025,10,219137,100609,155115,1952444,287334,293645,1792565,2228205
2221,5,2022,8,785839,331581,172346,2108713,265586,63885,721308,4404668
2222,1,2025,8,588408,196400,237982,874346,144799,356968,1544584,3186245
2223,1,2025,3,170541,85379,259641,1656013,202204,384904,1472103,718885
2224,4,2022,12,187396,97340,125522,1486766,155689,300364,206240,2748053
2225,2,2025,2,912593,431483,231219,2693821,203095,302504,1397022,4607663
2226,2,2021,8,326278,491134,53023,1617373,272831,388287,1575208,548354
2227,5,2024,5,609012,401764,125983,1294417,77132,135384,373508,3356772
2228,3,2024,5,366372,104687,191683,2937825,186523,249859,1658130,2765910
2229,3,2023,5,360036,374493,391536,2241516,296087,256001,201100,2663656
2230,3,2023,11,512917,232832,202585,785956,117925,319568,316057,4122183
2231,2,2024,3,645177,294531,309128,1295686,153081,338479,1226584,4899993
2232,4,2021,10,488937,434869,107774,1740390,234054,346838,1510986,4095827
2233,5,2024,1,217691,421374,83251,1332280,259575,65548,1246816,1731738
2234,5,2023,5,720399,320320,236449,2656948,107202,389284,751445,1882965
2235,3,2023,3,429962,304401,204771,2049929,251212,160799,268494,3828738
2236,4,2025,2,178717,105205,118341,366271,192797,254747,1893599,3905196
2237,3,2025,5,727851,140926,244693,1363606,50842,293101,352559,4221774
2238,3,2021,10,262977,333495,205676,937739,187466,108204,1757882,3248741
2239,3,2022,11,373349,170724,86644,2076219,294445,314812,307706,2490378
2240,2,2022,12,653747,306048,296178,1111215,68311,183081,276574,2387721
2241,1,2023,10,937184,128131,257661,2937011,157802,271938,1896516,4579140
2242,3,2022,12,967477,177297,234900,467360,58695,237624,1107293,750931
2243,1,2023,7,747432,249991,248404,1993159,213165,367787,461872,2185498
2244,3,2022,7,353526,181102,197076,2184669,184909,348701,745875,3162725
2245,3,2021,1,561029,323506,85614,2581156,168112,93212,1942029,4141591
2246,3,2024,4,799342,275366,53556,2016935,168421,306542,1958881,4837454
2247,5,2023,9,639058,399655,354438,2770113,286457,146931,1881057,555181
2248,3,2024,9,700732,388069,288969,2424921,285682,210795,1047428,1252506
2249,2,2024,9,234198,62254,95876,762993,149041,126256,663151,1073665
2250,4,2022,3,644480,326450,99931,415716,63873,336108,746159,4674897
2251,5,2024,2,582250,354066,273869,747315,98081,258772,1357506,2521165
2252,1,2021,12,373158,474079,53434,2940381,291748,247896,1221184,4485572
2253,3,2023,12,914793,121240,232068,435595,65758,108883,1458851,2109794
2254,1,2023,8,397815,359493,77902,1223777,274008,142339,771898,3481759
2255,5,2024,11,393218,85323,112930,2203684,276141,356301,577880,660408
2256,4,2022,8,711343,191266,237757,620143,250022,345439,977213,3565845
2257,4,2022,7,573868,204436,218544,2342141,135903,195688,1650274,4725848
2258,3,2023,3,566567,51423,225023,384955,259283,302084,1422540,2496162
2259,2,2024,8,707921,357674,356471,2880994,274987,255388,650851,4316671
2260,3,2024,1,686239,498808,185063,1438202,299561,315835,1406769,1642914
2261,1,2025,5,992185,155125,56401,2109281,144314,391472,1074340,532516
2262,3,2022,1,577042,205232,332572,960125,188219,85278,811727,823205
2263,1,2024,4,310138,85431,150431,316759,112151,94168,906895,1662302
2264,2,2022,3,845000,273020,108827,1011272,182133,381358,1977721,1670828
2265,4,2024,12,569631,119304,334765,1994477,155193,264246,1800051,2515504
2266,3,2022,9,327147,312096,236131,975150,227493,138387,1703336,2264241
2267,1,2025,6,508817,316741,374888,2114045,275078,367434,1661218,1718563
2268,1,2025,7,154712,196207,154848,2653147,229905,147007,1579659,2363323
2269,5,2023,5,783486,330583,265056,2088129,255902,161456,1407362,4903383
2270,1,2025,3,903804,189078,91964,354633,175509,58422,751186,3316142
2271,5,2022,5,395511,444479,186801,1041375,276602,110958,1257246,3599093
2272,2,2025,4,656361,211053,386833,1762871,221488,210566,1310459,540890
2273,1,2024,6,477706,196773,327136,1536840,58156,276461,1915312,3747778
2274,3,2021,10,945877,486981,382786,596213,274576,115927,964676,4050388
2275,1,2023,8,168886,280948,366127,2496556,156293,61791,212367,1644953
2276,5,2023,6,762569,378154,376098,1772594,59646,183552,1443176,2043084
2277,2,2023,11,312480,178532,165602,2615852,221274,334594,1465650,3500177
2278,4,2021,1,931017,117045,187156,620227,221084,387121,454988,686473
2279,1,2022,12,442347,207306,353371,2114903,120984,85245,532709,4424721
2280,3,2025,5,156209,144267,220655,2499336,63353,297407,937074,2826015
2281,3,2025,3,525640,146359,241721,519913,231002,133330,801140,1783795
2282,1,2022,4,928679,371402,131670,2997535,152743,240378,635144,1069596
2283,5,2025,1,466594,468447,57887,1417332,128767,139244,968754,2359997
2284,1,2021,5,615425,255282,333144,1908804,115269,102720,1917403,1088935
2285,2,2023,7,896008,367590,222227,1152819,182510,304871,317835,3691783
2286,5,2022,9,992131,285117,147035,1131270,151697,131019,944709,3866283
2287,2,2022,2,157392,412069,191970,585117,83747,68171,732549,1926206
2288,5,2021,12,488087,175267,54381,1741599,72220,383243,855043,3649922
2289,1,2022,5,808736,138148,110749,853458,170583,304073,202428,844358
2290,4,2024,1,685197,210857,296515,2326318,73607,81680,1074743,679803
2291,4,2022,10,854859,454967,182408,1476948,82615,132802,990093,4610483
2292,3,2023,1,175452,82006,88423,1093139,92163,151690,1298654,4198291
2293,1,2021,4,303294,181655,186092,1137289,190788,321199,1077215,2598810
2294,3,2025,10,584577,441557,327058,533808,80253,88636,1772771,1470780
2295,3,2022,2,853429,499083,383144,1032228,234061,223841,1383274,2203509
2296,4,2022,3,818338,372766,320584,527779,246369,310514,1905899,1791378
2297,5,2021,6,677593,266927,146164,316212,151504,261225,1011125,4414688
2298,2,2023,11,121652,197600,181237,1001728,280079,77355,1103124,923419
2299,2,2024,3,209040,243574,391469,1877440,125728,390748,749673,1741542
2300,2,2023,11,541370,467111,336765,1385388,188446,107634,1034633,1284543
2301,5,2023,2,276301,236784,73189,578383,188586,103134,505637,1675206
2302,5,2023,6,325130,360587,104039,764990,75405,263282,505092,2764907
2303,5,2025,8,579744,367220,240584,933961,124661,159739,1983223,1013800
2304,3,2022,10,302881,55788,166687,2651898,64639,335825,240036,3404502
2305,1,2023,11,288677,391779,113243,1980153,106220,227010,682443,2385717
2306,3,2022,9,283390,310847,378135,741129,150445,338867,1240965,1080176
2307,3,2021,1,170025,352503,378604,2838578,290228,273471,452411,3556447
2308,1,2022,6,246504,168710,221534,1486960,221475,90694,1572443,1429781
2309,3,2022,3,317558,384884,261622,368507,177037,153194,651205,809310
2310,1,2021,7,873122,477418,234205,2044990,64320,273054,1036537,1975874
2311,5,2021,3,174691,488012,252999,366742,208289,232625,239939,1591010
2312,2,2021,7,133816,330062,330965,895173,274350,285163,1407132,2336898
2313,3,2023,7,147960,63724,293185,450528,108962,309658,1532399,1097231
2314,3,2021,7,793359,452517,265836,2784473,163335,311821,302232,1541139
2315,5,2023,3,336444,414882,112047,1890381,231719,255359,734795,3906456
2316,1,2022,9,425779,451022,142254,1152076,298785,268518,1916993,1036669
2317,1,2024,7,742245,119195,310500,1595392,72696,108906,1606631,3668349
2318,4,2022,12,385987,458830,373521,1466157,209306,358467,828459,2139760
2319,3,2021,11,156765,313737,206678,781530,182499,163744,1666558,2973398
2320,1,2021,11,946625,280340,182755,2912606,222286,75746,540302,3934539
2321,2,2025,2,767554,200243,76008,2919055,278755,258622,692247,1891654
2322,5,2024,1,339070,159557,214074,634781,253951,183525,1904848,4685078
2323,3,2023,6,523660,199964,146455,818813,263467,324671,577253,2620604
2324,4,2025,5,848647,125240,138576,993557,114780,198612,1531540,2511467
2325,5,2021,11,763760,410097,221829,1672158,113973,194701,596900,2329531
2326,4,2023,5,131961,75252,170590,844642,224308,180491,1740152,2026238
2327,2,2022,8,300615,193219,393204,1317405,245489,382657,1938627,3541007
2328,2,2022,9,399843,66546,352810,2081342,262784,213262,1112827,3119640
2329,4,2022,12,622221,370162,92186,1350272,152507,346633,871546,3074411
2330,2,2022,11,485578,439657,287673,579697,271151,283905,960122,4533135
2331,2,2022,2,503401,469027,63217,535062,139752,265028,721343,802442
2332,5,2021,11,119693,262567,315962,490593,97980,143417,805111,563999
2333,4,2021,7,207180,480574,138052,308474,230944,220532,1296784,4210673
2334,4,2022,6,100350,126662,90054,2785911,92027,328231,1868134,2367230
2335,3,2025,11,228707,356814,381619,2633046,187356,150287,1351581,2308785
2336,3,2023,9,798096,178697,293695,1566796,208400,285578,1509601,1008190
2337,4,2024,6,711095,119906,197529,2453262,88486,117878,1588708,2143506
2338,1,2021,9,653180,98064,225993,1115213,189971,254772,765449,4899835
2339,1,2021,12,146658,191496,319368,1398096,53756,131279,1710959,4951791
2340,1,2024,11,330316,210017,67088,734147,230367,344489,475195,2862381
2341,4,2022,12,713213,439748,228034,2781466,180951,316470,782324,4211302
2342,1,2025,3,186655,482009,56012,914398,138084,367778,927490,3770833
2343,5,2024,4,267035,263362,194317,1504279,297231,388576,238442,659594
2344,2,2025,10,997738,415852,164911,705052,214413,107963,329827,3215656
2345,5,2023,7,256579,313483,206350,1727239,250552,194822,1003482,4344885
2346,1,2025,9,423592,157912,359873,2447965,128795,349456,359283,4192109
2347,3,2023,10,834208,257062,381765,1207340,175294,127475,1235949,1522955
2348,3,2025,10,367540,446455,319885,1157430,177741,243586,708386,4888887
2349,2,2025,5,429433,259928,357279,778647,208489,264357,593330,4604392
2350,3,2021,11,352352,198969,88141,1440319,237631,146817,1281301,4938806
2351,3,2022,4,784798,427255,357060,2590554,293001,384332,836971,2135303
2352,2,2022,11,651651,238341,379134,2015833,106803,384297,781373,4624471
2353,2,2021,11,514845,409692,330036,1850909,277547,122574,1197136,1362197
2354,4,2022,10,586385,160386,356407,448137,289381,387338,1836797,3910466
2355,4,2022,8,435776,67507,79829,2458692,118317,358344,1027862,3680056
2356,4,2023,2,153596,80059,193358,1428269,212588,238508,619532,3819345
2357,2,2023,4,301376,335315,287819,316685,179128,189678,1547184,654882
2358,1,2025,10,540602,289384,359000,2664670,265930,238345,1829405,3522567
2359,3,2025,3,325585,418655,54109,2565584,208847,149926,703346,720952
2360,3,2022,6,130237,300154,282845,1059910,188280,54048,881114,3999021
2361,2,2024,3,223994,365230,174779,2189110,109893,351379,862334,3343658
2362,3,2024,10,494328,400481,356001,2134499,120992,340413,640187,3468881
2363,5,2022,6,931972,497917,388835,1528484,186023,163599,286550,606668
2364,3,2022,9,971003,59889,169822,2345991,65452,346777,1613941,3655513
2365,5,2024,7,810219,341893,101144,2640496,147423,104266,1330603,4445717
2366,1,2025,11,479702,176531,204562,2128619,295189,306326,744032,1604141
2367,5,2021,6,330643,458755,276877,982200,278033,327275,1833901,1715016
2368,2,2023,1,617062,326281,69692,546015,197963,300348,1197053,2290094
2369,1,2025,1,639625,257892,101924,1679573,135492,128929,1438049,4216959
2370,1,2023,6,345306,229896,135067,1697411,123245,292726,414841,1566403
2371,1,2024,6,665911,488464,352189,814444,91045,382063,1131025,1968749
2372,4,2022,11,846242,452687,398275,685637,99084,363788,252211,3862844
2373,2,2023,10,189380,141852,319088,543118,57132,136146,773758,3682849
2374,4,2025,12,917782,341811,107455,2519059,164189,155394,310416,2185964
2375,5,2023,6,240302,300065,268929,2832069,249332,77809,1115618,4525579
2376,3,2022,12,673600,382658,330628,2966774,104776,145733,1010921,1145462
2377,3,2023,7,448980,123539,97181,2578679,204222,109660,1395932,4381011
2378,3,2021,5,678230,256501,75693,1308343,110204,261846,1965323,2312243
2379,5,2022,2,552598,224104,272902,934818,108493,173084,273598,2922936
2380,3,2022,3,624348,487108,55765,446581,120543,190638,1680570,2639384
2381,3,2021,10,376224,150286,104166,838289,68750,215049,854298,1965522
2382,5,2025,1,887052,166274,268126,2686903,155541,322731,363756,3890700
2383,5,2021,11,430558,188417,348260,2978972,87566,394161,1138837,1248139
2384,5,2021,7,678341,98620,180800,2528272,250682,378137,715169,3096494
2385,4,2022,2,468008,215783,284465,1610869,92455,197261,1612716,1842014
2386,5,2021,11,458145,435100,338002,2042302,244520,152584,1829332,3115166
2387,3,2021,2,437358,67845,395882,2750459,193882,305058,1994709,3133034
2388,4,2023,3,907870,316964,273655,2114639,216869,146878,623451,2469719
2389,2,2024,3,876055,220619,135384,1685339,137685,355310,1184390,3526433
2390,1,2025,2,949275,497602,323497,1070190,248258,101415,1798576,4545481
2391,2,2023,8,377089,367237,393929,449079,271579,374567,886432,3665919
2392,1,2022,1,271264,323018,69581,2613190,261174,267245,1703061,4507170
2393,3,2022,1,126257,64133,111074,1862729,283390,309028,891453,585082
2394,3,2023,8,255753,499214,145116,2998733,123141,397619,782413,4578727
2395,3,2025,6,996180,200067,390181,2487318,213182,229157,537551,4209404
2396,3,2023,1,963757,487734,267235,2262421,125492,63958,263259,2635068
2397,2,2023,1,992821,488973,204785,614942,129281,144183,1429232,4236268
2398,4,2025,8,920105,443295,76618,990024,216653,187662,419456,1500710
2399,3,2024,7,892967,461985,265598,1282805,85395,194354,254499,3440024
2400,1,2024,10,119568,371272,79800,1500408,170068,86236,962425,4136117
2401,5,2021,1,330244,135704,314783,2716912,182553,393133,471038,4988719
2402,4,2022,10,667675,212128,160402,2799301,118927,273669,1539012,950222
2403,5,2024,4,811527,438195,343685,999455,272971,373385,349410,2914682
2404,2,2025,10,730078,211364,321994,1874045,57782,315380,1248403,3545025
2405,5,2024,12,716963,301432,132139,1636824,57754,154379,315943,4751893
2406,3,2025,5,140721,157726,229535,1100992,202368,193005,337173,3021884
2407,1,2025,7,134343,188130,285617,2707755,266033,266792,455380,859618
2408,2,2021,10,475106,160549,360564,2252176,119174,113951,856307,2962267
2409,3,2023,3,673270,218134,148125,396484,217866,259924,1319203,3137782
2410,1,2022,6,127404,132890,108569,477153,276163,329892,1878358,1698615
2411,3,2021,12,700757,221140,53507,2155630,298523,262496,545862,1946195
2412,3,2021,3,432670,338091,299674,1384897,272008,377246,607783,4101472
2413,1,2025,11,431839,396593,225321,750253,123756,147398,1949217,1863197
2414,4,2021,1,997884,399063,93444,1174415,143020,117984,1374132,3010711
2415,4,2022,6,117097,233857,214269,2296329,185716,125244,1475844,1444399
2416,4,2022,11,176115,87335,297810,2416307,174761,275007,1392313,1855883
2417,4,2024,2,248682,495104,359096,1887957,184233,388700,1181333,2638654
2418,1,2024,7,553086,309823,83300,2599556,128303,340168,1098277,2014343
2419,4,2021,5,696210,423045,390083,1083875,213192,141136,747248,4244825
2420,2,2023,12,385051,444889,384698,992365,50840,63651,1068971,1200258
2421,1,2022,4,636547,359354,169308,1500622,137239,365030,1151565,4756363
2422,5,2021,10,629820,250184,125354,891017,135493,383999,1260849,3799295
2423,3,2025,6,493928,441052,59573,2521274,157729,391604,280764,2914135
2424,1,2022,7,318216,257660,100123,370644,136131,106414,583317,3787275
2425,4,2025,3,267043,168121,303630,2565862,79195,62292,621959,960488
2426,4,2023,11,442465,295929,160660,1177980,167514,113017,708485,3142085
2427,1,2021,6,820831,224627,130397,2706872,121236,280893,1019905,2610198
2428,5,2023,3,332530,94406,176277,327888,157055,253347,1557974,547570
2429,4,2025,5,457894,402085,54404,1637891,118439,285219,261511,3863761
2430,1,2025,8,690526,229664,335571,991664,115892,367859,1183672,3271372
2431,2,2022,7,742360,344525,310149,311968,65629,80075,1407104,688900
2432,4,2021,10,253156,152591,143552,2459231,175979,252248,1271708,2149868
2433,2,2021,1,409551,265850,206353,2731101,83231,259167,957663,1154063
2434,3,2023,2,272153,144684,51046,2473833,277692,59220,1179286,2517748
2435,4,2025,8,617326,267403,321117,1487699,253872,298843,1244140,3679338
2436,1,2024,12,155807,382991,380258,501742,59850,176312,1677434,666459
2437,5,2021,2,704426,108438,122760,1770568,157349,321258,786033,648165
2438,2,2024,9,275263,101567,388238,2893902,98710,102749,621549,3444647
2439,2,2023,7,217724,333257,385142,1871480,115028,209013,1023820,2837734
2440,4,2023,8,542985,159967,78649,707826,128289,110097,644299,3115461
2441,1,2021,7,383929,298320,375484,2960881,276862,205070,1743629,927903
2442,3,2022,4,431994,206933,253187,1635832,257648,54233,1142611,3743607
2443,2,2021,2,806767,318096,328783,680229,194539,345462,949679,4430771
2444,1,2025,8,612716,132714,166825,1250570,277699,262980,1000570,1326830
2445,3,2022,4,328307,370096,340208,2845972,216976,88457,1174685,4932378
2446,3,2025,2,567561,383951,315461,1805600,284232,75746,434690,3165742
2447,1,2024,4,877861,205944,57049,898900,205053,271435,304880,1732936
2448,5,2022,2,489452,455982,240848,1423537,287172,335442,1595289,4279507
2449,2,2024,10,479055,299954,383923,1985588,209999,346332,406357,2504683
2450,5,2023,11,293984,418261,329921,569098,261006,237367,1686244,807779
2451,3,2022,6,585276,149064,282157,1583947,70222,166507,1436600,2022948
2452,1,2021,8,666774,335509,309920,1890009,89689,277178,1371499,4784578
2453,4,2022,7,134451,473070,381658,2526292,190570,330030,1541967,4826613
2454,5,2023,3,671007,325524,235210,1557311,157215,190150,1107411,2413259
2455,3,2024,4,355509,97813,370089,2371384,128334,301343,724510,3806952
2456,4,2022,1,637413,198002,319657,1459437,93711,95144,313455,3335277
2457,5,2023,7,652994,242817,241648,1506709,163323,87383,1595176,4612567
2458,1,2021,3,134235,425089,327175,1803391,61366,361444,788547,781465
2459,3,2022,7,726004,174829,111975,307982,61156,77013,1041329,1760549
2460,2,2023,3,728650,238488,366997,1376717,186342,313733,1432527,3038477
2461,3,2024,2,531214,483524,98493,497393,271668,149177,326718,2541351
2462,5,2021,9,815861,451923,58775,2002722,245384,160480,465500,4603855
2463,4,2024,6,193701,243709,62012,2346537,258117,149865,1409137,1834535
2464,4,2022,2,678769,245413,189243,440901,111066,221280,1695609,4419759
2465,2,2024,1,910382,225099,316236,2290378,209896,126153,498234,4719476
2466,1,2024,8,505583,229054,51331,2470625,266949,275282,1824046,2242549
2467,1,2025,2,331933,69489,52682,2392264,249086,266080,1692336,2524255
2468,2,2025,11,797387,175255,268909,728266,294536,102280,1322812,4543394
2469,4,2021,10,579643,382404,288422,2786929,294606,156076,531033,1468458
2470,4,2024,5,639177,98652,273383,1601406,244475,278043,491629,4087860
2471,3,2025,4,776796,191915,268763,1781989,226300,377186,1291002,4622356
2472,2,2021,11,744129,280189,76821,998469,153468,356796,693429,2523657
2473,5,2024,1,303092,150268,127638,2840639,287400,342939,1758339,4017664
2474,4,2022,1,697090,80578,245875,2038744,284625,255697,1298607,1566161
2475,4,2025,7,450820,56904,226083,1196393,72236,195655,365292,4228635
2476,3,2021,12,371474,487575,392848,989942,165247,366593,1076788,3368876
2477,2,2024,4,556618,378598,303652,896312,154243,240906,1789245,1247591
2478,1,2022,7,708655,297308,385938,2910429,189512,324461,1640432,902298
2479,3,2021,7,684277,297750,245899,404874,276732,83852,603054,1649405
2480,5,2021,6,798155,436135,213278,2678953,196296,196651,1180848,3291525
2481,2,2024,9,671786,498375,185356,1101821,106624,173234,753186,1255223
2482,4,2022,11,116568,136072,235922,823101,293757,387879,1773674,3432726
2483,1,2024,9,149557,236007,357003,986848,176138,368195,392429,1863594
2484,2,2022,12,546978,317118,263239,817637,222088,317913,1077054,2967323
2485,4,2025,5,187653,345904,120359,1194867,192902,349713,572584,4838121
2486,3,2022,5,633136,425129,286146,965720,145879,240481,423609,3613664
2487,4,2021,12,491007,266937,141948,997542,250116,177752,1479558,3231065
2488,2,2022,5,562497,136118,389118,575253,149010,285790,1172538,1638273
2489,4,2024,2,991101,51870,224387,2416202,272780,94698,761409,3084976
2490,4,2023,5,119483,484664,144326,2704808,86001,113968,246322,1906853
2491,2,2025,4,173521,186056,71371,1536093,184999,336095,1938159,2046744
2492,1,2021,9,141823,171399,197513,1450384,68172,174251,591750,2828729
2493,4,2024,6,801658,197327,140580,317971,240870,323912,1655353,4091146
2494,1,2023,10,856907,251982,299182,1295521,230271,165791,472782,3356861
2495,2,2024,3,558886,457519,224222,1182948,154779,392526,315035,3376053
2496,4,2025,10,918295,421769,309626,2730370,100501,311648,1099930,2438515
2497,2,2022,12,147695,101909,223747,2983364,132916,374781,1469605,4438279
2498,4,2023,7,137686,216969,384086,2712739,79210,282336,624472,2038613
2499,3,2025,4,407648,174516,133773,435988,142862,359032,783173,3467806
2500,4,2023,6,592562,68214,50735,2983941,180262,338686,994051,1913533
2501,2,2021,4,188353,261303,119018,996461,268500,100959,451540,1376721
2502,3,2025,9,900554,90060,221104,586285,236235,324885,1159974,2151969
2503,2,2023,1,895951,210619,165067,2472702,252059,136308,382109,1730263
2504,3,2025,1,141775,79317,87162,2511306,203229,169150,1850167,1353982
2505,5,2021,7,215955,279864,88409,739150,74029,146807,286879,3199627
2506,5,2024,9,671410,240470,381075,1871578,291146,261838,698461,4671906
2507,4,2022,6,490518,493956,85844,2057558,87904,158737,1546031,2041885
2508,3,2023,5,150797,242603,261378,631579,58396,188344,675410,2373555
2509,1,2025,9,590315,462124,201879,1164541,245930,193213,616722,1461488
2510,2,2022,1,637117,297514,52022,333104,85339,156764,1059468,4919450
2511,5,2024,9,729290,486760,130582,2102432,261166,345762,496803,563875
2512,2,2024,5,548562,133121,101716,1346238,90314,374796,1098137,4256259
2513,1,2021,7,629324,267517,301776,1135943,150224,98270,1541330,671994
2514,1,2021,7,735434,66784,263098,1490637,104170,330762,1219366,2705063
2515,5,2023,8,109323,334281,383793,1372609,73623,231859,619142,4242667
2516,5,2023,10,424483,109454,259488,2056359,245183,152147,925233,4549937
2517,5,2021,1,354610,156158,306910,2374690,252121,126491,819489,2725167
2518,2,2023,10,583392,392874,156485,800622,181316,124789,1982433,1001793
2519,2,2021,5,205115,179167,89902,2229435,144527,360473,1326367,3474893
2520,2,2025,12,225531,259321,185500,1125638,115629,375481,290352,3621083
2521,4,2025,2,417295,477119,161402,997777,189966,214961,1484542,3679302
2522,1,2024,8,781502,212502,138247,742802,251572,334442,1227463,4834913
2523,5,2022,4,697686,498301,198433,1524992,215737,246867,1445446,3877646
2524,5,2025,1,546021,85017,352128,1802033,169886,76154,558128,3643253
2525,4,2025,8,690298,156822,260043,2550950,161673,242464,576318,4269948
2526,3,2022,4,915994,494734,341763,2290805,128776,384592,748677,2993055
2527,2,2021,4,487272,431227,124291,729607,130657,314572,1853302,1380870
2528,4,2021,12,713473,480482,73658,1455078,166009,359032,1797166,942656
2529,1,2022,11,524119,428685,189011,1068647,50122,278974,672409,3245730
2530,5,2025,5,302782,313068,258343,2249224,163136,304676,276157,4011217
2531,5,2024,11,518268,131063,354492,2894005,275413,336870,1217847,3708952
2532,5,2021,9,558428,143962,230408,2948199,57042,393098,1932684,3299030
2533,5,2024,9,472773,81594,118836,2677137,90034,121597,1453151,4532523
2534,3,2021,1,707320,141336,185667,2814240,132688,266912,486363,838738
2535,5,2023,8,873953,379645,279028,1905109,80530,377817,847042,1512715
2536,2,2023,10,915167,348505,195721,2427020,149083,226074,884568,4896284
2537,1,2024,11,217407,225144,381040,852139,51884,122180,1235887,2687898
2538,1,2022,6,510202,262383,311222,2427768,166729,221176,477249,2065636
2539,4,2025,6,338979,148514,224727,2926574,286626,122775,1383193,2744849
2540,5,2023,11,472492,79063,349646,1469013,56790,117687,632201,4237865
2541,2,2021,5,150248,124344,228308,592563,282575,129400,467637,2802120
2542,2,2022,9,147998,357663,374584,1208034,91687,66470,498549,1306658
2543,5,2021,6,309178,467325,291054,808950,214816,340162,1876474,3970697
2544,2,2023,5,927477,376204,250840,1960731,58732,361376,1588433,1018467
2545,4,2021,5,882134,93638,187082,1951095,274294,305960,1091403,4143662
2546,5,2021,12,760618,316132,202362,2046387,296339,363246,577881,2140980
2547,1,2024,9,828014,391541,383483,676995,92671,111828,1263569,700880
2548,4,2021,2,225249,114004,289579,1532305,264958,235409,1694314,1230615
2549,2,2025,1,600643,250326,144362,2365558,219621,303117,694277,2145447
2550,5,2025,2,985078,255776,148631,2991528,77280,223739,1215480,4428372
2551,2,2021,11,704578,108349,158071,2767676,239228,175514,1658314,3594514
2552,3,2022,12,364731,313520,111942,2696330,119282,205410,493621,3146231
2553,1,2025,9,288911,79404,388148,1070452,223198,348229,1345672,2143208
2554,3,2024,1,173580,470619,127015,1057699,177765,213352,1057970,2514263
2555,2,2025,12,440641,247322,52058,889009,170506,116191,627459,4928673
2556,3,2022,7,876606,460491,89657,740544,218466,108048,498133,1560298
2557,3,2024,6,334544,60774,121340,787553,109427,238541,1726605,3355464
2558,5,2022,6,293818,480854,238437,1566684,215564,321676,214168,2804575
2559,5,2021,5,717776,384649,343339,715041,241703,279557,606425,3052531
2560,1,2023,10,947153,417963,141667,1162025,238918,104526,1510516,2733103
2561,5,2025,5,472629,365331,128130,1604931,291589,398080,1961518,4192841
2562,3,2021,10,252821,377822,66168,838638,256768,392725,1811064,2690405
2563,1,2022,2,886487,485244,199460,2144701,291132,71110,1936178,1656927
2564,3,2025,12,685969,438547,273587,547226,68234,94953,1671750,3885447
2565,2,2024,10,864212,374864,225392,1985180,225045,376087,1371278,1581505
2566,5,2025,7,140470,118826,361434,2346954,174919,289589,1584102,3233556
2567,4,2025,11,866735,252913,110658,757023,165868,210553,322132,3444991
2568,1,2024,2,774742,481589,200662,1146049,266806,146104,779903,1405782
2569,1,2021,3,203373,472707,147816,2149270,188806,87747,1050586,3291249
2570,2,2021,5,186989,217395,376026,942573,86657,396402,1341791,4825210
2571,1,2024,3,864819,97411,179713,607537,280974,309416,1752806,4182692
2572,5,2024,10,188798,328091,94769,1352394,219600,175892,1519627,3977812
2573,1,2022,5,517957,420906,171765,1780962,60280,100314,1493233,1294572
2574,4,2024,8,168783,459903,311399,631508,99380,96012,1359099,4246460
2575,4,2023,9,822612,299137,151344,1747548,120153,228207,811374,4672295
2576,5,2021,7,306297,151903,152339,2976214,212491,361470,274947,2958353
2577,4,2024,10,838403,313236,369106,999853,78143,161702,638391,654655
2578,4,2022,2,783197,306710,57336,2531956,110960,377986,561750,4606574
2579,1,2021,1,401922,70436,303304,1296291,58539,327232,399353,4461475
2580,1,2025,12,582148,419314,338327,1315113,269089,129765,1517210,567516
2581,1,2023,7,468639,285109,355925,339741,90287,226765,1678259,4816347
2582,2,2021,11,317906,429699,273795,2550421,152282,175815,1384007,2377684
2583,5,2022,4,986113,211585,249826,304430,172247,379883,1114933,4575438
2584,2,2024,10,293002,435035,216718,728526,50874,340232,213361,4347174
2585,1,2025,8,524437,459519,336156,2986396,290436,245437,648894,2864500
2586,2,2021,9,815134,484411,276384,1804880,97906,127996,955828,3315360
2587,5,2023,3,345500,277851,172578,975062,296740,152070,799253,3144667
2588,4,2023,10,219923,325354,320309,371570,276075,124110,1460695,2998983
2589,3,2022,7,493036,135954,272738,398836,115094,334760,1973034,1234432
2590,4,2023,9,189732,383782,308689,855956,296548,116953,1356393,2071518
2591,2,2024,7,295477,185252,290942,589304,256349,285480,835780,2002421
2592,2,2024,1,465817,444737,346177,2537841,170762,163042,1631413,1286712
2593,4,2025,7,295928,279349,57668,533982,214785,305090,1029210,4169478
2594,1,2025,3,585563,127499,184298,785775,138796,133232,529070,799471
2595,4,2025,11,570562,382003,329739,2465550,242126,297834,1407281,4020084
2596,2,2021,2,208397,337101,106764,2401251,187387,104071,1688053,738536
2597,5,2022,11,337958,204272,61318,742341,289797,180350,1594257,4920873
2598,2,2024,6,929378,395629,210183,2019507,298195,98522,219141,3421693
2599,1,2021,3,136781,108791,180303,1235332,252497,199708,1883460,4318161
2600,4,2021,2,479644,337733,349626,1740831,192341,81865,1452464,3399868
2601,4,2022,9,658723,121530,352174,1864942,70526,311913,425186,4156969
2602,2,2023,6,997713,392957,398925,679900,208459,118527,1281706,1499338
2603,3,2021,5,770256,462150,190721,628333,290333,255034,1043357,882993
2604,4,2021,7,905791,168793,204711,714257,52504,249931,349247,2043028
2605,1,2025,4,875617,460938,320362,2226564,200624,307290,1694396,3249437
2606,3,2021,3,585414,128234,205757,1028828,246956,186100,1000036,2934532
2607,5,2025,7,377868,407525,261517,1728782,64596,306700,276375,2072833
2608,1,2021,8,908852,303065,206907,1783969,178641,157926,1307496,1685635
2609,1,2025,1,934809,340551,157615,2656253,86926,283185,259352,4824861
2610,2,2024,5,905855,273799,53383,1963770,290409,173563,405974,1926923
2611,5,2025,5,732214,115034,286070,2069129,202921,372599,1413766,4909481
2612,3,2025,1,397018,130866,88931,1684185,74238,384161,1778417,1423872
2613,2,2024,12,722824,88202,209514,2870197,250077,249078,1927826,1375644
2614,2,2021,10,571773,412390,193039,1391690,143846,51489,772239,1487491
2615,2,2024,10,734937,385256,335742,1191445,221555,384186,1576014,1474281
2616,3,2024,8,734255,443111,73239,1750084,167791,204291,1856104,4342986
2617,1,2021,1,247638,226036,148671,604771,128657,162079,1737553,4109410
2618,5,2025,10,250735,291160,165938,2011674,223962,300502,1324208,3983706
2619,3,2021,1,146205,217093,316757,2327053,66605,54943,892729,1095396
2620,2,2021,2,745238,158986,151741,1260677,260787,128524,712712,1289116
2621,5,2022,9,563295,90149,353756,2202277,116590,59956,1218772,4425196
2622,5,2024,11,620409,161661,175600,1841565,168751,182435,1891981,535359
2623,1,2022,11,288426,210073,308628,674540,90574,364915,1563739,4320269
2624,5,2024,11,596065,496701,50392,1376706,136754,305539,945939,1025874
2625,5,2021,7,398152,255828,281341,636665,98346,245606,1271137,2464608
2626,3,2025,1,879430,110229,339786,366436,63692,96770,498841,3727162
2627,2,2022,6,966667,178661,255256,961449,115421,167530,554164,948658
2628,3,2025,11,826939,105262,128900,1610837,113508,191447,1596249,2795785
2629,4,2021,1,267572,338473,329814,2738814,93749,171935,255852,3337496
2630,1,2022,3,685195,81758,295086,1311301,265134,379386,984893,2381399
2631,4,2024,8,670922,205806,371329,1311535,137784,286340,1304009,3157703
2632,2,2025,6,521320,458459,313914,1074748,266646,128588,625864,1112203
2633,2,2023,9,710397,238763,69000,821302,202730,200647,1727468,2715350
2634,1,2025,2,920548,340695,139194,1426626,179103,229466,445457,2097356
2635,5,2022,2,463822,377920,361071,2789426,155721,98492,680738,697593
2636,3,2021,6,243848,144987,221199,2500592,55573,144010,1950375,1966347
2637,3,2025,12,931037,253399,233799,911175,123297,156822,1553477,3701832
2638,1,2021,8,100491,227546,95272,982083,168050,91626,319117,3510577
2639,4,2025,6,519325,258686,159409,2486529,70113,147426,1434316,3024592
2640,2,2025,11,137403,459827,233804,1765499,170825,339985,1824306,1897029
2641,3,2021,2,133343,229464,206258,1851685,253404,220774,811142,1555213
2642,4,2025,2,497183,274836,382497,2335676,154338,135420,1441843,4073258
2643,5,2024,3,797095,249111,87052,2025867,291542,359909,575459,4753065
2644,4,2023,3,228334,208845,214506,2505348,236957,75556,326102,4105356
2645,2,2023,1,321734,496852,316417,913074,183005,263874,1905572,4088652
2646,3,2023,11,527843,385865,173631,571286,241336,366207,779586,3484437
2647,5,2025,11,971830,259159,146824,1565108,273681,317749,1943930,3917564
2648,2,2025,12,328106,409831,358905,778982,104106,56439,1252565,1164229
2649,4,2023,6,436265,190061,343237,1833451,141699,249976,875558,2736517
2650,1,2022,10,920818,411300,155099,2541064,78565,270202,962813,2131301
2651,1,2021,6,139580,470345,346620,2719826,111950,174615,890487,1558674
2652,4,2022,7,470429,184415,350401,1082551,63401,192913,1057684,2505655
2653,1,2025,8,259223,155214,292442,1563111,138765,125746,1140240,1158270
2654,5,2022,2,816917,98703,126302,666570,187687,213149,901948,655481
2655,2,2025,8,515424,108135,67118,2650651,218432,139061,1579151,2543872
2656,3,2023,7,149390,459498,197868,386119,287482,169184,1895392,2455737
2657,5,2022,8,539317,107281,174300,1967318,177466,220570,1160488,4911078
2658,4,2022,8,583363,178625,272094,1867805,120038,278467,1211529,1176343
2659,2,2023,12,177406,166782,340619,2812256,182177,154173,216896,1887954
2660,3,2022,8,316951,357867,155520,1132939,133015,386632,696012,1911048
2661,5,2021,3,883837,302893,391217,1817466,60750,324114,684905,4590534
2662,5,2025,3,725591,330154,78691,2322886,235980,212276,824579,3262797
2663,5,2022,6,452406,343884,82793,2917287,164032,274211,1893433,1456465
2664,5,2024,7,881690,434200,391963,1317006,137162,77791,998063,1692821
2665,3,2025,9,673697,105852,306903,787078,220508,358491,1457450,4498202
2666,2,2023,2,902463,456890,367808,545215,261313,281455,1467916,3012310
2667,2,2022,4,755130,200090,184486,673988,278229,51310,936751,3140104
2668,4,2023,2,891119,53781,359330,683405,231193,130585,1722701,898483
2669,2,2023,1,338744,168285,151874,723387,63478,375411,905113,3907362
2670,2,2023,3,952769,425523,223412,2996871,192188,85673,545666,1950099
2671,4,2021,4,894766,482238,331250,2855581,179440,320967,1740631,2470622
2672,3,2021,1,947288,483346,174716,856570,54918,380778,1412395,3431581
2673,1,2025,11,604986,79580,349488,1420039,268452,280283,1536627,3738000
2674,3,2023,5,583627,196017,341852,2982256,157781,122558,1273800,3655029
2675,5,2024,5,580991,405220,347019,2858363,217165,139269,1930909,4762123
2676,1,2021,10,495050,458010,148114,1343277,193680,352437,754354,1793664
2677,4,2021,3,886184,348406,154149,1958919,91690,90896,1360816,4863795
2678,2,2022,4,314300,453174,296241,2092173,226800,145269,938771,2349786
2679,2,2021,10,202702,65527,168650,1752573,164687,276158,394746,3773263
2680,4,2023,12,441751,351530,193976,2318136,89171,82143,1813163,857430
2681,1,2022,3,601811,138732,382087,2104033,82947,54714,1507822,3999537
2682,1,2023,12,885044,445056,321250,902015,63591,393090,1057732,2848477
2683,3,2023,7,544601,102919,62098,1280468,209570,244621,965596,1714278
2684,3,2022,1,144675,308481,236910,2568326,107667,161288,942474,1826048
2685,4,2022,2,590218,120688,296598,2632521,72204,195120,1482142,533127
2686,4,2023,1,298037,127002,178244,2345395,135095,155012,1814207,4960539
2687,5,2023,8,282604,497803,277525,2882883,87448,325503,636106,1717421
2688,4,2024,11,472135,371370,169042,2596393,146027,399073,550316,812406
2689,2,2025,12,592872,138652,159861,692998,292271,63690,1895559,4215769
2690,2,2023,8,430361,284466,209563,2320463,276653,63011,1948164,790627
2691,2,2022,3,222373,344010,322416,2560022,286089,200555,1377710,935472
2692,3,2024,3,790337,448492,152752,1569892,243733,284123,288814,2011797
2693,2,2022,8,387609,206100,309930,2400315,223412,157336,1069234,1880144
2694,2,2025,1,663059,142960,328363,1699849,243318,73414,273589,2024539
2695,3,2025,2,321910,178301,86369,1095762,228634,149222,424359,4169616
2696,1,2025,3,926114,76563,377180,2294694,172277,125027,317787,3058713
2697,2,2021,4,784821,261948,381301,541687,138795,62136,1376215,2864250
2698,2,2022,4,575508,374669,353072,1659763,155075,371639,1652342,4722926
2699,5,2023,9,255555,215484,285259,1792782,219583,134340,486370,2132697
2700,5,2022,7,557676,216632,370303,1914773,247195,321055,1365040,2562842
2701,4,2024,2,374609,180607,154975,1235763,56813,285351,565658,4000059
2702,2,2023,6,844955,344759,116568,1040852,181363,251088,855871,4682801
2703,2,2021,4,717154,246177,358372,843664,210892,67948,213963,4560209
2704,4,2025,9,918761,94476,293342,2139372,100077,143078,551123,532458
2705,1,2022,8,131665,167279,339017,2543556,150892,285045,912614,2701189
2706,1,2025,11,334223,171977,124123,729998,101085,80911,1253132,1259787
2707,2,2023,9,199111,422293,160615,2325865,108757,197149,937849,2822885
2708,5,2023,5,246712,377948,217335,757846,197155,113207,634649,2697497
2709,3,2022,9,184085,78877,303524,2911980,280510,253721,1923800,1779584
2710,4,2024,1,812061,231507,256033,2336504,112513,153230,1755084,1855047
2711,1,2023,1,718949,230436,103756,895447,293565,376652,479686,4291023
2712,3,2022,10,884632,153200,115874,2655984,259414,379312,764384,981636
2713,5,2025,10,474719,364584,62861,1724284,204183,251345,215902,1522593
2714,2,2024,7,580659,69619,375405,902016,299716,209184,1203264,1105097
2715,1,2022,10,262579,242486,309311,2467474,188842,384365,754672,1842628
2716,2,2024,4,643954,55598,334183,1061684,127182,220334,1215812,1743273
2717,5,2021,7,548306,414218,352956,2682483,60306,319047,483369,4212381
2718,2,2024,5,363412,142597,134802,2834994,212496,214977,1561862,2753578
2719,4,2024,4,115725,486211,189444,2718855,207790,183335,490585,1407724
2720,4,2021,2,773933,92593,390460,947920,105277,332813,1357793,530488
2721,4,2022,4,168354,115999,122387,1028562,92925,396900,380645,3260841
2722,3,2022,8,140593,391207,287439,345484,248836,97159,812525,992522
2723,2,2021,3,990380,99855,113526,1531682,245549,127490,583510,3980183
2724,1,2025,10,259282,419679,197725,982565,220043,296671,1894051,777741
2725,4,2022,2,864795,274430,386176,626546,121158,350812,1800971,2253365
2726,4,2024,6,892827,59577,304474,1562879,250136,90859,1724916,3900110
2727,1,2025,11,733971,182562,89905,2376357,209354,300967,1366749,3483616
2728,4,2021,9,505414,478443,310374,706924,230754,203811,867912,1520659
2729,4,2024,5,526756,160677,96210,328606,139820,189487,1482919,2035354
2730,2,2021,4,434346,227834,248134,1080405,129034,129582,1030592,4599255
2731,3,2023,11,712791,422463,248917,2070550,129698,335233,359535,4132977
2732,1,2021,4,328436,111327,93000,1481969,179552,335651,1264089,2494355
2733,3,2023,10,845039,197432,232645,2924098,234209,345226,1911246,1184107
2734,5,2024,8,441772,492147,135085,2573458,143737,93400,1123424,1138371
2735,5,2025,8,462977,127258,256006,1291626,104219,318934,1600731,2954327
2736,3,2022,8,986443,487521,133056,2610518,164762,266375,349518,3760658
2737,1,2025,1,435796,79761,94472,2727531,299328,190224,405060,3516177
2738,1,2025,4,451545,143146,168480,1826609,288847,62208,1141226,678186
2739,5,2022,7,739550,456619,292529,467255,120156,296782,1607252,2345660
2740,1,2024,2,266170,351083,222329,308373,278759,163999,805652,2082523
2741,5,2024,4,683432,130477,93340,2381410,258670,51898,1234967,3542681
2742,1,2022,12,463866,85153,260816,1109027,225579,159452,1024390,2404949
2743,3,2024,5,892959,240303,70604,490739,272527,196120,1180801,1158687
2744,3,2023,9,114353,65081,224126,1907949,128254,369987,823022,3175899
2745,2,2021,4,812672,450572,261942,397455,105421,290816,1240363,1595076
2746,2,2022,2,646729,478542,254455,2426032,99657,97120,1485066,4023109
2747,1,2021,1,386589,229801,104318,2876072,77092,335111,968892,857302
2748,3,2023,5,681551,457887,350877,884507,55130,76073,1225466,1001290
2749,4,2024,4,245954,192213,390672,2829872,122991,140087,1877121,3076639
2750,2,2022,12,175526,495994,352722,2424986,173862,164944,609817,1352129
2751,5,2023,3,473672,424187,351726,357596,237008,387886,1344181,2658469
2752,4,2022,6,330213,276780,195188,1671670,142394,352056,1167906,4892154
2753,4,2022,4,870735,124924,338179,1176353,272569,242068,372553,4467468
2754,4,2024,3,773129,117517,59161,1482241,162198,295953,571827,3661730
2755,1,2025,1,730889,60269,284213,994749,88303,95797,635069,4966928
2756,2,2023,8,701989,456131,128804,1705156,133240,368282,240217,4122682
2757,1,2023,1,552481,206529,59333,1367619,147935,188514,1403010,3051148
2758,5,2025,8,851689,318826,276808,778341,73164,355225,846303,2623348
2759,4,2025,6,958327,63650,76092,956004,272962,356320,1747556,4089604
2760,5,2025,1,684358,243498,122330,1079502,212702,338719,559742,1086547
2761,4,2023,9,960463,139821,154387,1485356,265660,262594,562579,2882314
2762,5,2025,6,459713,262827,388585,2598770,288218,280559,1701267,3463342
2763,4,2022,6,536986,127739,149244,890363,57833,237089,1135376,1760397
2764,2,2022,2,572078,117676,122544,2121769,238855,152776,1251703,4249830
2765,4,2022,9,285694,267601,292918,2991933,62501,97285,1821139,895970
2766,2,2021,8,174998,165163,341741,676146,241506,76066,1962928,1892160
2767,4,2021,12,915320,483800,64643,1363614,52191,145381,520967,4706947
2768,4,2021,11,734081,231656,175578,1150596,155903,275132,885029,2112735
2769,2,2025,2,915093,383569,254688,2302338,91055,233323,1431798,3194951
2770,5,2023,6,887539,95192,390155,2491290,180619,389924,1146865,1642175
2771,5,2022,2,610185,455426,397994,931826,280680,285026,420446,1480453
2772,4,2022,12,129752,216171,305328,2988662,221916,119967,859803,3174251
2773,3,2022,9,245957,334668,234072,2184106,258693,174904,737842,2690560
2774,1,2025,5,204566,128736,79033,1187595,77731,211983,470208,1612821
2775,1,2024,6,952035,295052,171913,863686,96478,212060,879421,995219
2776,2,2025,10,827655,326863,135036,1917194,292466,227459,1306577,1331710
2777,4,2024,6,139913,354549,190176,2829146,205986,179154,1937092,1140791
2778,3,2022,3,316393,102054,202230,2405997,58499,118833,867933,1438357
2779,2,2022,2,428730,303408,226668,1707190,72439,143204,1589765,3797331
2780,3,2021,1,176376,355417,368019,2669627,104463,327868,639320,4653270
2781,3,2022,1,800044,225698,133780,1374795,134705,177851,964203,4242902
2782,1,2024,4,523964,281437,62830,568097,204637,374289,491927,737452
2783,1,2024,2,381858,234114,288326,325422,77404,273581,816023,4241991
2784,1,2022,11,125709,146824,263398,1252550,72397,182220,589615,614143
2785,2,2025,9,921860,450656,156154,944140,277558,379703,1688614,2941912
2786,2,2024,3,755607,437294,64268,889257,102796,227530,753057,1074204
2787,4,2022,7,891268,422427,345768,2954011,169458,146671,264826,3982204
2788,2,2024,9,534871,211198,345853,938958,283705,171542,529225,991785
2789,4,2021,8,208824,492365,300546,2087585,110652,260205,1810980,4852875
2790,1,2022,7,428022,271368,287077,1858230,145136,287133,1521835,2842279
2791,5,2024,2,783660,149872,295276,1604599,51140,384676,880800,4923158
2792,3,2023,7,735736,111270,200602,1026538,288321,127727,1411470,922595
2793,2,2023,9,750892,129858,239594,2951689,190305,157540,1651526,4588679
2794,3,2025,3,240143,130311,297339,1980982,156932,348310,323376,4979994
2795,3,2023,1,183114,406964,145263,868361,71340,101790,1849895,1893084
2796,4,2021,7,973183,373424,129267,750977,60681,256239,759252,2497038
2797,1,2025,10,564839,492908,86736,2384684,195787,269640,1026082,3544499
2798,1,2021,6,158733,450225,259695,337459,169330,314800,1690189,2739375
2799,3,2021,9,215362,338863,310191,612445,118683,320445,1220464,4255682
2800,1,2025,3,441856,409520,365849,1865161,197678,256475,1370337,860073
2801,2,2021,3,552859,190606,208076,2593713,267965,276618,1762639,4186390
2802,5,2025,5,940724,293942,52042,2663968,147667,215914,1469096,4490063
2803,1,2024,1,579590,65702,211609,2004408,186842,277051,1077007,3716742
2804,5,2023,11,816533,322659,127990,1325190,295823,296213,882707,1736663
2805,5,2022,4,772149,152593,398913,740905,75540,322817,244367,1133757
2806,5,2021,3,215397,461913,310597,2054215,275748,96242,1221659,1489512
2807,3,2025,11,889421,84987,100486,1873983,134932,261613,1455396,2896258
2808,2,2022,8,374611,167892,346059,2536005,76580,256850,1045188,1662035
2809,2,2025,10,826569,307216,114670,2200177,273137,238721,1607131,4121547
2810,5,2024,8,779219,101907,263524,860950,183118,174440,1182227,1603716
2811,3,2024,1,879495,354900,59386,2693346,257814,371447,1127658,3147054
2812,1,2023,2,255108,175479,132865,2589765,124504,279862,680342,3051609
2813,2,2024,9,355738,245929,338266,1743547,140618,97829,1634801,1150539
2814,2,2024,4,489986,219356,73787,1759563,255244,88940,528687,4837276
2815,1,2022,6,836029,415371,265826,2003782,76675,57315,1333624,3234144
2816,1,2024,2,210880,112338,148842,1115359,208004,143689,1385738,3049400
2817,1,2025,5,629123,450079,257612,1737242,174377,141668,251223,3461323
2818,1,2021,7,260948,78993,61673,2430813,140180,141749,1771333,2715328
2819,1,2024,7,403785,358163,380342,908742,218846,64319,1836302,3076916
2820,1,2023,1,495326,311428,223230,2788552,55691,259338,360463,4301205
2821,1,2023,1,407247,497723,76423,697234,187244,322643,457609,3617746
2822,5,2025,12,399510,397691,138131,713240,141127,61077,1618730,1682361
2823,3,2022,10,956116,336316,291820,1815254,158639,226825,849707,3160833
2824,2,2022,8,760683,113425,168223,1874201,283036,347333,1206783,1578272
2825,4,2024,12,829330,219557,323747,371624,286165,161767,513560,899561
2826,2,2025,6,716800,270416,353297,495454,144605,363560,390076,1493535
2827,4,2024,7,754819,442997,70303,952633,133078,82553,1854150,825574
2828,1,2023,1,680296,491366,67663,809980,253447,151295,1353653,3356052
2829,5,2021,3,377020,81975,66137,2081412,157674,166261,1510209,3546151
2830,3,2024,4,985953,142955,91358,2037074,56680,83630,1167673,4610125
2831,5,2021,8,330661,309356,233126,1055023,204580,66338,471475,3917273
2832,2,2025,11,559359,176943,67301,2078729,137299,253378,1859014,3993758
2833,2,2021,12,184319,293724,397716,560961,122156,293843,1225912,3485407
2834,5,2024,5,196869,287154,160324,2333174,99854,299311,753425,2355535
2835,4,2021,1,379775,359842,280061,743806,91323,374290,289427,1469890
2836,1,2024,12,498655,402430,326482,1478923,118435,91221,832653,4279980
2837,4,2025,8,548816,57599,388152,1826244,270066,298137,363222,1763173
2838,5,2024,10,114699,265683,389308,1984247,295389,295517,1647790,2501463
2839,3,2022,3,524636,366357,61176,2090567,85193,330549,1496447,4468046
2840,3,2025,2,683801,129887,268371,1383197,179212,304239,900000,3366568
2841,1,2022,4,777337,233385,344565,2301982,68002,128216,1612952,2253481
2842,1,2025,5,672124,317295,92750,1676838,97734,201662,1709367,4531429
2843,1,2024,9,444812,263888,116098,2115967,116685,158954,1442775,2341525
2844,5,2021,4,421609,75446,105976,1681354,174877,93299,368227,1559622
2845,4,2024,2,537000,204538,151173,2210458,269552,391136,1104093,1693660
2846,4,2021,6,271505,116322,110526,724906,112579,356450,462476,4445008
2847,2,2025,11,882540,94681,254496,962137,282206,365742,1553256,3518730
2848,1,2025,8,559637,66991,374163,1610773,183448,319939,465861,941333
2849,2,2023,7,717552,106994,223272,617824,51810,175928,1951506,1207041
2850,5,2024,6,504417,405816,393434,1223319,299361,311583,1521285,3213252
2851,3,2024,7,947566,373752,147424,1467153,69572,335521,1100058,1146535
2852,1,2025,2,453689,292983,387955,1029165,280639,210203,1272135,967502
2853,1,2025,1,981941,55295,396641,2963077,270121,195296,741857,2206328
2854,2,2025,3,584336,335155,382447,2449646,257638,87679,529592,2070680
2855,2,2024,12,362248,443916,369580,866390,57305,259684,1368579,2301770
2856,3,2022,11,509822,244917,197314,2760844,243426,93648,1761541,3989987
2857,1,2021,2,168924,89707,241607,1263001,138532,183740,1073404,3618503
2858,5,2023,8,714686,421201,259771,2890641,233928,106712,469701,3013429
2859,3,2022,2,344210,296049,156165,1028139,63997,84319,1621560,2664120
2860,3,2022,8,953388,189112,156536,1491514,120357,186129,1701288,3956372
2861,1,2024,5,553575,375820,120678,1168921,126356,263338,1036023,4473250
2862,5,2021,7,121980,225923,393505,2435505,272468,350710,462403,3796709
2863,5,2023,4,932387,428942,205824,2562854,181393,257345,1278895,1770986
2864,5,2021,4,876103,118339,161798,2601357,263412,96494,938996,2278375
2865,4,2025,2,888007,462624,242264,2545673,241745,317056,1764404,4512682
2866,1,2024,11,298823,83674,337710,977575,97336,120047,520039,2236918
2867,2,2023,1,744950,275465,170364,1731605,112986,241780,1546072,1878842
2868,4,2022,2,918262,243856,282335,761648,116234,263010,1572708,3296929
2869,5,2023,7,597160,58188,151377,2267163,276999,249956,1213726,2897123
2870,2,2021,4,246914,190615,108804,406912,101559,101285,1653405,3823027
2871,3,2022,10,132030,429028,53975,2807673,67111,73457,1409167,3814550
2872,2,2025,10,169436,120201,353319,1609230,107931,362994,1531422,797977
2873,4,2023,6,360126,259857,156190,548447,266108,258331,1064908,2931445
2874,1,2021,3,493242,252747,252986,1644221,106249,263286,1444945,2508953
2875,5,2022,2,115667,58578,84924,2793460,274451,165465,983065,2393115
2876,4,2024,10,843325,256746,95807,1937311,98238,127898,780532,863607
2877,4,2022,7,900696,498401,357687,1218143,242597,278647,778669,4021750
2878,4,2021,12,618666,328080,334866,1309865,237471,376873,1104022,3159076
2879,3,2023,1,774732,57581,337291,1437203,62941,174032,1727571,1349916
2880,4,2023,2,946601,453667,81374,586240,243572,395107,601618,800762
2881,5,2023,4,550167,415284,83115,2655139,91678,115273,1850560,4763108
2882,1,2025,5,162317,359273,226995,570561,114608,358101,1898942,4561116
2883,4,2023,1,854736,265854,343118,1994412,133860,128391,1130950,1347616
2884,4,2023,3,185826,412236,169807,565659,171800,264928,795155,1660266
2885,1,2022,12,409751,204586,75979,1176214,280852,336334,220242,3370100
2886,5,2025,4,586755,166170,103302,764786,134394,313924,1549613,1346824
2887,4,2021,2,856222,321854,245156,1979575,296782,136074,1282574,3643418
2888,5,2023,12,958283,234392,336508,1852213,62362,307713,1585350,698637
2889,5,2024,11,597932,132034,332155,1484196,182623,317930,1474705,3959351
2890,1,2021,7,316389,231559,343279,2555013,210460,163897,1246486,3895055
2891,2,2022,1,783399,206695,367240,2932251,278566,57916,436947,663499
2892,1,2023,6,782526,63595,338846,1571596,277245,386949,752663,610706
2893,3,2024,8,983307,438160,348955,731815,169771,137228,407245,3770520
2894,1,2023,3,549572,192721,344615,2960086,64569,287147,1938261,3122583
2895,2,2022,5,409876,459310,330049,2844829,60460,68710,1929531,1436167
2896,2,2024,3,423354,257488,352218,915897,128996,58052,1684607,3024534
2897,1,2021,2,384073,197806,163688,303976,131557,221213,1942603,2832968
2898,4,2025,11,378243,127386,196367,1116704,90029,330095,1117195,3063721
2899,4,2021,6,844415,120064,72960,2509845,291081,146727,387477,2032951
2900,3,2021,3,252156,158726,143524,1920412,291626,365528,850923,1562852
2901,5,2021,5,829510,152535,183124,923898,268179,116843,898890,2731484
2902,1,2024,8,378107,235652,91998,435187,200468,139719,1924434,4411457
2903,3,2024,7,432467,258592,162660,2196281,291081,256146,730484,625506
2904,2,2023,1,503435,59394,313033,2574731,155139,357393,1540098,1751407
2905,1,2021,7,348369,135442,108272,2659733,149846,232795,866555,3259401
2906,3,2021,6,784224,305338,147203,1297935,112945,124209,1649205,4462103
2907,2,2025,12,450691,69537,338506,355499,232344,181645,1019713,3592871
2908,2,2023,1,153409,483173,122117,1774901,290629,184567,973612,4480629
2909,1,2025,2,439302,112701,138091,2839244,195449,171472,1712181,4597564
2910,1,2025,8,953304,136180,83229,423336,276657,300589,1555938,2590278
2911,1,2022,10,533736,120555,69509,460851,295332,95803,205597,2891847
2912,4,2024,3,423007,411283,280929,786076,134441,390707,1514177,4943159
2913,2,2024,2,611384,476536,281899,1249704,141014,204076,1138469,1398208
2914,5,2024,4,898536,87244,154438,1022926,75361,102683,1373570,702955
2915,4,2021,8,883180,210673,100560,402767,224572,377086,1842989,734400
2916,3,2023,9,879547,208151,166337,2082271,64349,229026,244795,3458999
2917,2,2022,3,472132,385938,332960,863139,189098,348768,959272,3492166
2918,5,2021,8,731851,337923,57278,891543,102358,369699,415092,3794151
2919,2,2024,2,396325,60922,214670,335413,190710,162083,1931645,1376694
2920,2,2021,9,268546,169211,167269,376137,127545,269836,977162,4367984
2921,2,2022,9,871925,136857,80466,2280139,122830,75568,834240,1772226
2922,2,2023,11,433713,231790,350407,392680,73798,304335,573171,1695828
2923,2,2021,7,729764,65172,336265,2154799,82814,371621,951976,2620291
2924,5,2023,7,556293,257366,159150,996699,258464,366955,557839,4310429
2925,5,2025,4,214707,244039,382529,2791254,192720,111830,511984,2958763
2926,1,2023,8,194849,217910,317691,964469,258592,96370,1947954,2136732
2927,2,2024,2,145427,394778,295231,1501790,214796,330352,635839,4266032
2928,5,2023,2,419613,352155,349144,2135682,90852,377450,1057096,4057123
2929,2,2021,1,993770,349197,129538,1656837,274189,148366,924203,3488435
2930,4,2021,1,244124,438057,150399,2401530,186911,225293,1433519,4774805
2931,3,2021,10,170462,338864,283629,1340023,100195,283029,1633023,3356978
2932,1,2021,6,845241,138013,73618,1727064,179158,169472,1308839,3450351
2933,1,2022,7,504609,360835,215158,959682,92605,265130,1283042,3080013
2934,3,2021,6,557067,102093,215265,1715985,108264,265529,1296598,2626319
2935,2,2024,11,401674,346631,205846,1658229,294634,250037,491716,3124592
2936,1,2021,7,105928,368343,57004,2529280,251513,251019,239230,3370459
2937,5,2024,9,158796,329526,344715,2867662,78840,243354,1927778,3494388
2938,3,2021,7,447787,63190,168488,2922891,77295,274503,1441737,3006056
2939,4,2023,10,244581,357817,58794,839120,56250,336891,1702016,2031637
2940,5,2022,6,371433,102786,50892,1089664,229405,86792,1592701,3854271
2941,2,2025,1,559846,315654,119262,2276655,196860,372337,434359,1451054
2942,3,2024,12,166491,426697,109090,734444,268172,312571,1938942,3688328
2943,4,2023,7,693122,471643,191374,2873336,170166,297353,202648,2069224
2944,2,2024,12,643601,464566,308591,2990015,206255,94024,690527,2828482
2945,2,2021,1,889164,92702,130817,1348493,170347,70325,965316,579729
2946,3,2025,10,643675,281359,382010,1847343,98151,309963,1365833,4931997
2947,1,2024,6,970242,308320,252069,556843,184719,202540,1744523,1712584
2948,4,2024,5,868750,155573,294089,621145,214128,381193,795056,4236919
2949,5,2023,12,115735,399582,229478,515828,89347,185038,1899959,3674090
2950,4,2021,12,542902,233419,112739,2991014,246819,212218,1725540,835092
2951,2,2023,9,178389,462580,340358,1636751,191641,259065,1875978,4387176
2952,1,2023,4,832040,230559,375371,355355,98021,361668,274138,3782928
2953,2,2024,4,571151,58172,100889,752221,84066,195317,1212165,2122259
2954,5,2023,7,155356,326472,168532,2503950,184916,189108,1440123,4793992
2955,5,2021,11,927076,293930,209343,1720599,130431,213733,460808,845623
2956,4,2025,3,574355,188266,72518,1509473,52543,169563,1792665,1165006
2957,4,2024,4,266425,321178,399309,739583,133334,375132,1187102,2738512
2958,3,2023,2,889152,372526,347191,2247873,101239,134554,1116336,1566507
2959,1,2023,4,595350,473820,88773,2601429,198304,194199,1215262,3953930
2960,3,2021,4,714929,207903,190420,2809267,127032,239355,715827,3271376
2961,2,2025,2,949556,256053,60308,1585515,102211,108722,1149462,3042735
2962,3,2022,10,539564,452690,267114,2918927,210327,297847,1122210,4166559
2963,1,2021,4,710024,468331,393412,1183006,281007,394821,677119,1977403
2964,3,2022,11,416906,240116,50559,2303962,143617,382423,1533068,835550
2965,4,2024,8,305585,358165,235466,2248618,156961,205888,561463,3290194
2966,3,2022,8,726856,449674,374115,2118884,125747,111452,1636848,4708154
2967,4,2021,3,966891,213209,256304,1105033,220095,175676,398465,725323
2968,5,2023,12,610353,197776,360102,1368126,190498,196008,1021246,4042253
2969,1,2022,6,781357,489162,257585,1113689,158698,390524,1978035,2193286
2970,1,2022,5,688139,234262,264501,342230,133538,190970,1608988,2701928
2971,3,2024,12,536303,82900,395781,2920080,125111,337927,1277569,4670648
2972,3,2025,5,751300,318332,91336,693822,135505,387769,1506003,1366561
2973,4,2024,2,692968,439252,389676,2173829,243195,142107,1629550,2530339
2974,2,2023,4,208263,113520,241239,1525964,288579,318671,1582860,4034590
2975,1,2023,3,425575,377912,311333,1791917,193936,373678,418845,702152
2976,5,2025,11,918549,158708,54508,1658760,272348,66298,1921688,2577147
2977,2,2025,2,888941,146148,173166,503008,130427,356366,771891,2547085
2978,1,2022,8,702692,298801,115627,2529181,206852,349514,1860972,3512852
2979,1,2021,4,247997,432029,374373,592471,134381,242345,1784403,3430936
2980,5,2025,8,182100,455885,161382,2723197,63611,227788,530934,4305899
2981,3,2023,3,217905,468574,269128,1157646,249535,260776,1277443,2762949
2982,4,2024,6,896264,254132,59836,2245718,101321,362954,1378467,1109848
2983,2,2024,9,947822,365253,101954,561720,228216,336292,1092580,4031519
2984,2,2023,11,970362,329718,252316,2552530,77458,282044,1457060,1217709
2985,5,2022,10,458253,67132,230574,1603756,129837,321788,889174,1339649
2986,2,2023,11,537326,125503,87239,1467285,192200,375334,622609,4305839
2987,5,2024,7,106168,464315,351802,2908874,295012,150193,1782507,1250042
2988,2,2025,12,674628,183121,127758,969321,258496,363079,660433,2036646
2989,4,2024,4,628973,54865,313195,613271,169131,189560,1799857,2558732
2990,4,2025,4,205215,198950,337039,617809,171092,86805,917356,3372887
2991,4,2023,11,781650,74967,365746,2768495,257275,265170,291158,3015778
2992,4,2021,11,941403,260501,358736,614352,153224,267998,1408855,3297257
2993,5,2023,11,973088,130172,390259,2535760,156388,148408,529580,1762732
2994,5,2025,11,838685,272479,64599,1072716,80950,282236,466752,2691705
2995,4,2021,11,951941,244776,218168,2750174,227932,281217,267960,3496253
2996,3,2025,4,961759,260998,76764,1527227,298161,199307,1566566,4524369
2997,3,2021,5,186853,282596,63260,2169483,88414,69347,865632,2955352
2998,3,2023,2,220281,241522,215881,1776071,68664,323508,1312892,524229
2999,5,2023,4,636200,280645,61769,738335,95699,323423,778612,4365753
3000,4,2025,6,564616,113611,302189,2455676,229779,377238,1988548,1887944
3001,4,2024,10,847496,213302,89192,634951,229752,159406,927466,1138293
3002,2,2025,3,729932,53112,383275,2607363,238591,134688,933247,846690
3003,1,2021,6,814222,291850,94312,777568,64698,78705,753070,2301685
3004,5,2022,7,926314,62991,126041,774285,110191,55588,1551254,2520102
3005,5,2023,5,772685,182751,148268,867030,82388,216647,232240,2020978
3006,5,2021,12,446445,253514,56303,1718622,89063,213578,791277,3032574
3007,1,2021,11,231853,87276,222681,1107755,257182,360452,1913466,1549845
3008,2,2022,1,188107,317127,78794,1390194,112479,206130,1038890,1576842
3009,1,2022,3,273421,231252,366098,2418293,59589,396186,1925812,2340081
3010,1,2022,10,162303,346240,370140,2025904,106319,278801,1201116,2160063
3011,2,2022,12,443196,372044,207141,2156291,161727,266735,483231,3445380
3012,3,2021,7,965452,385809,264755,827308,80515,138593,228237,1178545
3013,2,2021,6,109796,324593,277401,1516666,274327,374581,1752981,2591754
3014,2,2025,6,555078,122521,371102,2334914,98097,66245,1346253,3533013
3015,1,2023,7,491088,251497,220224,2273434,56292,188620,816499,3865274
3016,3,2022,6,341127,300081,377982,2009250,230804,377970,205899,3958728
3017,4,2023,11,552550,383542,370603,2174865,286298,141122,1437175,2904702
3018,4,2022,8,353346,368782,333108,2849370,236489,214183,486586,2061236
3019,4,2023,12,996124,245452,96050,2266925,126246,107816,1613319,3027164
3020,3,2022,2,114941,488822,291163,2653745,92310,55019,1953589,550556
3021,1,2025,8,652331,445535,321398,2505983,148726,316787,318302,1791587
3022,2,2024,10,236066,319649,367959,1529629,236207,272622,380838,3196284
3023,3,2021,7,915498,231179,163029,2868593,293054,283284,503296,2141524
3024,5,2025,8,946116,62722,169784,2153008,243495,142631,1031818,4734957
3025,5,2023,11,318131,264214,92346,424599,185383,217651,957642,1289130
3026,4,2025,1,179784,205883,263501,2070481,51540,165843,1658599,4434765
3027,3,2022,10,165064,64078,253776,1568904,115765,97548,397467,4800596
3028,5,2021,7,638138,150326,65849,2338844,218341,99716,1359607,4873836
3029,1,2022,10,466626,99623,378571,902443,218632,174132,690730,927421
3030,3,2021,12,794756,239373,201815,1153058,128254,336231,624812,3110549
3031,4,2024,10,489433,149790,368190,1776642,274830,198269,1818596,4802061
3032,5,2024,6,696950,236794,198936,440872,270106,383327,1548281,3995287
3033,3,2021,7,898147,185294,206766,677397,233228,119452,1312082,1757765
3034,4,2021,3,539988,279006,117553,1602563,253840,270891,1808294,1342488
3035,2,2023,10,362148,107761,305684,2208945,289223,284287,1919105,3724295
3036,2,2023,11,352688,406902,186449,1745012,190540,369622,1035637,3136764
3037,2,2021,4,706587,435623,120613,2085257,195718,284605,1021745,1866000
3038,3,2025,12,420042,50107,285434,1197215,235204,147316,875519,780479
3039,1,2022,7,289927,115270,300141,1175609,155806,67122,1490273,2234627
3040,4,2024,10,865849,495456,152664,612805,121075,120771,1728136,3125129
3041,2,2021,4,366787,220421,143635,2115619,199308,130667,1521221,4514808
3042,1,2025,5,535776,420517,50645,923770,159316,383361,1081808,2257495
3043,3,2023,9,623904,377563,396434,373896,196043,186728,1222559,2188264
3044,1,2021,3,259224,208473,330007,2048398,65332,105854,488161,3458495
3045,2,2021,6,129185,194373,234381,2120455,175564,60741,568371,3661431
3046,2,2024,10,177469,168208,273443,1424560,275238,182005,357836,2194127
3047,4,2021,9,309728,471317,372795,1116339,238820,99625,910042,4730637
3048,5,2025,3,834154,259754,292485,1671441,122919,313899,1543700,1926542
3049,3,2023,6,172800,127674,144785,441297,277233,382588,1945402,3442703
3050,5,2021,6,883150,88607,204196,2612045,285636,79620,1778156,579097
3051,4,2025,1,335599,112175,376474,1545089,189974,347655,1040407,4629020
3052,2,2025,1,681629,283522,390751,2897956,52878,93989,496215,2405906
3053,3,2023,10,360571,484648,374057,400340,155582,127804,1076274,3009900
3054,5,2023,11,751412,59473,398876,1699242,68588,177259,1967148,682253
3055,1,2021,1,660017,168124,359620,2807861,235117,385819,1859110,4819940
3056,4,2024,11,182688,146190,65233,2880503,259104,376854,1556700,4055692
3057,5,2022,2,493992,350990,325834,1483071,170174,209656,1745219,3817735
3058,5,2024,5,324622,407500,241090,2917825,87239,283637,1637581,4289671
3059,5,2021,4,767719,175302,113441,2180336,170486,315157,932825,4407258
3060,4,2023,7,574795,279017,373687,2983504,247688,323639,1204836,3235919
3061,1,2021,8,115885,309559,50138,1290667,221012,119086,1326490,2840087
3062,3,2021,4,975857,395130,98770,2877075,91553,61940,1343314,2577955
3063,4,2024,5,476047,174099,250992,859357,67479,367165,1491446,4732585
3064,5,2022,5,106376,490324,399890,2855081,263378,370158,765026,2223140
3065,4,2024,7,671301,426820,51872,919881,235401,361243,270745,825323
3066,3,2024,8,984946,68701,357448,780884,252049,319542,1574750,4905250
3067,4,2025,6,538296,430270,80793,2619016,208778,287253,805252,2347580
3068,5,2024,5,158963,459676,103163,2462645,213555,68519,378321,2730290
3069,3,2023,8,865853,91124,251948,2116706,101656,221619,890503,3453392
3070,5,2022,11,938947,409569,217901,2333222,297295,61561,1059981,2392797
3071,2,2021,2,724982,374386,130669,1560187,290980,124224,1695033,2088131
3072,5,2024,3,454658,103108,230127,1171862,175667,171424,769780,3670326
3073,5,2024,8,340674,335593,90775,553531,83766,354871,1798269,2254093
3074,1,2023,4,541411,290530,367055,1409389,104349,374829,574101,4915368
3075,3,2022,9,730054,113631,399764,2298107,288397,61828,491570,3365279
3076,3,2022,6,819272,101620,121374,924564,53047,228806,1944748,3367458
3077,2,2025,9,953225,88270,291980,2261941,114605,325228,325732,3956144
3078,1,2025,5,233500,473781,349330,2991865,136359,247713,712401,947994
3079,5,2022,12,979111,484130,166190,2686960,216231,277522,1447352,1455684
3080,5,2025,3,790959,209177,150575,1792701,80743,247771,1718874,1143437
3081,2,2023,9,762781,81153,229019,1718330,126541,102538,545051,1756171
3082,1,2024,6,527361,499337,315909,2021352,206464,151006,1055762,1796278
3083,3,2021,10,243861,130760,265691,1906138,154343,314013,1515054,2048553
3084,2,2023,1,211683,378644,365871,852341,285054,164899,1047930,1369913
3085,1,2022,5,544994,130031,358098,1641656,171883,149933,1416036,2473021
3086,5,2021,1,742043,231640,339151,2634646,79732,161642,725515,2975087
3087,5,2022,7,372548,189683,296091,1783190,281120,112838,688193,4208126
3088,1,2023,11,345321,412390,346026,1311961,270178,308220,1812916,1616080
3089,3,2024,10,708560,487741,228606,1279905,176371,309902,615316,1468166
3090,5,2024,7,987665,401323,81696,1010070,244003,384583,560404,844207
3091,4,2022,7,554378,425051,262396,1800458,250081,75100,201469,2836690
3092,3,2025,5,712379,158647,199245,1008801,63855,296877,1458140,3952024
3093,5,2022,6,194190,174462,182615,2705277,137128,340650,810068,4173444
3094,5,2023,8,531307,480696,157651,562871,134009,164356,951861,3102978
3095,2,2025,9,571448,254724,223405,1708818,245553,337156,976903,2704629
3096,5,2021,3,685026,264932,178192,1080779,297393,139122,1248250,3121699
3097,4,2021,8,645264,391308,275410,1133291,72093,199321,1613947,4854228
3098,2,2021,9,356052,184534,276723,1396845,185447,95941,441311,3110963
3099,1,2025,1,906017,130844,373543,2192738,232763,156955,858954,2626835
3100,3,2021,1,223187,69469,74377,2053098,299281,214330,1026454,1772279
3101,1,2024,7,978560,131502,66329,1272036,229739,395155,879965,565748
3102,4,2024,4,535113,433772,87297,1954796,160049,326393,1581359,4539051
3103,1,2022,5,688939,164488,148612,2575641,203858,205519,1175952,4693302
3104,5,2025,12,343848,97782,169769,593807,203140,287700,1232978,1424675
3105,3,2022,3,942498,162751,301947,345873,237504,247246,1800057,1654780
3106,3,2024,8,343024,174745,159310,1250959,82107,325566,1074934,4392000
3107,4,2022,5,620114,354421,57943,859597,283083,313113,499228,2393348
3108,4,2022,3,712924,279543,204450,620116,286471,68684,384241,3449323
3109,1,2021,5,493240,277109,71134,1972200,57619,240982,1882459,3379472
3110,2,2023,7,832317,488476,378227,845275,77739,117994,735845,1537920
3111,3,2022,11,495121,260028,338483,1577259,122437,111717,567833,2569031
3112,3,2021,6,162589,123979,168960,745854,143824,359719,594211,4333213
3113,5,2023,10,329019,327362,171944,2619846,94342,136419,1762042,819671
3114,4,2022,4,472346,458414,264859,2575792,146041,234844,1216766,3714178
3115,4,2025,4,414663,80526,205719,1263774,166818,135067,313059,4559853
3116,4,2023,9,684578,72301,169026,660707,202946,85357,642147,4896584
3117,2,2025,7,103987,217273,388198,1911956,88852,116142,1481581,4011327
3118,3,2021,5,190871,373530,254223,1085884,248443,211417,1041664,2339698
3119,1,2025,7,785681,454030,356479,2352471,250398,240133,1955844,1050171
3120,1,2023,3,331918,222061,312743,2666359,122585,206094,454849,4412706
3121,3,2025,1,626620,371613,107854,1025706,197354,347913,812881,2070409
3122,5,2025,3,970857,117721,193446,726275,155503,331249,1589306,1650358
3123,2,2025,12,104270,372279,197653,845354,219231,260938,1743045,991415
3124,5,2023,7,338245,496997,391134,1413245,284861,298087,990075,2191763
3125,3,2023,6,739880,246585,112055,2841131,165586,379566,1255203,4387961
3126,5,2024,7,386376,183010,182873,575644,97200,383437,1947081,1041151
3127,3,2025,6,842578,356334,298103,624513,190429,286613,1343749,3341161
3128,5,2021,10,268374,235928,229889,1803334,295897,184191,996613,862050
3129,1,2022,2,229327,316322,174035,1115052,261103,166989,351906,2949697
3130,1,2022,11,272114,85448,216773,1280096,66203,251982,1001951,1651476
3131,4,2024,5,506935,82504,188679,1756415,278827,270203,1392874,2046175
3132,3,2023,5,966927,191539,140189,2786017,260064,176275,980412,3793986
3133,1,2025,12,826282,440674,278566,1760925,196276,390180,1827064,2092397
3134,3,2024,4,224016,422035,226262,441190,50356,313969,1850222,4332959
3135,2,2022,7,299156,278158,257934,2743986,125853,90142,1774067,2030459
3136,4,2024,10,282868,313612,188607,2486447,165087,87137,1170924,1407092
3137,1,2021,9,869099,275733,320851,1643070,67685,248873,920504,568884
3138,5,2024,1,904391,274043,187048,2577887,51044,275996,1094881,1288357
3139,5,2022,12,745977,483908,137249,2460584,107115,120833,354641,1021773
3140,4,2025,12,485312,488780,157615,1922951,55326,155409,245352,3632029
3141,2,2025,4,740481,203087,139788,557939,128904,341506,633262,3914843
3142,2,2022,9,551003,162617,287720,411792,55450,67736,277739,4475389
3143,3,2024,12,543303,71225,352633,1911176,55803,103917,553998,4013644
3144,3,2025,11,578762,95961,203216,2262034,54760,238092,1777686,778806
3145,1,2024,11,202375,250928,169430,1063276,84733,150565,1660115,1236896
3146,2,2021,9,845617,98701,377995,2654457,273751,103437,1348898,1124395
3147,3,2024,6,263776,314478,70388,1464535,86802,96166,1450194,3051057
3148,1,2021,8,658216,454170,399993,1445562,179389,189877,1220043,1809072
3149,2,2022,4,511777,461778,101732,2060503,241189,278269,1949634,1321832
3150,3,2021,4,592448,445526,104416,1603427,170684,358227,946267,3832191
3151,1,2023,12,464222,345699,187889,1181470,160621,53857,1418327,2115668
3152,2,2021,9,886344,146609,170364,1865287,233733,329397,1049442,3121017
3153,2,2025,7,555559,367644,209991,2839912,209016,359613,1732638,1303471
3154,1,2021,4,635015,300529,100705,2842780,236845,322564,1928359,4970591
3155,1,2021,9,477631,182938,107300,913381,220487,123136,498056,1462052
3156,3,2022,6,320919,171059,392749,2520502,167612,57099,316991,2889901
3157,1,2021,2,621203,343056,70644,374962,246734,59042,1030289,651843
3158,4,2023,1,942612,493559,90421,2561612,287754,59029,1123564,531810
3159,4,2021,2,950915,77602,67237,463892,151112,292383,401208,3475744
3160,5,2023,7,848968,388264,221144,1695060,66824,330098,526734,1738550
3161,1,2023,4,584834,303610,71505,2281874,299731,353973,1844730,4469503
3162,5,2023,10,114020,74860,66013,668081,57688,346472,1462130,3188930
3163,4,2023,1,850886,242696,373761,828529,296345,328617,893619,1712455
3164,1,2023,9,130136,268021,238163,2044684,207251,65824,1787185,4995047
3165,4,2023,8,371674,386890,68432,1043256,95424,366782,1183787,682807
3166,3,2023,10,234460,108431,212336,2651653,273230,243900,1723017,2555157
3167,3,2024,2,404598,484579,207200,953034,294833,313173,1229018,3536721
3168,1,2023,8,716119,330117,391060,1882481,183974,398692,642559,2803522
3169,2,2023,3,380978,259726,376413,712906,113044,218180,701181,3044876
3170,2,2025,8,518255,334780,256752,353711,92439,337000,603352,524032
3171,5,2025,5,941689,247344,267416,2203548,76322,136649,1055000,1377908
3172,4,2025,5,985578,74162,349800,2507217,192130,351822,1807915,4923338
3173,2,2025,1,770994,414400,149314,2881470,181240,337326,996307,1137204
3174,2,2024,10,848442,385058,170149,2668355,120351,56139,1847743,613657
3175,2,2025,5,288987,209122,176723,385950,198014,205724,474088,2743934
3176,1,2022,11,831852,381132,237666,2893861,184163,379406,1732004,2733561
3177,1,2021,3,346241,377361,369694,527320,51246,202087,1814493,2482608
3178,1,2025,3,314084,237437,256602,2339909,97231,83288,930769,2875783
3179,5,2021,6,238487,206248,326806,2753336,98108,307827,921283,4945625
3180,3,2021,5,638799,428729,165638,1497310,143766,260199,1764549,2398211
3181,2,2024,7,146583,296613,173216,1749776,255094,105410,1006215,944334
3182,2,2023,7,652404,448995,244645,2863484,118282,260378,1659546,4399822
3183,1,2022,10,205164,295187,350656,2396521,157176,377315,857377,4690633
3184,4,2023,8,635603,445004,125079,867496,218820,243765,680602,4507261
3185,3,2022,5,857965,416487,309699,1119642,202611,102041,627780,1381417
3186,1,2024,3,305687,489480,154686,717878,126802,349795,1415447,2069001
3187,4,2022,4,290289,315030,166109,2627562,114838,397310,1826394,4180647
3188,1,2025,9,720943,72536,312577,1002268,196334,393023,1794624,539493
3189,2,2022,5,297051,237930,322029,2097292,283069,367367,1631394,547933
3190,5,2025,8,135227,481947,340631,1341526,265426,370914,1152920,1121482
3191,2,2021,12,910967,400151,393156,1846138,222765,139539,1705040,3547349
3192,3,2022,5,277557,87192,384542,2115386,73631,126198,1969955,1223842
3193,5,2021,2,895079,245760,259512,2459486,240645,66237,729599,2213402
3194,3,2021,7,905587,166111,210534,1884449,181452,62489,833953,958375
3195,5,2024,7,923259,114951,156214,1942742,136005,192541,1470360,588931
3196,4,2023,4,403630,471206,200485,441815,128229,340727,791631,2275206
3197,3,2024,2,354885,258672,125353,2963941,164802,255123,350691,917691
3198,1,2021,11,490493,154978,301101,1239408,283981,284758,1219464,3232588
3199,5,2024,5,940998,295299,81110,2702778,299159,154401,618726,1268364
3200,5,2024,10,322647,403762,86772,667683,57526,255025,1418411,1686964
3201,5,2023,9,349275,344497,97638,1594139,54799,157019,1015444,629928
3202,3,2024,7,470962,234613,240863,1699550,130354,182327,632768,1601313
3203,5,2022,6,389824,81123,356528,1264168,134541,80705,1808307,3861232
3204,1,2023,8,365226,106670,94796,2402285,253695,162893,765108,3986944
3205,5,2022,11,248939,86236,81444,1941819,206107,326416,856160,1574780
3206,5,2021,1,629155,497461,310356,2280233,76064,387970,1951705,1655681
3207,5,2023,5,521158,352249,99207,927176,298899,375366,1766838,4777610
3208,4,2022,12,838564,165190,117394,1367440,234823,109196,1210423,2463309
3209,4,2025,9,645716,213822,82287,1193294,107313,195632,574976,1346339
3210,3,2021,11,390998,158887,272464,1778193,207180,161989,658654,3000508
3211,4,2023,3,946284,363348,182014,879115,201565,159683,1266902,2085882
3212,5,2021,11,459828,260439,220292,2931339,162250,182799,1902908,1554452
3213,4,2022,4,727046,465055,98434,1395467,130028,393061,1964374,4031416
3214,5,2024,8,810397,127971,276270,915229,76215,117497,849584,3643558
3215,4,2023,6,153679,212982,116856,1518094,278218,126641,1930008,3094274
3216,3,2024,10,511322,133287,238974,2805720,209412,232062,1038525,992385
3217,1,2024,6,920840,242543,312134,962190,60597,346218,583498,2342475
3218,3,2022,5,557372,227220,377723,1465107,68077,148389,852036,2191284
3219,4,2024,1,664882,201292,197257,1079127,291919,351235,1260319,1943390
3220,3,2022,7,799979,146209,170472,2609258,246120,217929,891849,4351129
3221,4,2025,6,237382,448394,108288,2048741,128414,66302,574971,2726255
3222,3,2023,9,946497,434901,81761,1463392,89502,391195,1576395,3982451
3223,4,2021,10,340799,470545,295946,350690,83544,359408,1533342,3823488
3224,3,2023,8,575343,182290,382688,2963530,93853,361864,1369073,1778516
3225,5,2023,11,209839,385013,277398,1305327,222744,396642,1659121,1558327
3226,2,2023,1,939154,171665,206640,755477,214881,263988,1478721,1990678
3227,2,2021,1,604485,212495,231222,2355525,60715,229939,1573404,2268145
3228,1,2025,10,124777,213734,316962,2686123,188166,273405,866528,3063489
3229,1,2025,11,519427,161061,140999,1299762,261021,374525,1450987,4818923
3230,4,2024,1,308927,239306,374008,1009723,269265,247952,701650,4522212
3231,2,2022,8,636728,374234,253337,1402295,255837,243297,1283833,1364962
3232,5,2024,12,500894,473060,278033,916896,268369,238899,1915396,3563150
3233,1,2022,2,505524,269923,199301,1056096,120998,142926,1642328,4709581
3234,1,2022,5,943215,314783,258270,2423446,112467,365271,1628809,2803068
3235,3,2022,6,305822,424801,76293,926560,54628,225867,1510162,3837275
3236,4,2022,2,232415,192347,177905,2411113,69111,272303,1595215,3152341
3237,1,2021,10,661728,289371,132115,2780282,186988,159410,256348,4775724
3238,1,2024,12,803011,261693,380101,1121121,258564,103744,1600894,710615
3239,4,2022,11,897744,363322,234626,1438574,181414,111668,275677,1665762
3240,3,2021,4,553414,392612,240200,879835,90168,175555,887910,2168904
3241,3,2024,11,763273,338842,152758,1146218,101057,81860,965311,4253638
3242,3,2024,2,194441,331019,249502,404192,93975,63972,1188423,3768947
3243,5,2024,5,236601,179802,272417,1282390,237297,170587,1381417,4955684
3244,1,2024,10,704688,315677,66415,1853525,221490,209665,556398,2801479
3245,5,2022,8,814040,331389,344166,2627787,87589,73935,1487199,986070
3246,1,2021,8,433909,309103,327308,1479401,97694,67840,1361444,4947589
3247,5,2023,7,982785,220325,296645,2200740,136307,393300,1284543,733074
3248,5,2022,2,582733,192091,76199,1904004,53767,291749,1953322,2526187
3249,5,2024,5,592437,373509,256668,1612904,234795,246435,1898350,3296875
3250,3,2024,1,102614,69879,373724,725393,121681,372203,1203777,1617482
3251,1,2024,4,965735,240667,121036,696140,250864,100340,1398756,903864
3252,5,2025,1,268972,495962,233720,2255125,66318,101628,1386694,2565877
3253,4,2021,2,978924,400291,191569,884517,160475,285386,286072,3331056
3254,1,2021,12,418322,124271,274887,662376,256275,75177,1816319,3889455
3255,4,2023,4,404149,268957,77335,1828952,185481,297594,1131910,2043269
3256,5,2025,12,758862,183058,106786,1838995,115780,79750,1490699,4411367
3257,4,2022,11,734474,186045,294385,2720276,265484,282644,462137,2194304
3258,1,2025,4,226981,410805,348460,996618,292114,133287,1287427,2932299
3259,1,2021,10,442639,177505,386200,1837073,169284,153941,1391958,1311240
3260,4,2022,4,998955,318627,230134,1558648,132927,339445,645255,3271341
3261,1,2022,11,136774,62462,114716,1153398,145137,206208,529101,3535059
3262,5,2022,11,797388,493954,370000,2699810,94316,84545,1092270,1924708
3263,1,2022,7,272480,244972,125192,1041746,105203,307030,1851759,4753566
3264,3,2024,6,747568,53940,344817,1054810,74406,105977,1519620,4979900
3265,3,2021,3,584072,51768,120663,2269184,277449,183695,1075404,4293865
3266,2,2025,6,912143,111966,225123,1816865,187920,257748,1114916,2673650
3267,3,2022,11,186071,166436,303181,2484057,166900,279846,1921311,2101502
3268,3,2022,12,888532,425653,152811,305509,72496,195897,420157,1766022
3269,4,2024,9,380010,444406,178587,339558,259668,381907,605267,2023422
3270,1,2024,7,456569,95193,61019,2142479,285486,396901,1081163,1835350
3271,1,2024,9,183329,309210,134700,1238846,230930,315416,1564690,4996895
3272,2,2022,5,729712,179661,308084,1745749,110097,264393,252133,1849692
3273,5,2025,5,634719,282537,322101,2348001,256727,267522,1299621,852247
3274,5,2025,3,232517,238632,289250,2887276,75854,323644,990549,4239004
3275,1,2022,5,273054,75155,357102,759091,162631,254562,721715,650354
3276,3,2022,7,116526,372352,293618,408945,136045,372248,1361981,1690763
3277,3,2023,1,924035,51896,67241,982041,299427,305919,1442868,3460745
3278,4,2021,11,303966,430660,170665,2222618,285713,134205,1383760,2201434
3279,4,2023,1,273204,468187,311208,877792,113001,143316,1055354,4139583
3280,3,2023,10,616971,153562,259213,1121227,114032,106419,236202,3753334
3281,1,2024,2,742253,328870,370869,392485,296659,330699,1485425,4610797
3282,4,2023,2,918103,149791,302502,2680072,116817,99228,626227,3369614
3283,4,2024,2,735820,312303,104544,1134185,90236,59865,776845,2426702
3284,1,2025,1,300523,401579,61269,2923643,260763,150727,895160,4272853
3285,1,2021,6,149461,486510,397943,1879427,111809,146382,294974,2940702
3286,2,2021,3,766820,102509,221438,841561,122107,208881,514443,2115947
3287,1,2023,4,844125,464462,393246,2518611,151373,205891,990229,3565759
3288,3,2024,2,584191,472918,53331,2797616,86127,345300,1422628,4115758
3289,3,2023,8,329345,189062,89261,2340567,80647,132697,1673084,2938267
3290,3,2023,7,965615,272769,136818,1052855,106191,112563,546451,4055565
3291,4,2025,12,726168,492587,315244,1532429,161693,271266,727880,3691311
3292,5,2023,11,998987,272054,320226,2992608,100176,55426,1184248,3785554
3293,3,2024,12,887301,204703,259319,1726108,246058,250854,853657,3941499
3294,3,2025,12,811061,215841,180275,2629475,135866,370690,1679169,2950075
3295,5,2022,6,355391,265241,368413,2567447,203562,186888,1972852,4325483
3296,3,2021,7,580615,437610,272066,2077454,148835,63683,357948,3852091
3297,1,2021,8,325606,203740,349718,2008489,277337,129518,1668828,3703641
3298,4,2024,12,361166,60962,207848,1681801,216757,106270,1723665,4296061
3299,3,2021,7,654434,222529,155932,2297720,71939,318614,1377972,4418084
3300,4,2021,1,184103,411984,173049,2855409,217217,125973,1905107,3342093
3301,4,2021,7,695192,490286,168669,1807802,76476,51316,1836984,3231434
3302,5,2021,12,941902,151329,324070,2071455,211294,397970,1538458,3409274
3303,2,2023,6,539895,348199,234671,597088,254139,282241,1765540,4989969
3304,1,2021,11,958805,181009,68239,2250273,227100,262055,560686,3576736
3305,5,2022,11,198708,360169,162651,1323246,154620,93614,1537946,1229479
3306,3,2022,4,399877,180681,124360,312469,211263,354314,1248199,2149282
3307,3,2022,12,745678,257361,167126,1598529,197423,126271,1039322,3306352
3308,1,2022,6,925051,487713,279857,2501388,261153,278264,658786,3916118
3309,4,2024,8,419032,348806,197787,506666,67178,359637,682804,3092855
3310,5,2022,5,369272,181780,292616,2339334,281887,174130,861337,4973108
3311,5,2025,12,298540,284337,340995,1030191,91039,268573,1742363,3980230
3312,1,2021,10,746069,198968,272547,2349903,105224,233739,533626,2430324
3313,3,2025,4,920679,67390,232535,2711460,141800,155758,1642664,2548672
3314,5,2025,12,935310,416889,172137,1079362,292669,235220,722958,1453069
3315,3,2022,6,430684,168686,267693,1698232,240502,275703,1622641,871107
3316,1,2021,3,937813,64392,302323,2495011,283944,149542,592509,4253884
3317,1,2025,12,962466,124747,234474,1899797,177132,130111,1841651,3245800
3318,4,2023,1,638135,97082,335787,1666059,101838,111531,1697466,1045463
3319,5,2023,8,349712,395859,122070,2352673,294945,203273,1854178,3392019
3320,4,2021,2,302140,379366,353336,583610,164521,194063,1993818,1488578
3321,2,2024,10,227124,85321,378729,1873130,118444,217133,1484421,4206503
3322,1,2025,10,225486,295028,187164,2715661,75487,112197,1374216,2701487
3323,3,2025,5,166997,472752,120061,2534016,195170,83139,1052772,1262535
3324,2,2025,9,335644,237885,346136,2739867,106496,355581,416729,2902853
3325,5,2023,1,623988,135154,97956,906807,279885,109528,1591510,4863589
3326,4,2021,7,734428,107898,357806,724317,111651,69063,648391,1245746
3327,2,2025,7,718736,370063,144523,1027012,240731,225860,1208067,4971581
3328,4,2021,3,733098,194090,194337,2036119,217742,282493,1884176,822469
3329,4,2025,9,251665,417913,295424,1725981,174863,379157,958145,1694052
3330,4,2022,7,856252,134425,311166,1666136,77415,180867,1972817,2146296
3331,5,2021,11,319928,172680,242484,2987349,212719,366891,204973,2873158
3332,3,2022,10,784639,349980,213300,2585633,264576,271566,710085,968969
3333,2,2025,5,948502,300750,71122,2812491,232435,250558,761629,4478105
3334,2,2023,9,794253,394689,361072,1710453,180173,311764,1164106,2515736
3335,1,2022,9,610642,320377,348528,2965741,168067,385099,892332,4730596
3336,3,2025,7,528951,326532,83915,778935,207989,282435,1632932,3553131
3337,1,2023,9,507016,442988,303657,2907978,221534,384319,491007,3003351
3338,3,2025,12,615806,86074,262265,1886892,147047,291446,1490682,2597230
3339,3,2025,11,471163,371758,95692,527437,143955,223126,543013,4395893
3340,2,2021,2,985085,59889,372951,479872,260036,115729,1761992,779523
3341,2,2025,5,325040,372871,295614,554886,179456,398677,1418092,2762455
3342,1,2024,7,567372,223173,312284,1933834,212792,302663,1769346,2519131
3343,2,2022,4,256435,184942,92145,2960876,257286,324213,638752,3155782
3344,5,2024,11,416556,122543,174118,800698,123523,131991,1400245,503947
3345,4,2021,4,951626,265731,191567,2674865,81883,376840,622923,1074595
3346,1,2021,8,875697,237378,382366,2915252,91482,291719,681551,1372035
3347,1,2025,2,975342,254801,251207,2617867,288960,110891,935161,3511326
3348,1,2024,3,306652,168607,67621,2336509,171387,386842,554906,4148470
3349,5,2024,6,807006,464434,348334,550071,207969,204114,834604,4541822
3350,3,2025,1,349832,473666,390590,2716164,184400,75649,883264,1719083
3351,5,2024,11,469546,300153,291358,1899848,143841,227644,564601,3060889
3352,1,2024,6,203339,411426,364055,1030437,216159,248993,1631748,4860469
3353,5,2023,5,906702,264864,344306,1203955,233582,86453,816413,4070510
3354,4,2025,5,823683,276929,129748,377298,177043,88964,236775,1793498
3355,4,2021,9,954715,385395,298228,2045410,248479,311372,1844100,3998369
3356,2,2024,8,970829,354855,228344,1539087,188143,195289,1900737,4069541
3357,3,2023,9,968481,179213,108547,1922940,229946,119721,1984775,2968493
3358,3,2022,5,791852,446331,299701,2520688,263074,124056,1069854,1816066
3359,3,2024,9,175831,290280,295973,1902355,184640,254021,1166760,3311954
3360,1,2025,11,645433,373055,119666,1226353,149406,145467,1892589,1788524
3361,2,2021,8,720625,432396,72618,426716,179487,172201,266077,2200211
3362,2,2024,1,614672,434032,301177,2680433,138362,182465,358093,1917969
3363,4,2021,6,533148,202119,224366,1824118,81396,182831,1102411,4173308
3364,5,2022,6,448568,303991,245774,2952345,61364,213286,1359120,3889007
3365,1,2021,4,869228,351231,107004,2148073,128961,57617,1529118,860938
3366,2,2025,4,148094,141045,110397,1746866,78350,238280,1508628,4141116
3367,3,2025,6,678819,150032,240486,1280322,218413,66154,372587,756147
3368,5,2025,1,758051,54393,275722,1807366,133712,162675,615705,981689
3369,1,2024,5,227291,384225,182052,2010053,84069,233839,259726,4783502
3370,3,2024,1,275738,457740,153181,1447594,181015,95651,1539655,4766668
3371,4,2021,11,588533,207647,67868,2352199,246862,243397,597496,2206994
3372,2,2022,4,787825,438601,201115,702643,57238,374482,952254,508411
3373,4,2022,4,148847,460967,55172,2669376,98778,293383,703494,1916084
3374,1,2021,3,822469,269738,378645,376355,224053,350798,1672708,4439216
3375,4,2021,12,784458,428188,283104,2505762,226590,388332,1143561,4462590
3376,3,2022,12,536445,147867,99373,1781643,253952,212657,1881245,1831993
3377,3,2023,6,274645,262124,213829,1576898,128376,394958,965589,1195033
3378,2,2024,9,816833,346584,356861,1734996,229415,207219,1730075,1160697
3379,3,2025,11,760974,302585,283393,2469703,109369,96666,802847,1801988
3380,5,2024,11,759311,273651,52245,1765067,130710,219354,1540395,2623843
3381,1,2023,12,612077,67342,154287,761568,264911,73833,1161590,2055451
3382,5,2023,5,213940,80863,339401,2592573,127374,222604,645743,1629768
3383,2,2022,3,712271,329207,360299,2672494,100423,239880,1760151,1823553
3384,1,2025,11,400940,192575,142586,2952634,119292,141544,1385049,1060125
3385,1,2022,2,150420,471660,126765,1518766,151396,84515,1332735,3168768
3386,4,2023,1,996245,451584,324366,2540404,244799,75876,769232,2752605
3387,2,2023,8,328439,228971,72240,1493661,91450,325989,1352273,4477474
3388,1,2021,12,484484,285277,181046,1350710,150165,239801,792812,4251240
3389,3,2024,10,816582,345781,120121,876295,209385,95447,646867,3109939
3390,1,2025,6,246700,117662,178324,499172,74886,125309,418035,1626662
3391,4,2025,4,113951,253808,393652,1952087,283401,231822,709969,1795582
3392,1,2024,11,324498,128398,121231,1563884,288183,384807,335105,2194393
3393,4,2024,8,169713,74691,128980,695295,131726,258602,1807074,1375698
3394,2,2025,5,947063,136144,342721,2478156,50595,230035,548398,1156341
3395,1,2025,7,528090,159813,360172,2992391,190698,339060,1610782,4415641
3396,2,2022,8,761786,142589,107858,2261129,122778,315025,1996567,4294221
3397,1,2023,9,300138,459439,108466,1869152,230660,111831,1008600,1098960
3398,3,2023,7,258195,64770,71531,1643460,95917,60225,1741231,1234334
3399,2,2025,7,205535,463615,82571,2396688,252080,221963,1690568,4890843
3400,5,2021,7,100487,399131,186680,2379280,249689,299525,1309689,3154425
3401,4,2023,10,103838,50282,198656,1086957,57158,317225,1132178,3780803
3402,1,2025,4,925964,69458,172348,484676,220961,260502,244530,3605279
3403,3,2024,5,881371,319694,283879,1563944,204879,359136,1826443,1355858
3404,5,2022,8,713017,176537,82307,2167480,277206,110966,748828,1257286
3405,1,2023,10,661417,479440,232237,963956,58686,258427,754933,2753423
3406,4,2021,4,633369,306158,52524,456895,175383,121900,1603073,3732258
3407,5,2025,6,136243,388694,217527,2938642,83719,50793,369868,1510435
3408,2,2025,6,181871,162984,297091,2448612,232949,357897,509299,2642745
3409,1,2022,6,787481,127965,309575,2305925,161076,91788,574560,4993312
3410,2,2023,11,294054,386736,68292,2457551,95620,327717,1494382,4140735
3411,4,2023,6,396283,84273,324141,464669,272085,318936,301635,4066243
3412,2,2022,1,191187,286888,307731,915023,159940,325702,418797,3596303
3413,1,2021,6,307240,226281,348112,2029581,246148,395461,1638114,1646944
3414,3,2021,10,784624,211568,332852,2058107,230423,340359,1106677,3493839
3415,5,2024,7,403175,177190,57649,2993766,144483,248381,515938,4216646
3416,5,2022,12,949668,478756,142996,2397022,108471,216993,1902466,2477012
3417,4,2025,10,286340,467629,252013,1453536,174282,371304,588581,879528
3418,3,2023,1,733182,61627,74149,784988,115687,149075,1934251,3667540
3419,1,2022,9,938598,187679,130231,1108565,135545,390018,351897,3141107
3420,4,2025,12,626588,299287,164648,1291716,78089,194581,1254579,4539853
3421,4,2024,11,411782,131614,325712,1970826,135896,334324,1612084,1205478
3422,2,2022,7,753397,327786,149882,2647462,71409,192902,1045847,2305080
3423,4,2024,1,841722,202096,102355,1632261,182000,264886,451637,4939476
3424,1,2024,12,520648,142953,386409,1977333,114743,252683,1575461,1299701
3425,3,2021,7,830175,119312,286136,560883,280958,102973,1639308,2015639
3426,3,2021,12,440190,312021,367376,2554826,240989,171614,923038,3430205
3427,2,2022,3,572851,409583,90953,2589776,101970,123829,1125157,4817258
3428,3,2025,2,532288,187665,176477,2617061,55987,99791,1831318,2194086
3429,5,2021,4,497126,128008,312522,2539701,191144,241461,830696,4696780
3430,4,2024,5,995568,479896,173370,394063,85085,374976,519233,3687584
3431,4,2021,9,538899,200475,107632,2430226,297108,291543,734537,4726112
3432,3,2022,11,455027,361593,232919,1641197,298181,210568,1311136,3277133
3433,4,2024,2,635653,308722,363155,1605657,146698,229618,1643516,2212302
3434,5,2023,10,188813,106750,151530,2770291,92987,67514,1193409,4013148
3435,2,2022,2,155764,465820,158472,2792200,136537,132421,1014874,1050529
3436,5,2023,12,732212,458208,246765,1788130,240278,59369,1557509,4297145
3437,3,2022,4,595938,197800,145371,1056817,256600,329743,757791,4712249
3438,4,2023,1,502645,189586,271931,695120,166009,195142,800310,2190960
3439,5,2024,5,926649,259538,162308,1112111,111101,290880,342784,2631162
3440,1,2024,2,356798,399348,341202,1657636,111340,261791,1645294,2867806
3441,4,2021,11,287158,229601,232368,2938490,295528,382270,1734010,767485
3442,2,2024,11,535493,481692,216121,1208249,141455,274918,887001,2864231
3443,5,2022,2,451333,388665,194454,1207699,106642,206425,1820280,3002854
3444,2,2024,6,949175,157592,388234,1806515,271417,189310,1487756,2314622
3445,3,2024,4,765483,465010,84264,2478885,299999,262840,670871,3395740
3446,3,2021,12,701888,203524,399279,2973588,147335,91292,1320575,2111020
3447,5,2021,2,370638,430560,184112,325491,92723,277192,612351,3052219
3448,3,2022,1,573284,475638,68262,1099692,196017,254359,1103973,3976302
3449,3,2023,1,748523,206460,281528,2583588,125278,349809,293261,4808340
3450,2,2021,12,261364,289024,129085,2775206,259774,304425,789216,1008039
3451,3,2022,1,151158,74845,68826,1945682,152357,251447,594014,4359937
3452,4,2023,4,727184,104812,103892,771029,147376,321533,1034699,3980785
3453,1,2023,8,303438,473438,134220,2839134,219424,213074,1715826,2589706
3454,5,2025,8,861183,183524,290751,1754316,175627,246080,1742701,4897772
3455,1,2022,10,923813,431260,365625,2906853,298094,343371,434160,2696386
3456,2,2022,5,769855,414790,346077,2761239,180823,243691,886725,883362
3457,5,2021,5,452269,155091,311150,1781594,214370,311764,1396316,2639940
3458,4,2023,1,922490,114216,136456,2086273,112266,240719,753245,1886065
3459,3,2025,7,242841,70432,248469,1475625,118025,335477,606457,1327563
3460,1,2023,8,620850,194458,147775,2230752,135445,396880,338441,3088707
3461,3,2023,7,503111,407177,359282,1393298,198070,83747,1291970,605696
3462,3,2023,4,444813,54513,98928,2707491,113741,197852,370412,3513438
3463,1,2023,7,573379,127373,93360,2670759,56451,371904,1785940,1018886
3464,3,2025,6,262003,376623,347701,1206751,145587,325498,1989128,4622915
3465,5,2025,7,405444,181689,217666,897892,181631,318731,1225081,2224306
3466,1,2025,11,237159,499340,253636,1806373,296201,192301,1224566,2162465
3467,2,2021,6,940078,141460,389412,2878954,92540,86789,690749,646222
3468,1,2021,8,730721,481212,53793,2289450,190132,298971,661422,1685815
3469,5,2023,11,657215,242745,382085,2290138,276597,168336,1111716,2989148
3470,4,2024,4,987577,467953,308117,2268858,160243,163250,1906129,686792
3471,2,2022,5,457953,107510,185766,2325674,113612,361258,1915831,969067
3472,1,2022,10,658603,399489,102815,1529457,134706,260817,676776,3849244
3473,4,2023,3,522628,489371,87588,561604,82260,110026,515448,2840771
3474,4,2022,6,914779,301130,352013,641772,282645,247446,409812,2207135
3475,2,2023,5,847289,357788,58154,1208750,259249,271726,1640195,2272843
3476,3,2024,1,551568,75297,272603,1873772,273863,396013,1551523,2644334
3477,1,2023,7,863240,489229,257106,496019,153071,70808,705997,1963836
3478,5,2023,12,592791,274438,54812,543354,137515,72942,816174,2072036
3479,3,2022,12,269975,482622,170915,1214919,205104,360475,1700022,2180144
3480,3,2025,6,901085,173504,195193,481988,199260,84427,1787624,2883072
3481,1,2021,1,655368,431564,292769,1453206,115728,166555,1472692,3485460
3482,3,2022,5,390512,472084,362948,1756155,111687,135580,1676432,1870360
3483,3,2025,8,469271,305479,321700,1412608,62784,282307,445258,2651715
3484,5,2025,9,193880,135659,63732,2865188,233709,284006,1838543,3914863
3485,3,2023,6,663475,404178,207179,2074364,264227,86706,920521,1179093
3486,2,2021,5,996435,120953,254623,842040,288387,103094,1301768,4913140
3487,1,2025,10,152793,128821,356347,2836203,196450,62406,315711,3309434
3488,5,2023,8,143809,452050,70028,1655061,166033,389829,522509,4306227
3489,4,2021,6,402152,258708,247494,2422039,147213,297658,698877,4490763
3490,3,2023,8,391407,90712,329846,450983,222850,325211,1975506,1357808
3491,4,2024,3,620303,367595,249982,2645248,176107,307295,413928,2289712
3492,5,2021,12,184390,99893,83141,873567,142692,264538,999452,3963195
3493,5,2022,10,906484,422556,247851,1895218,148258,281743,979513,4074894
3494,2,2024,7,556965,351045,349224,2344034,169075,76381,304673,1728835
3495,3,2023,8,886692,356682,87153,2364277,95238,279694,1340932,4776676
3496,1,2025,2,387097,105220,67224,1336111,259905,189413,1376116,2296044
3497,2,2022,11,122151,424914,323241,2223907,260815,137728,1876291,546037
3498,5,2024,9,542081,282695,50202,1589513,116370,372250,1772840,1393960
3499,2,2025,8,254412,211235,119242,1260708,230840,290021,1871091,2420757
3500,3,2021,11,881075,269634,163036,1663563,183153,395316,1628601,4560354
3501,2,2022,2,861702,99489,198092,434718,240468,301042,590657,2238168
3502,3,2021,11,170113,439100,298030,1964878,145671,258763,1210369,3987777
3503,1,2021,8,731608,82448,86572,452764,255764,218272,1951401,1397761
3504,5,2022,3,581525,429303,169010,1893809,94347,287510,1593038,3576708
3505,1,2025,11,236268,215305,90915,764529,150123,69370,1131525,4105805
3506,4,2024,5,661720,357913,71725,463427,166487,178928,936638,1466562
3507,2,2021,7,203344,139483,399206,2895198,72016,279199,1600656,661193
3508,4,2023,6,297739,116022,253369,2424284,282920,140307,1622628,1014986
3509,1,2025,2,826651,392892,300891,481843,143757,356268,299970,2797219
3510,1,2022,5,303407,144507,80401,1808594,152634,399782,1480902,1919695
3511,1,2024,4,433345,105950,80874,1960099,216391,250031,1769700,4830349
3512,3,2021,9,312763,214686,221698,1852177,247870,142317,883561,2856172
3513,3,2025,12,831861,251136,148486,1803600,189297,373365,903535,2459206
3514,2,2022,2,514412,491532,216504,2806166,78943,175111,1356073,4069704
3515,4,2021,12,288292,120169,185171,2790460,88288,254660,1399556,522936
3516,3,2023,8,551578,249081,272320,967499,212068,189134,438077,500236
3517,5,2025,2,941656,389657,326520,1219814,106989,89450,213774,1695186
3518,1,2024,1,515561,112769,190135,2838153,231399,132813,1139675,1313751
3519,4,2021,1,332316,231158,206115,763627,60798,316241,762146,3527239
3520,4,2021,12,829694,275763,175445,1940149,66013,184265,1606005,1580315
3521,3,2025,5,572610,343299,80557,1365177,205659,284208,1597144,4112079
3522,2,2024,11,134521,207699,184100,946171,116168,91561,831356,2861912
3523,5,2024,8,816802,302484,326223,1601259,171519,369027,1669874,3051207
3524,2,2025,8,974808,312311,306164,1833915,178815,116620,936124,1775217
3525,4,2025,3,488360,176154,50726,1924177,190125,193750,289532,3288705
3526,1,2021,2,136396,74368,194836,2998291,112278,351795,1240551,2616113
3527,4,2025,2,897859,226868,343326,2870737,291962,389999,1003257,1501162
3528,1,2023,1,909274,88733,203766,735419,93481,83262,728570,4041543
3529,1,2023,11,681737,138133,68411,1771711,224771,288037,607093,3044842
3530,4,2025,3,165871,326781,304966,999616,61213,161354,769029,2700595
3531,4,2023,12,325770,190032,211020,1935154,234654,335430,1091597,3957610
3532,1,2021,10,621315,499965,122258,376736,207778,365556,1615735,3862360
3533,3,2024,4,983466,172948,80139,2247560,120444,320942,1250534,1489076
3534,5,2021,6,787281,490066,329224,2942369,235578,90925,819823,4571740
3535,3,2021,4,503434,120346,262327,2289739,165668,198703,337137,3049765
3536,1,2025,6,349045,65814,356691,522152,119689,213631,781490,723572
3537,2,2022,7,685537,458990,65278,2181997,53505,244042,401333,4346000
3538,3,2023,5,117603,470655,81634,1516120,55823,190434,698256,4498009
3539,1,2022,5,441145,95813,156680,1910822,64405,64141,1958376,1877612
3540,2,2024,5,446428,243855,298367,1093482,274581,145785,1502037,3576103
3541,4,2023,12,523504,292387,112611,2605499,183573,168713,730866,2859432
3542,3,2021,12,196335,277115,157966,352505,124342,108135,1312693,1395971
3543,5,2023,1,558616,296290,229471,2775670,171662,371473,1424418,956471
3544,3,2022,12,571127,439087,209745,2269022,115004,264248,1869193,2556529
3545,5,2021,10,849976,282698,272295,1155262,211326,207559,426321,2000073
3546,5,2025,5,417570,125086,67429,2531701,231900,155829,872298,946417
3547,4,2024,7,737984,159954,178131,1431752,268185,53691,1372642,3450001
3548,1,2024,7,625647,300075,215143,1898258,67655,107706,362681,601267
3549,3,2022,1,602713,207699,77546,2882654,132933,244696,321913,3574546
3550,5,2025,7,174122,219945,362798,2282624,197123,69997,204744,2859428
3551,1,2023,10,241850,61998,355603,2221411,126672,373962,633460,3249623
3552,3,2025,5,630837,97263,280328,1006880,298988,388356,950285,792708
3553,4,2023,5,542898,298726,182571,600702,177105,64880,1806615,1114860
3554,1,2025,12,681118,328039,388896,2508187,221904,386636,512824,3729510
3555,3,2021,7,127321,316772,252995,2515579,278976,374005,1877412,2194240
3556,2,2024,4,376432,74907,161336,2232187,167380,153629,1814206,4996689
3557,5,2025,5,795397,254429,87360,470259,282930,236349,1867222,3304270
3558,5,2023,8,305316,474928,318197,448832,286757,126273,255237,4911106
3559,3,2023,9,966390,489868,95822,1255480,171649,109327,528800,4095823
3560,2,2023,5,784833,223552,369707,1730282,60881,270200,1292765,4726110
3561,5,2022,10,800669,75848,325748,940250,167745,147296,217135,2403833
3562,3,2022,6,984507,361650,120543,474257,286474,274584,1745310,806069
3563,1,2021,10,191918,171248,375320,2504394,137826,330571,1151777,1851721
3564,2,2025,2,660496,453612,386139,669743,127583,269508,1884910,2638802
3565,3,2021,7,957890,59973,54965,2293996,213847,142866,550945,1225311
3566,4,2021,1,799752,172139,292360,1273562,235618,222100,602888,1304901
3567,3,2025,5,287853,364876,211436,2100238,297968,56352,1969061,3890896
3568,5,2025,9,614869,415898,85894,1612650,270440,206655,1029682,1420644
3569,2,2022,4,376735,101092,54864,1329161,123284,299867,556742,4802449
3570,1,2021,6,799186,357372,359001,2803375,60094,134639,321046,4375282
3571,2,2024,6,594900,435258,87766,1005584,268020,335284,1811826,2843893
3572,3,2021,6,576296,112516,289800,2122549,99332,326076,596313,2560021
3573,2,2025,10,501841,437996,340053,1305138,202761,196885,524204,1086242
3574,5,2023,6,131729,269459,78036,1387427,116565,352530,1617012,4772215
3575,2,2022,4,988813,232638,365607,1791066,241699,255918,736851,991077
3576,3,2025,11,291172,182159,181689,2893250,183960,373465,1270025,2814302
3577,1,2022,6,204782,279580,205755,370427,156786,383945,672024,2451246
3578,5,2022,9,588831,294968,103065,321671,66550,82020,852953,1320635
3579,3,2021,8,262539,483988,114044,1628305,272464,294447,521765,2895310
3580,2,2025,3,691280,123377,292973,2827384,140121,78134,1224263,691304
3581,5,2021,4,493810,366476,250865,2646703,145007,91134,900868,972345
3582,4,2025,9,728824,490480,227581,2692432,158425,114523,259276,2950114
3583,3,2025,8,999124,163112,197510,794731,63540,251795,979441,3054886
3584,3,2023,9,331891,251700,268934,2273429,175455,288928,206582,526800
3585,4,2022,1,207210,283029,59461,2779383,113778,343973,702775,2606667
3586,4,2021,5,211084,388062,238797,417613,233120,175752,1644512,3319581
3587,1,2021,1,637777,339097,377076,1958251,86580,147980,1160945,3523963
3588,4,2023,12,363632,476109,275929,2156133,118256,166934,1752887,3390440
3589,3,2023,3,666842,58020,149696,2534092,60822,191841,1593699,1441699
3590,4,2024,2,833929,463916,168049,1716493,246808,201270,1187316,2706174
3591,3,2025,11,989525,187708,128506,2785366,86463,278695,1626719,956256
3592,2,2023,12,926838,307564,112155,2174379,239393,287265,1289593,2683023
3593,2,2022,9,835687,204551,355387,1924828,130762,77318,643364,2855698
3594,4,2025,6,990420,246841,221417,671612,269166,385107,932880,1373497
3595,4,2024,6,779598,385696,381899,346968,163586,180725,1258502,540883
3596,3,2021,2,966321,338723,231666,554250,89697,360595,763791,1930747
3597,1,2022,1,780096,408486,365176,2688970,267256,261111,1619595,4180649
3598,3,2024,11,353210,281087,393692,390425,275965,391447,1245666,937308
3599,1,2023,9,558121,204014,247059,1798883,82766,210636,1844249,1032654
3600,2,2023,1,407622,482313,205523,1773756,154677,341336,1877307,754419
3601,5,2024,2,274440,461476,330824,447466,249561,186140,1203959,2346795
3602,3,2022,11,134322,76796,377721,1178866,262791,229043,713130,2484338
3603,2,2023,9,222249,70461,82470,2612503,55056,201017,1776334,3232420
3604,2,2022,8,583618,159890,279088,958886,88677,338569,933945,1625410
3605,4,2021,2,893324,357418,116276,1385033,255055,349258,204689,4923446
3606,5,2023,10,745668,183048,302566,2607311,236751,298163,477757,1077838
3607,3,2021,12,629082,192053,232528,1332361,188906,223234,567294,1948036
3608,3,2022,11,578298,61215,194217,2592880,72784,372602,1696973,786665
3609,3,2025,8,967677,84236,283092,1957960,211680,207928,1270251,4208875
3610,5,2021,6,992706,335552,332187,2439939,203244,159458,1450774,3070603
3611,3,2023,3,691084,318245,199867,613556,118992,206939,746067,1979212
3612,3,2023,3,181650,300282,356509,1443722,96959,90591,1077305,3905362
3613,1,2025,9,708052,295904,329617,579894,236537,241482,693518,1344242
3614,1,2022,1,373110,268606,120218,1075554,276063,388834,1396458,1894005
3615,3,2023,5,798406,318047,97988,2849261,197412,345327,224706,1505036
3616,4,2023,1,299711,410134,337204,1056024,215577,104657,1915472,637860
3617,1,2022,1,863622,121362,310473,2566601,137276,380703,1137699,2427825
3618,4,2022,9,611999,281410,102353,2148608,270263,201697,413428,3294520
3619,4,2025,6,177873,236958,280366,2775328,217371,268640,1070045,3560450
3620,4,2024,1,691329,307376,130661,546812,264979,310366,317870,907556
3621,3,2023,10,322376,341034,54735,2530422,141174,243410,1463817,1351167
3622,3,2024,11,591527,131201,340580,1041830,291953,367348,1065511,3561408
3623,2,2025,12,118459,72206,263564,1869956,180544,112016,375986,3712212
3624,5,2022,7,938933,338624,163138,886994,94588,390090,347239,4072683
3625,3,2024,6,963685,488929,220374,2974024,182973,287593,884967,3006682
3626,4,2024,10,932670,151767,323010,2349077,291612,77994,1315328,4786552
3627,2,2021,5,552917,86245,353887,983775,143670,298742,445720,1019748
3628,3,2025,5,730047,242100,360260,464006,69321,91185,1313330,965488
3629,4,2023,5,208178,385732,358191,451025,132542,83680,729053,2454622
3630,4,2024,9,281992,159928,107250,2393145,98563,362183,1571410,4153923
3631,4,2022,8,220279,96080,325318,2309922,73501,289485,1598200,4787825
3632,5,2024,10,162850,402445,282581,2434805,93266,65436,1703901,1760617
3633,4,2024,9,954228,106566,234531,1514996,243739,201152,1199298,3207333
3634,1,2022,9,553875,164403,67636,2959800,229288,370480,1421999,1680438
3635,4,2022,2,484096,65230,208278,815113,56072,220156,1548435,1419424
3636,1,2024,11,620739,434666,234776,2282741,73387,100836,247608,4568555
3637,1,2025,7,498157,210927,122399,2904285,94486,238689,993917,4448554
3638,4,2023,11,883870,412825,343686,1454317,140099,286157,252298,4941065
3639,3,2022,5,871826,63798,342005,2141632,289990,55609,1295702,1270784
3640,1,2025,2,754571,177530,62248,2809775,62447,262767,1777108,4757084
3641,5,2023,2,703241,448651,326755,2499656,197073,147221,1333442,2967906
3642,4,2024,8,157803,222760,366459,1443193,276489,68663,912292,4976248
3643,1,2024,6,304160,93978,228056,455720,209625,249915,1815396,4233686
3644,5,2023,6,532288,318406,68729,2291835,148384,226367,568931,3968951
3645,1,2025,2,789172,417422,227148,1043815,215206,62235,262068,3259508
3646,3,2023,12,966938,475139,323805,1207267,120536,220128,1836381,4780847
3647,2,2023,9,289622,231257,377567,2188628,174995,143010,1447360,4045647
3648,5,2022,4,375153,424378,122829,2626785,120394,125026,1245054,4293061
3649,1,2025,2,172046,247237,222993,2531151,91744,294339,1809425,2583274
3650,1,2022,11,641645,228040,288331,1533301,143099,231856,474434,4959155
3651,2,2023,2,524509,440230,99075,1330268,214613,55209,1280106,2447426
3652,5,2025,11,342115,416566,396874,2754029,265623,344804,1509906,4285920
3653,2,2023,1,984138,494071,159056,1010112,121581,252794,501606,670508
3654,3,2024,11,334896,334533,220189,1586136,150736,282151,443020,4990220
3655,1,2022,2,862348,460792,121114,647983,166835,129895,531653,1692478
3656,1,2024,4,867695,107488,249176,2224014,267769,261442,1947554,3331983
3657,4,2022,4,456821,211244,89288,2206417,85934,362774,668448,4663724
3658,1,2023,6,862681,331807,254113,357424,211514,95753,968047,4336525
3659,5,2021,7,277499,236272,132962,653346,129199,277503,1912718,535021
3660,3,2024,8,710310,348990,290075,2329858,176837,223698,627407,2400284
3661,5,2022,9,817060,121022,385155,2713896,137336,313331,1835193,1815282
3662,1,2022,4,303948,331162,380322,2533014,153424,261264,749095,1822408
3663,4,2025,6,544095,480538,55947,2026932,95067,374385,257525,2575541
3664,3,2024,10,249396,478010,240944,612288,297999,369754,432095,4059012
3665,2,2022,3,389053,315019,212377,2734182,279984,349206,328743,3108987
3666,4,2025,10,342524,60372,106581,386271,247688,304684,474893,1095947
3667,5,2024,9,646543,265913,394087,432519,271816,83107,1091818,542868
3668,1,2021,5,356313,449054,184059,1785321,159875,75511,997978,1583927
3669,5,2024,6,652810,192197,267847,2934708,240952,250570,1042147,2925790
3670,3,2025,5,249136,223135,291033,838614,142475,151715,1270656,904107
3671,1,2021,1,981371,52907,338184,1802828,116239,360120,1262724,1426211
3672,1,2022,6,227211,236899,332848,2668391,152581,272597,517294,1998244
3673,3,2022,2,343982,101488,319551,2293083,75717,324019,1538237,4693919
3674,1,2022,9,901697,101946,198545,868230,192991,50694,779780,4265452
3675,4,2021,2,728871,458249,166556,1430147,204324,153283,1519147,2289718
3676,3,2021,1,186317,76794,200410,459366,170265,236515,1229694,3322199
3677,5,2021,7,136967,245751,116031,1468134,289230,269341,553026,3673528
3678,2,2023,6,637389,294163,89336,2463144,155193,383136,700707,2487638
3679,2,2023,12,665133,426258,99331,2767506,50705,219195,618365,2224567
3680,2,2023,3,428809,66000,95436,1775083,190916,383476,1588437,724350
3681,4,2023,5,576873,189502,53400,2969798,168227,201323,1842226,3127498
3682,5,2024,10,434417,123338,156196,1556024,62673,306940,1131785,4896058
3683,1,2022,9,998105,458935,182386,1732429,291599,58195,248776,4069691
3684,5,2023,2,969404,352307,196596,2522510,201158,201039,1056970,4341588
3685,2,2021,12,374376,299626,50430,1615090,80131,346435,1894339,1401992
3686,2,2023,6,204759,279211,187642,2003660,127662,135883,1884020,2807648
3687,5,2023,5,559782,58134,213209,517190,186868,102514,1182121,4738978
3688,2,2023,3,375965,129007,72135,1905808,58513,161738,548904,3724751
3689,4,2024,12,266593,149101,380723,2869205,237249,296902,1894913,1004156
3690,4,2022,6,376845,345178,83489,1744717,67599,134206,1365737,3758354
3691,2,2025,6,883398,232073,163685,2977587,212055,122642,1590089,2771841
3692,2,2022,6,400239,492048,131577,1646001,209016,158875,1556904,4658847
3693,5,2021,4,481573,324713,374046,2492893,62057,346821,690252,2056904
3694,4,2021,1,123691,470613,281031,529305,235705,314157,1650613,4707382
3695,4,2022,7,120380,149182,74054,1696709,195306,66265,447789,2518445
3696,2,2024,10,612061,169123,310297,464495,221562,310465,595018,2237611
3697,3,2024,2,946230,105638,264527,935541,254725,340765,1357375,3408396
3698,4,2025,3,376454,104127,154998,2342856,252153,310514,617680,2856431
3699,5,2023,12,983570,62659,242065,2606933,281247,243014,766918,2196379
3700,5,2023,7,309841,102101,200692,667457,128584,306011,567845,2728060
3701,1,2024,1,154897,149551,228172,581880,183131,219811,910525,3492232
3702,3,2023,6,752947,60893,245892,995028,194172,112965,1805004,2480084
3703,5,2021,10,288080,368574,182882,1921256,225091,399380,1374689,1119088
3704,2,2021,1,820864,273658,217110,1137398,132540,212478,1799261,1343062
3705,1,2025,8,739519,348690,128382,2609399,193431,128621,1369970,1799207
3706,2,2021,5,211421,133750,313300,885614,152917,149227,484155,2296950
3707,4,2023,9,952512,244561,189650,1816067,127699,393969,237097,3071293
3708,1,2022,2,717563,148488,298559,456096,182637,209911,1628487,4500310
3709,3,2023,11,770585,211229,68596,2606612,219478,134446,330933,1703946
3710,3,2025,4,201835,153043,235364,606658,107442,58448,1039515,3988216
3711,5,2021,12,502526,155839,113083,326645,253290,340475,706438,4693808
3712,5,2023,3,918731,257722,326058,1383861,81737,373633,1816158,2587275
3713,4,2025,7,133942,398657,196490,2980152,105253,375678,1732399,2212700
3714,1,2022,4,442003,142127,231000,783624,138802,260424,636298,2942335
3715,3,2024,9,117635,84523,56898,2639757,134731,138533,213765,1288308
3716,3,2022,7,268092,413329,315224,1569992,208279,339405,1344288,4527026
3717,5,2023,4,657550,343923,272470,504858,51618,259425,1159570,4562217
3718,3,2022,12,966854,338610,156743,1360522,166756,351925,561129,4282824
3719,5,2022,10,282505,465267,127234,321909,269219,299345,970349,683493
3720,4,2025,3,273967,301883,308139,1767214,133771,268250,369930,4287273
3721,1,2021,4,202735,60139,144863,2477251,69047,253183,1090901,1106487
3722,5,2021,4,591757,234250,188220,2431968,245142,290739,890024,1545938
3723,4,2024,9,253923,199511,170856,679406,193753,57754,1579999,1716994
3724,1,2023,11,644813,427933,95818,2493223,118628,290594,1903302,4616693
3725,5,2024,1,379787,483172,66781,1261378,51898,269392,608629,2874024
3726,2,2024,5,915596,416019,356137,2401894,197070,201262,1219614,4246214
3727,4,2024,8,407890,149602,342868,2346867,83165,260564,369544,2461442
3728,3,2024,11,713477,340371,265106,2045219,109429,98776,1104786,2616572
3729,3,2022,4,121851,488598,74464,333813,238599,56892,1269293,2496255
3730,3,2025,5,984101,474105,232637,1763885,93359,171501,1169625,2833462
3731,1,2022,6,359917,432452,118330,2573019,110351,171287,621436,2471355
3732,4,2025,3,943263,375139,53872,2187484,181255,163384,853117,792120
3733,2,2023,11,150266,53894,390651,364354,239257,349655,1920035,4265265
3734,3,2023,5,934638,227173,309323,825556,245651,191673,629233,4330428
3735,3,2024,2,976709,453776,276640,2434608,68417,370901,1274192,2185330
3736,3,2022,12,587000,116120,61383,393595,202303,179360,389680,4037550
3737,4,2024,2,940434,230423,397793,640319,161447,56455,1216820,4700544
3738,3,2025,10,354359,394046,347900,509635,99517,178563,1865330,1796488
3739,3,2021,6,226232,265329,78170,1037050,70375,168661,1363824,876646
3740,2,2024,9,320103,449861,220544,1598524,206807,240479,1493383,4565844
3741,5,2025,8,864296,248963,100813,390916,271908,345692,1213002,732895
3742,1,2024,11,192407,158172,66281,2661867,71319,247107,611969,2823504
3743,1,2022,9,341454,380698,131627,2156895,175886,371934,1593152,4206185
3744,3,2021,12,912131,310129,186143,1919730,208371,306852,547858,3270318
3745,4,2021,4,250318,407540,133550,384209,71982,161859,1662919,3051823
3746,1,2022,6,927352,324815,172381,1515971,117453,248969,1176326,1896209
3747,5,2021,1,657141,446225,175493,1749469,54178,95440,1214076,604043
3748,5,2025,6,637420,208201,219242,2542354,204102,150527,203899,557820
3749,5,2025,8,849492,229797,381933,2065346,137989,163217,605236,3936568
3750,5,2022,2,182395,254703,145751,1900204,136008,354030,1753018,1777036
3751,4,2024,6,654122,469606,299606,1184721,77434,57328,1679590,3187475
3752,3,2025,12,743274,459823,237232,1362831,222267,107583,1477139,4711723
3753,1,2022,11,265117,62549,210135,1666194,281280,130806,271983,4177850
3754,1,2024,3,476385,439697,322878,2263534,235194,343367,443808,3444897
3755,3,2025,7,346643,371668,225687,2654660,277136,390363,1404886,3893787
3756,2,2025,3,288035,319058,257762,1000352,234960,296959,1427297,4807586
3757,1,2022,2,559867,446742,115733,1364084,76333,391830,1497265,2906864
3758,4,2025,10,647663,457694,199647,833100,132399,288552,1532201,2858929
3759,4,2024,9,838819,244664,332236,2742536,240993,62746,716592,1896170
3760,3,2025,10,787757,208904,323332,2626241,226159,240657,1382399,1463535
3761,4,2021,4,682750,53211,93539,747431,148975,131912,1816473,1460934
3762,5,2024,11,566637,324833,331122,2607564,76727,280925,1582183,3320200
3763,1,2023,10,239273,443441,330589,1697098,180647,144142,1628195,4624690
3764,3,2022,11,753614,469058,293224,2346820,286734,376068,1717790,885319
3765,1,2025,4,524854,344749,93724,2662404,203176,148775,1678919,4832349
3766,1,2022,8,865770,421884,354634,2097787,206207,215274,556846,2949991
3767,3,2023,11,244871,113040,208857,1770759,97490,67215,493075,4021213
3768,4,2024,1,909061,101462,283275,2594932,152975,236640,566434,4786109
3769,2,2022,2,742902,123876,164209,1050226,231460,337893,1903488,2227821
3770,1,2023,12,329331,218719,57058,1341440,56263,199357,1412728,1211013
3771,5,2023,8,823970,398328,199127,1659628,125009,183445,1263129,3003823
3772,2,2021,10,337599,237701,153317,2503421,74750,52137,1517615,1360362
3773,5,2024,6,528204,238790,365898,2834610,177534,202361,462262,1792065
3774,3,2021,8,704236,353381,150965,1204811,232008,376952,585884,2372521
3775,4,2022,5,135378,165774,117364,1463426,189808,166467,1042923,2411025
3776,2,2021,8,498678,304623,82371,1347828,107704,75072,1363051,4335812
3777,5,2023,10,122414,461985,360827,573310,166344,194110,1611851,4889537
3778,4,2024,9,480108,159579,269853,2690905,198380,307392,984746,2900573
3779,3,2025,8,368731,250313,107832,1497801,105428,236879,339897,4728683
3780,4,2025,10,119272,406223,146759,2462335,254871,63319,814627,1048430
3781,4,2022,7,609181,183517,393773,1753159,160020,75573,1184285,1593762
3782,5,2022,9,168232,102297,81303,945055,96406,351138,956979,4699775
3783,3,2023,9,958953,246580,354351,370396,158896,225182,309524,516780
3784,3,2023,7,489385,301152,316101,2055811,204797,133140,1817125,1206566
3785,5,2022,6,337869,120722,159076,1389895,172468,71161,1905813,785104
3786,1,2025,3,508953,211339,192731,930182,136306,369747,616989,3405974
3787,3,2023,12,413796,494915,318088,999870,109336,88788,736666,4656634
3788,3,2024,1,778073,287096,117918,1195511,264302,59509,1712302,1086859
3789,3,2022,6,927894,261008,260529,1678772,50150,396208,941416,4293009
3790,1,2025,3,898256,389029,169874,1660614,71568,63061,1605703,3829122
3791,1,2025,9,648181,398798,361627,2242146,52951,397454,435440,2675667
3792,1,2023,10,289671,348188,312152,325577,159532,139237,1009878,4569928
3793,1,2022,7,920937,375813,236029,369852,247677,271224,1260155,2517961
3794,3,2025,8,496279,391585,371520,1665891,237026,201636,1136532,1898746
3795,5,2025,3,842380,118240,245465,2370890,245418,359941,448274,1452718
3796,1,2025,4,862632,206597,191983,2118904,229658,159704,685865,978240
3797,5,2025,2,765358,326910,281153,573361,167015,173652,1001471,3201057
3798,4,2024,4,702522,453317,364398,1809792,182688,334530,1720636,3857147
3799,2,2022,11,524259,437077,64305,1058471,180601,382078,214314,831478
3800,5,2024,12,510878,162668,146509,839943,177055,308565,353741,4766444
3801,1,2023,6,916137,488457,210318,606613,198711,173852,742897,4061008
3802,4,2023,1,144051,251949,149633,2197407,227084,356942,289007,3053312
3803,4,2022,9,887216,490777,92999,1568359,284185,132236,1775540,613206
3804,1,2022,7,400066,463242,75766,2853723,125653,89645,808246,2153040
3805,5,2024,7,110893,345658,308808,1167190,64511,197159,964087,1065577
3806,5,2022,7,585457,174461,312033,1925044,100612,102938,959782,4549432
3807,1,2022,6,746510,184618,327101,992400,92106,129283,742303,517760
3808,2,2021,1,765280,196121,270525,1380351,66175,115824,806711,2238445
3809,5,2022,4,958422,58636,303404,2512578,222455,352422,1542876,4574335
3810,2,2023,11,962948,54667,381073,1327892,136574,225307,276924,2635853
3811,4,2024,6,937323,318663,63835,2362569,250130,386837,933176,700440
3812,2,2023,2,462365,378511,355420,1184143,296704,55798,504047,2818395
3813,1,2024,8,280169,245523,215193,1245173,272212,376827,290543,3099375
3814,3,2021,3,113600,262822,383582,2866338,73210,361002,1620452,1002815
3815,4,2023,8,712836,116818,67513,1532148,193344,366732,321853,4738429
3816,5,2023,3,762977,282640,377518,2108430,187907,315723,1832769,2520675
3817,3,2024,2,345410,367351,261178,375990,133537,371720,355644,2103485
3818,5,2021,9,323248,451631,120620,1349816,104330,297826,313696,3165750
3819,2,2023,6,706951,225864,210202,1336484,192846,184173,513663,1679907
3820,1,2021,4,577385,419826,214850,2450193,92659,394867,1510504,1950080
3821,3,2022,2,206457,379895,108357,2713081,293351,307040,1529077,1005730
3822,4,2023,8,474423,161254,238682,807956,95812,171041,1400199,1137763
3823,4,2025,1,399399,227801,220983,843983,276444,91118,1316148,1577907
3824,3,2024,7,437733,189486,384819,772357,280001,67735,1903476,3111831
3825,2,2022,9,940514,422196,120782,1556721,170898,52932,749664,2969832
3826,1,2023,6,344241,223990,160317,2408471,102051,68735,1375674,1873057
3827,3,2021,2,799984,322445,238824,2365945,206658,293853,951555,4603164
3828,5,2021,7,562182,225754,357648,1728129,204871,366309,1842701,1936592
3829,2,2024,8,810324,399888,76931,1981280,256947,366390,873554,4728829
3830,3,2023,7,397562,214942,263889,2803451,119733,297429,1996727,2105250
3831,1,2021,2,186980,252628,130755,1322910,101754,280176,815383,4872053
3832,1,2021,7,326561,395863,276702,1360142,240423,70586,1840625,3475580
3833,4,2024,2,943841,402344,378213,690622,132471,349825,1061392,1302190
3834,2,2025,11,634978,467646,393776,1604628,85515,174721,1232582,2820896
3835,5,2025,2,853904,268769,71874,1199360,265062,337636,1543626,4323822
3836,4,2021,6,126206,371010,323422,920264,166150,141560,1514372,2494987
3837,2,2023,8,709123,249023,145028,1715423,83980,313962,1517031,3290642
3838,5,2024,1,740177,196435,103773,1199482,55209,285060,1193136,2831176
3839,3,2021,3,579514,96702,93680,1313490,249962,181734,1807616,2599965
3840,2,2024,5,354064,214472,87077,2623002,117839,138779,1938713,1831683
3841,5,2021,1,626512,222552,54638,467875,152143,191636,1907526,3097464
3842,5,2021,7,639113,411797,120131,2475046,293337,346379,970170,2685670
3843,4,2022,6,489970,377846,204972,2654799,94553,177617,1079020,1999913
3844,1,2021,3,647017,203182,316045,303566,60963,136413,670744,3554228
3845,3,2025,1,503660,359930,324411,1568808,269364,141901,1786907,1583473
3846,5,2023,11,986002,401015,357024,1837865,203524,328462,594593,4641180
3847,5,2022,7,401672,466493,283894,840473,211555,362215,1254647,3629514
3848,3,2021,3,795719,494401,280561,1433383,294889,72429,1434998,3263900
3849,5,2021,8,507903,198778,207394,1346392,178369,205526,566248,835709
3850,4,2023,7,134990,435964,89053,927219,190943,131159,1511714,3247833
3851,5,2021,8,809141,326128,259368,982510,151616,117957,458905,4878349
3852,1,2025,4,815110,276714,310374,2556322,200431,344744,889252,587804
3853,3,2021,12,124457,159800,88711,1195895,92235,328376,586302,1982430
3854,2,2023,8,127692,54084,52240,2244630,228088,253185,679764,4921293
3855,2,2022,3,867401,225548,195840,1395299,226320,342640,1117211,3338870
3856,3,2023,12,417852,314194,256560,2299153,144358,360208,1713530,4668242
3857,1,2021,2,178036,439641,218794,343314,95767,209595,1621944,4441324
3858,1,2025,7,574473,171363,230520,2225435,139183,283728,1812262,2177079
3859,4,2022,10,344468,411404,212932,1788320,211625,176362,1049606,760567
3860,4,2021,11,474319,114816,208870,2043468,296300,313584,294108,667193
3861,3,2021,8,959353,157182,346474,413588,96778,156064,1352226,2103481
3862,3,2022,2,853906,396789,61674,2645638,192329,230553,904422,3312265
3863,3,2024,2,713922,440025,199573,2816121,295041,82651,994376,896679
3864,3,2023,4,420722,125774,103492,1470465,275737,369186,410691,2506032
3865,3,2025,12,545641,265247,256863,802456,112399,183598,1886555,3897477
3866,4,2025,7,469079,277570,174839,1845952,79031,67764,751960,1481142
3867,4,2024,11,199935,122556,71881,747544,124016,99955,1777163,1538111
3868,4,2022,6,825791,151860,264405,1801643,269703,157483,255792,1687832
3869,5,2025,2,485243,200568,372999,1276349,124146,53728,833597,1044612
3870,2,2024,2,662565,223618,132245,1363867,234798,228618,1442864,2522463
3871,2,2022,9,697686,335985,210333,1253846,138499,155424,1842631,4774639
3872,5,2022,7,254019,419691,242047,1378907,238304,270080,649154,1403778
3873,1,2022,11,893983,74475,160785,442773,299097,245877,1607424,4293874
3874,1,2022,6,611635,274906,287790,1352030,192474,231927,1102439,3053507
3875,5,2025,4,745292,251007,327765,435979,95165,366542,1568223,3375878
3876,4,2022,1,267987,151974,335425,2842863,140016,80587,914646,1661597
3877,2,2021,4,911426,448724,265012,2233048,212014,144227,1517314,4563498
3878,4,2025,1,845942,90526,142754,2630331,51571,122943,1679989,2604383
3879,1,2023,11,475422,328049,347718,439884,221083,92793,1423030,1353938
3880,1,2024,1,429342,298899,81633,1174914,148940,98457,843486,2065101
3881,1,2024,8,486839,270920,333820,1608967,266314,201852,396263,3137445
3882,2,2024,6,711974,328289,299388,2758386,171976,202989,1346889,4407543
3883,2,2025,9,450616,216223,346520,2056805,91163,324688,244677,4190908
3884,5,2022,7,609411,252331,263100,2262857,97174,261822,1723543,4053649
3885,4,2025,11,883779,280707,112996,1431018,147653,151369,410031,3782743
3886,4,2025,6,888977,173586,392270,1174935,51485,333167,1005791,1441996
3887,1,2021,8,171068,143903,81919,2901607,133718,66249,1582308,2721941
3888,5,2024,2,797050,449178,250587,2519847,194530,228715,1600068,3666224
3889,5,2022,1,844073,237112,386220,1264285,206358,67162,866761,3836216
3890,4,2024,9,477899,228125,55607,958011,77931,150879,1906892,1884282
3891,1,2022,3,524708,315802,379986,901662,69548,284728,1899161,2244948
3892,2,2024,4,516802,105850,231629,552857,107738,70383,1071352,787147
3893,4,2025,11,573294,132348,132771,444781,267531,213709,1511590,2885583
3894,2,2023,10,439082,81550,222004,368444,110408,198169,578397,2454696
3895,1,2021,8,970477,487102,383421,1785943,209591,220709,562842,2604001
3896,3,2023,12,466511,227216,318326,364909,132128,338329,1766012,676110
3897,4,2021,8,931450,409709,177251,1457940,264352,354255,362614,1311140
3898,2,2021,1,524838,67891,124762,768154,136679,78919,1231607,3373404
3899,1,2023,1,593674,407691,73978,447884,260973,342057,1024438,2512088
3900,5,2023,12,767463,67107,126779,542149,141060,120466,1473836,678360
3901,3,2024,4,955313,194556,339846,1461977,250701,279130,1489901,4340945
3902,3,2025,3,844074,457422,118181,1786911,146251,387438,1915832,2749285
3903,1,2023,1,940761,56910,135530,1134000,181749,113781,1852462,2122007
3904,4,2022,9,988513,121793,316939,1777461,51020,193309,1509711,715238
3905,4,2024,10,602257,253348,242976,354262,113134,249790,629619,4302811
3906,4,2023,11,854023,404311,58197,1806766,272687,265922,1375646,2281778
3907,4,2022,5,916573,319433,292614,1823237,180303,267593,1134072,3898876
3908,2,2023,4,597946,360482,76582,849214,266707,292516,1648017,4274998
3909,5,2021,10,273014,247377,285534,1055705,86260,295967,1358062,1574989
3910,3,2023,10,885378,254198,394417,1647999,196352,152400,535698,974686
3911,2,2024,4,245793,180432,182828,1849846,62008,152699,1754591,4963236
3912,3,2025,10,800331,229789,207944,1745888,162866,271247,564882,3665914
3913,2,2022,4,190428,210445,101957,2421139,180016,266419,565181,4902193
3914,2,2024,11,745526,99603,288785,2181475,275221,100758,866810,4922345
3915,3,2025,12,655462,198620,274713,2631702,137402,304940,684534,4309168
3916,4,2021,8,569164,113463,301141,2609421,94100,206041,1956324,923437
3917,2,2023,1,267279,266309,89757,2991613,118942,69565,725138,1329788
3918,5,2023,9,393569,258629,73754,2684049,117994,339008,858896,2043608
3919,2,2025,5,481485,272216,103310,636178,257965,198560,906102,1610223
3920,2,2025,9,265635,451333,245629,593150,236482,271315,1413407,1564337
3921,5,2023,8,677944,192516,134924,2509065,168668,98836,966364,3401607
3922,4,2025,9,587168,369482,333111,2815099,222272,143362,1391482,3919930
3923,3,2024,7,986046,82757,345019,518628,288426,357063,1750056,1779766
3924,5,2023,3,929905,403864,176319,546191,168160,157280,1640615,4551835
3925,1,2024,4,627303,183325,308706,414027,176987,115986,528045,3569155
3926,3,2021,4,997732,403217,51447,2278880,258579,243618,1944862,1423864
3927,4,2021,6,665022,205815,325658,1748955,171203,398641,1524104,694680
3928,4,2021,2,829056,154748,143198,486606,109341,181513,1905035,2148380
3929,3,2025,5,568951,479843,342779,359990,231364,52150,1489851,852877
3930,3,2023,9,792214,85217,229732,2962575,121413,142079,844597,3572166
3931,3,2024,7,691422,477183,332640,606417,101474,378145,1251284,766936
3932,4,2023,11,575641,154471,342007,2934304,112391,233151,1373251,4604816
3933,4,2024,11,634873,71744,90488,1121173,194455,242330,1577688,1571111
3934,2,2021,10,141642,369154,341258,2402420,74835,389899,1457402,3475238
3935,5,2021,8,694766,342427,320605,307791,102966,280019,303805,3895270
3936,1,2022,6,699245,275817,211501,1829676,137634,394614,1256996,3850514
3937,2,2023,10,742220,143803,338779,1319187,292660,291338,1582661,2284169
3938,4,2025,9,825428,360101,263898,2055003,161455,139335,1132532,1303422
3939,2,2025,12,707174,105369,218317,2612591,276769,155810,1921660,3644236
3940,4,2022,2,748063,172621,341828,1540583,248147,71079,1430879,3310252
3941,2,2024,1,766105,309243,185623,1867363,144477,299616,550351,4798338
3942,3,2023,11,199462,219421,117949,532267,184864,173671,1743504,4685699
3943,4,2021,4,709304,358470,328116,866632,168362,199539,1105801,2966330
3944,4,2025,3,441963,432961,226734,1792098,104944,76077,231713,4816059
3945,2,2022,8,489906,146940,345577,2219729,75190,324719,1809052,1955224
3946,3,2025,11,734068,237025,262797,2574303,122653,200725,1805916,2213844
3947,1,2025,7,865442,419407,149166,2645942,186844,320627,657654,821027
3948,4,2025,12,430940,317082,366957,2246627,191646,97185,1588169,1328533
3949,3,2023,6,210089,457045,341599,551477,154989,77665,1076736,3470774
3950,2,2021,7,547633,228207,71727,1643532,136045,64744,1730253,561873
3951,2,2021,5,780881,183097,192894,1745238,184405,388583,1225590,1725642
3952,3,2023,7,617016,319678,152621,1662350,161241,344381,463030,3304517
3953,3,2025,9,199271,393588,390458,2130375,123963,332016,409174,3928558
3954,4,2024,10,623781,310522,123079,1987039,56368,293944,829573,3447814
3955,5,2025,12,434160,275435,137856,2025096,103544,237111,1527942,1347163
3956,4,2024,2,145233,438578,355036,627415,217277,393323,309343,4622196
3957,4,2025,9,607401,143164,259467,1878878,129391,183685,1185526,2246840
3958,5,2025,7,459888,128543,253939,841779,178847,284569,1152671,4461746
3959,5,2025,10,969645,220998,187284,1233349,210777,235311,223346,3792359
3960,3,2022,1,923414,261544,76139,2973014,54925,206632,1409551,4584231
3961,3,2023,8,976562,460642,384251,1644830,194850,298038,487343,2696217
3962,1,2023,2,865493,284020,139937,440121,143447,164342,1910276,2848480
3963,1,2021,5,375328,161505,226562,2412453,283989,139786,1077983,1001723
3964,5,2021,4,916989,435808,208713,2120309,200907,151287,682389,3048926
3965,5,2021,12,117066,252202,230873,1027601,195248,63325,1264074,3099531
3966,4,2023,6,777431,389301,222031,1711358,166558,183861,1964300,2361485
3967,5,2024,12,201368,441636,294860,2625778,120204,130476,416935,4646896
3968,4,2024,1,764153,151542,154301,1448382,248351,270542,762774,2948514
3969,4,2022,9,643114,86741,142258,2486323,194340,213636,870942,3864104
3970,4,2025,10,952110,459595,152305,1383143,262254,241233,718461,3063667
3971,1,2022,11,406740,431080,303239,1874568,299519,170723,224936,2733516
3972,4,2022,3,243045,306421,348339,356121,280999,210706,1014874,4742060
3973,1,2021,6,979410,182096,184249,1642170,216426,51617,1090182,4812736
3974,1,2024,7,295793,219926,57068,701571,233213,332064,1162321,648160
3975,2,2021,7,409870,399641,218950,2481514,196938,181794,527885,2059445
3976,3,2025,1,505046,335810,60238,1857214,189049,241630,932775,1227706
3977,2,2025,5,427009,150985,173364,2904718,103245,114931,681266,2659916
3978,5,2022,10,197357,350682,338498,2559841,218483,294203,1162158,4805504
3979,3,2021,9,805666,113029,241633,2723562,245591,221091,872242,2579514
3980,5,2025,9,451183,136352,231093,1714101,64475,294501,924024,3038207
3981,2,2023,7,888762,249244,149735,1147323,158284,181223,896873,1105937
3982,4,2022,1,620327,262057,210865,2794799,209494,61942,1887980,3642165
3983,4,2025,12,907111,473762,67943,2435066,193888,113374,1657899,4500944
3984,3,2022,3,523006,432819,97029,1192607,275800,333625,1129296,1895277
3985,5,2023,3,247965,148634,214816,1671499,208640,361700,1099798,4905241
3986,4,2025,9,370926,321491,238693,439336,290979,72526,1729110,2848724
3987,1,2023,3,844704,256951,59228,424731,55543,58023,1976339,4454853
3988,4,2023,8,625073,420839,269957,1833661,114062,395284,1720370,2009780
3989,4,2021,11,705188,284016,234070,365043,109491,364426,1322978,2052326
3990,2,2021,5,399200,364252,158470,1041584,258569,303165,1999465,4430237
3991,2,2025,2,224970,226031,294488,1063522,262688,358443,1667544,1777431
3992,3,2022,8,201268,149459,375035,753423,90096,219431,979765,2999211
3993,2,2025,9,417609,117300,389036,2831426,57200,330507,1597106,783209
3994,1,2022,4,745949,115087,333739,1861315,101739,377488,1901329,2681928
3995,3,2025,10,153264,175149,396634,828659,172827,184740,899884,2507260
3996,2,2024,3,675968,326206,149094,1198192,198287,354645,699634,2774598
3997,2,2022,12,715167,349464,315318,2065949,244243,84842,1477544,3731515
3998,1,2023,12,113169,495635,269229,350311,60177,368765,239941,3841410
3999,1,2022,11,815903,75465,234065,1551882,219003,238734,1046086,4388700
4000,2,2022,2,798841,252498,277290,2386271,230115,381022,1844400,4736087
4001,2,2025,1,515552,326535,388398,1598641,54739,221392,465915,816971
4002,3,2022,2,263375,465350,201212,1828043,217573,147525,1332960,818311
4003,4,2025,10,177517,186963,288264,2480059,60817,209483,1099820,2850608
4004,1,2021,9,620898,262473,140946,2957523,70016,362364,340031,3532404
4005,4,2024,8,364462,264276,151974,1273980,141479,68807,1649708,709424
4006,5,2022,4,938889,343175,184712,2203001,255920,364811,1478974,1494220
4007,4,2022,10,375416,112757,185052,1735991,72277,164819,1335879,2865871
4008,2,2021,6,348968,131053,379548,801244,178057,350929,1394773,549259
4009,1,2022,11,242982,386531,111072,849835,218590,236838,878698,3578921
4010,2,2024,6,582779,410355,83646,2670023,145045,118007,342069,3738142
4011,5,2023,3,668132,299516,133665,425390,204157,70352,1878698,2375918
4012,3,2025,6,805718,179668,302952,2784533,195633,103137,1548518,4725977
4013,4,2024,5,563306,118698,170537,1677378,247121,200138,286870,2003187
4014,3,2024,8,120786,65056,305343,2325764,176385,287511,1068844,1632578
4015,1,2022,9,294250,216247,373714,870696,115132,311270,903740,2883642
4016,1,2023,11,963344,91077,349002,318041,117245,95628,1933647,2186099
4017,3,2022,5,877653,132222,177807,2636762,180593,87160,828749,1552772
4018,5,2022,4,319802,131844,138187,2801724,76769,144604,1830653,4049101
4019,2,2023,2,224860,151222,354401,2405030,287306,337664,1862075,3479476
4020,2,2021,11,127189,63677,65456,1810945,207455,356490,269604,878144
4021,4,2022,4,623828,478328,314798,1366129,171229,317854,1043340,1716722
4022,3,2021,9,266343,69029,151780,373300,216856,54689,1196768,2746820
4023,5,2024,2,681405,136149,223066,2625733,69542,63807,1457546,1664118
4024,3,2021,12,811202,313268,394555,335893,67628,183339,1637841,2526550
4025,3,2025,10,247900,325835,378355,1284797,85045,188844,1584084,4765286
4026,2,2024,6,446498,134194,281194,2040402,102592,195759,1201302,1828552
4027,2,2024,6,137103,268770,263124,2607402,298562,220354,1305472,4358305
4028,5,2023,4,894307,188189,204821,2731840,191129,98960,1041508,1028821
4029,5,2025,12,403510,318682,324534,509732,76162,142737,1058831,2063290
4030,2,2024,11,983242,444186,394918,1984372,271829,138841,1237575,1484965
4031,5,2022,3,153023,293989,287764,1992816,135638,95929,901860,1418790
4032,4,2024,7,477982,135091,351223,2381178,223406,231936,1863682,1927610
4033,3,2025,9,716011,345717,180475,2985091,133361,285457,622500,2997939
4034,3,2023,5,917617,260724,92833,812886,182227,98733,1948288,4241002
4035,3,2023,3,755361,218605,89839,2661280,91224,341604,1178183,3486616
4036,4,2025,1,256093,161620,180393,862857,68109,330460,1461668,2668185
4037,3,2022,8,296113,140764,148823,1296518,134089,200264,1797773,2730067
4038,5,2024,1,315450,123862,226529,1292243,185694,79577,332745,3257480
4039,3,2023,9,204473,364183,295648,496398,247865,344563,412827,2010108
4040,4,2023,5,284689,62350,206699,1847063,298257,122467,1192757,2851587
4041,2,2022,11,989685,368878,348160,2970254,148399,338584,904097,3405092
4042,1,2022,11,811805,485132,363989,1407445,161608,62425,1770465,948161
4043,5,2025,6,251138,80166,65630,2824645,151474,308069,1322064,3995218
4044,2,2021,1,629271,307797,226105,1051343,124172,200630,1794728,598930
4045,5,2021,12,275052,135961,245083,1615685,247158,186449,608196,1115400
4046,4,2023,7,143567,391981,335025,2250563,228489,119945,1380196,4174060
4047,2,2022,5,865282,105389,399593,710946,130851,194514,1407542,4193768
4048,5,2021,1,864319,76487,219213,1640208,265532,51121,1041950,3116085
4049,1,2023,10,917904,495362,317701,937004,259452,382902,1725772,951840
4050,2,2025,2,131191,272443,255380,437532,172264,295977,1754088,2569764
4051,2,2023,7,963083,426951,370083,1124369,162031,79893,1476190,3310841
4052,4,2021,7,702160,174678,60891,2050181,210659,50677,1582504,2732458
4053,1,2024,10,422692,230201,361521,379232,279427,115694,941618,3122954
4054,1,2025,6,960839,216725,78801,617786,145094,254916,1106213,644752
4055,2,2025,2,692746,278251,183610,2543667,200301,120702,483675,3349854
4056,1,2025,6,966266,269829,375275,2865580,149712,106064,1685888,3479670
4057,3,2022,9,309709,147903,85214,1950819,118377,210549,1120059,1496438
4058,2,2021,12,281953,219125,300380,2969572,196330,347229,890856,3871766
4059,2,2024,8,295204,429513,310565,1907446,225616,55923,1059179,922776
4060,3,2021,11,742017,469975,297237,2827658,193389,310180,826143,4213673
4061,1,2024,5,258900,56836,395399,329848,171660,78304,1403773,1816665
4062,1,2025,1,380498,121633,189734,1256066,286037,228052,274117,900898
4063,1,2021,8,338326,399069,372873,2148419,189892,195900,645184,3491420
4064,1,2025,1,778670,349857,130150,440885,250003,220852,1093283,4559163
4065,2,2025,3,407933,478182,234708,1307309,151170,248140,482872,3056578
4066,2,2021,5,472729,444111,246600,2023004,202777,104347,1449755,4483215
4067,4,2024,1,962005,286092,155849,2664363,210333,211697,1321341,3549167
4068,4,2023,11,527242,89015,157612,1252221,272316,376808,1973797,2387106
4069,3,2022,12,457675,473456,327217,2307141,252232,224362,978910,2721987
4070,5,2023,4,459791,248847,378837,1527121,218898,92755,444365,3096690
4071,3,2023,4,528904,494154,211948,1992132,292408,266101,581127,1412118
4072,3,2023,4,772854,297827,313219,2253561,188424,345163,310571,4763583
4073,5,2022,11,775594,163961,297662,2865060,285822,281245,1248217,1242225
4074,5,2023,6,188516,83290,208788,2847961,225378,260484,357120,4776984
4075,1,2024,12,955203,97501,218478,2835872,63862,229136,1503460,2828011
4076,4,2025,3,559138,191781,215505,573687,154546,321722,681942,3468203
4077,1,2024,12,562664,386110,180262,1345849,79618,105041,1125577,556463
4078,2,2021,8,113591,396053,159371,1582197,119026,57478,1963764,1086785
4079,4,2023,6,679730,155529,125915,1211998,289081,66068,586360,1225903
4080,3,2025,5,609042,416015,384775,1144989,149429,108424,1374472,2473677
4081,4,2021,5,357040,66237,157684,2443018,168901,303386,1362496,3241474
4082,5,2021,4,742268,281763,139675,2274843,222920,60660,1308355,927720
4083,3,2021,11,260208,185084,335132,1278962,198217,105209,589684,1227230
4084,3,2025,3,616318,492922,331424,322575,77279,187430,1206849,1529837
4085,2,2024,10,277035,405743,274860,889800,169352,382950,667598,563849
4086,1,2023,12,129715,375355,193732,1139327,119121,332201,1503227,3345794
4087,1,2025,10,481565,50459,320776,1182012,181912,335672,1352915,4909657
4088,2,2021,8,278126,68420,347497,368404,123260,311833,510606,4381257
4089,4,2025,8,881515,276231,258322,1025612,102703,110738,1527141,1044702
4090,4,2022,11,985633,358134,72434,961055,74358,279005,1032648,3383922
4091,4,2024,2,294793,333052,310855,324831,93446,195979,1476063,3573414
4092,2,2022,6,100012,275405,381147,2193338,124203,57006,1399533,4329447
4093,5,2023,1,273455,114846,121730,1426183,175652,232986,637442,3580928
4094,4,2025,5,228217,402562,56961,1539028,113718,370954,1441416,962716
4095,1,2024,1,914841,363171,322036,2197162,166809,214606,1725989,3443031
4096,2,2021,11,776484,449421,84682,883496,246734,386726,451536,3411886
4097,4,2023,12,303602,149776,345530,2890920,123146,161955,1760815,910273
4098,2,2023,4,541761,437754,179930,2979463,228579,215904,1319178,1050484
4099,3,2022,12,822315,114300,201253,539873,176301,245060,1446159,2157668
4100,3,2025,7,185227,223639,67830,2974691,212054,181719,326655,3259251
4101,5,2025,1,157615,139481,376128,2939599,218318,74761,388584,4496488
4102,2,2021,1,386148,373351,187962,2867668,113721,366873,1745596,2475979
4103,5,2024,12,982320,281476,92300,1933964,160134,345950,1296916,4149451
4104,2,2022,2,663107,268898,66678,1668054,272561,222462,440426,738573
4105,5,2021,7,109899,61710,86934,2242843,79422,244768,536718,4430847
4106,4,2024,8,630738,339859,376672,852655,154422,295971,1505210,774634
4107,5,2024,1,210025,301864,148074,2769562,57430,297649,1512928,1222213
4108,1,2022,9,126926,73739,244105,2240378,231163,359075,562562,722031
4109,2,2025,7,719408,379286,122253,1593101,252009,342370,339723,3142744
4110,4,2021,11,487427,309774,321420,962021,209724,142741,580508,1434221
4111,4,2025,4,322524,432055,107191,673131,112569,244001,389482,1724767
4112,3,2021,10,793284,65057,148000,1698273,97347,285082,751154,4754753
4113,1,2023,11,428654,325093,321793,940943,239091,196477,536491,1077378
4114,1,2024,4,636373,411517,373557,2733650,82209,208621,206826,932016
4115,2,2021,2,717776,264614,189950,2049558,91846,373312,1942098,2076166
4116,5,2023,11,688350,127269,398951,1302015,189430,295588,326119,2068230
4117,5,2023,12,169518,489075,359304,1184550,246880,396784,1269219,2048087
4118,2,2023,9,431782,303492,337500,977970,104472,167306,350197,3833234
4119,3,2024,3,543528,402946,103075,462226,270356,274860,327372,2850875
4120,4,2023,4,507930,142692,103353,393044,50912,353760,1309689,4510963
4121,5,2022,3,309260,194494,295169,2465770,205246,306732,984751,3421554
4122,3,2021,9,565967,371830,321887,1850652,111662,192766,1214890,4693450
4123,1,2021,9,429500,485779,315382,2463657,71161,282982,962440,1836372
4124,1,2023,10,556648,72152,308613,2113777,51234,336045,837428,1001381
4125,3,2023,2,800450,159662,332809,2271337,188903,91573,201386,3837666
4126,3,2023,4,254989,314876,206253,1871243,294514,366505,1592700,868016
4127,3,2024,2,695029,168723,227893,455418,243579,178325,1186498,4703146
4128,5,2023,12,993094,297650,383405,2939006,138256,356273,721599,3445871
4129,4,2025,2,851326,475378,118298,879326,182848,180906,361842,1387684
4130,2,2022,1,100861,396745,293913,1608469,132693,314184,1582272,631090
4131,2,2023,9,540017,113158,75871,1837694,61793,138960,1071092,1808032
4132,4,2025,10,311828,342279,295688,1739214,135962,211167,1472268,3555565
4133,5,2023,8,462058,347608,265266,760028,238168,144453,1640208,1209879
4134,2,2023,3,205581,335234,311568,1863634,250563,178773,1597173,3066877
4135,1,2025,11,309082,134416,255481,676050,103378,342565,1734279,2670297
4136,3,2024,8,928263,415361,238950,2493427,85257,67339,929534,962393
4137,3,2023,11,141663,292332,281758,2890512,116339,90625,1559353,4097277
4138,4,2022,2,805809,93449,141776,1700743,149441,297394,871661,1171518
4139,1,2021,9,166092,450625,56459,1380886,165202,129537,1020304,2579799
4140,5,2025,1,507949,420683,253895,2385584,162300,215162,1868881,1692563
4141,1,2024,12,794824,492457,231862,467036,100797,152734,310116,2848199
4142,5,2021,11,337864,322702,135682,2444465,287165,96246,1975173,2434719
4143,4,2022,11,843137,139198,180301,2399833,131455,208356,1231517,3422535
4144,5,2024,5,868633,415209,160180,2322450,181340,373635,1434404,2479181
4145,5,2025,9,187905,275764,83872,454647,207211,198564,1478607,739602
4146,2,2021,6,807941,171037,324830,1860684,271943,170761,1143597,1598060
4147,5,2025,3,733333,390165,280073,588206,167659,288939,780975,4245006
4148,4,2025,3,997100,362663,229255,1986349,62517,213945,1807854,1157015
4149,4,2023,12,999256,270738,370461,808072,148990,98306,261134,3298131
4150,4,2022,10,112902,426530,262923,1566885,91198,53814,1541064,1413863
4151,4,2024,7,272846,196738,196403,570284,238575,100013,437767,3093341
4152,2,2022,9,634966,400671,306035,2499033,106943,323550,876847,2576527
4153,5,2021,8,685233,206676,164340,2094953,289109,180318,406009,949370
4154,1,2021,5,134006,495781,228236,1689952,168183,391923,274171,1377567
4155,1,2022,12,597301,126546,132317,779516,210017,249001,760682,2368689
4156,2,2025,5,842979,228324,232440,957953,199045,187682,1838001,4079151
4157,2,2023,6,523386,172775,396958,2599377,51320,268295,958783,663237
4158,4,2021,1,201071,117833,151091,2361877,176553,71582,1171051,690984
4159,4,2021,1,991791,424401,222842,733304,268718,305843,1729281,3920774
4160,5,2021,2,263035,246641,121293,2587307,162739,155250,1838045,657867
4161,4,2023,11,517860,87107,348207,1440589,169162,331215,806520,1211046
4162,3,2021,12,535791,348753,374717,1451110,182797,284794,694383,1946283
4163,4,2025,2,247742,358502,73955,712405,270301,326254,1491600,1630601
4164,3,2024,10,176280,85106,295998,2766815,225166,372710,489334,963561
4165,4,2024,12,813326,93207,285728,1691040,176167,220015,953906,1382159
4166,3,2024,9,192020,472427,93962,2838980,69435,205326,1031485,3208252
4167,1,2025,12,177590,147349,271711,1269662,107331,356035,713770,3120256
4168,5,2022,1,543426,275683,390764,1508135,183808,56898,1215041,3962666
4169,2,2022,11,894838,428873,187535,1621057,188978,197025,817252,2259533
4170,5,2024,4,473404,61810,331882,2265173,240934,229851,939800,593179
4171,5,2025,7,398088,99549,335739,583431,258529,235140,261767,1783109
4172,5,2021,11,448515,375152,75634,2506689,131962,175540,981259,4475955
4173,1,2022,1,363922,243086,71067,903950,195115,92788,733021,3068833
4174,4,2023,1,153907,443417,391581,1777204,261024,126678,1862658,2315555
4175,2,2025,5,588272,138690,69110,964625,280670,377204,1198261,2109279
4176,2,2025,8,131403,452371,353475,478488,181604,322202,1776446,2401443
4177,2,2023,6,840094,329297,366872,2316627,238325,395121,866441,1540259
4178,2,2022,1,705336,425186,360750,2860153,99323,264925,1037276,3600687
4179,2,2021,6,134932,499584,209554,2711498,210958,132312,753708,1993625
4180,3,2021,7,349972,338176,54086,2948041,299746,68847,860614,4883024
4181,2,2021,9,142133,267448,70522,680842,63436,51770,830813,2979825
4182,2,2025,8,651576,291476,231555,993284,209597,216174,503096,4456478
4183,3,2024,2,628836,359072,238651,595614,89106,197593,1615993,4605504
4184,2,2022,1,870357,50080,93528,2848110,52875,202890,814547,758425
4185,3,2021,11,281636,194075,140787,2024963,250453,158910,312704,3700993
4186,4,2022,4,661051,365269,206870,1504002,60462,335384,1756865,2813303
4187,1,2022,3,727961,121610,162375,1563156,204634,101178,783529,2377952
4188,4,2025,10,958454,167669,387285,1708650,192148,209973,1312247,4100154
4189,5,2023,5,885707,212709,265838,1264329,283311,224269,868219,4261203
4190,3,2025,3,942556,499155,313938,1764802,82322,306735,230829,2210201
4191,2,2023,5,463241,348718,260698,2079853,60816,173856,1848097,3039962
4192,3,2025,5,748268,339783,294638,2576434,149266,300118,400659,3573589
4193,4,2025,4,902755,209882,121362,590565,177869,337690,577305,2085573
4194,2,2021,3,603051,157827,73731,2275477,80648,381978,788642,1891059
4195,5,2025,2,989166,55320,127093,2513188,248519,366413,1877959,1060928
4196,1,2023,9,987369,294395,397544,2114100,92380,295222,529659,4782274
4197,4,2023,9,566230,173285,160432,2830338,214392,183481,652362,4914511
4198,5,2021,4,299620,346169,167330,1985849,233597,122770,246548,2960432
4199,5,2023,7,425826,285960,260729,1114941,262944,173922,1936396,3280867
4200,5,2021,4,675157,152472,66521,613859,257769,308962,995566,3044412
4201,3,2021,5,633619,243498,87193,2670322,167041,115366,1507576,1909863
4202,4,2023,1,580455,96674,196148,379630,100876,320817,1188126,4860288
4203,1,2021,3,652060,265587,177909,710221,131942,343893,759814,1984298
4204,3,2022,9,688383,486662,84611,2216956,129260,129351,1000763,3477879
4205,2,2025,4,644765,145855,144621,2405393,253437,321098,219216,2110086
4206,5,2024,7,494204,351540,60579,2542800,155488,92519,203385,4435818
4207,5,2023,12,393426,395915,128564,1952300,107424,127351,432801,2602235
4208,3,2023,8,110646,164823,114782,2159768,137534,305217,1924619,2222856
4209,4,2021,6,890616,132453,268512,2055955,56265,327502,603098,2067599
4210,3,2022,10,959116,256488,281157,871142,189829,339983,910331,4671287
4211,5,2024,4,392411,56818,117811,1051137,106878,304433,1412506,4084074
4212,2,2022,12,593381,196181,359743,927952,145271,148756,1375161,3894105
4213,4,2025,6,414443,402639,358473,2412248,178138,249235,670520,4069664
4214,5,2023,4,610667,438814,88934,1861592,205037,345138,1212891,1781606
4215,4,2023,6,610676,175420,317508,2679265,266117,396791,1461644,3982845
4216,5,2023,7,315841,111956,318151,1224511,215987,348814,1810779,4175692
4217,5,2025,9,240926,272074,378536,884438,235703,299227,978231,512300
4218,5,2024,3,153415,383791,56950,2660439,246831,152040,1430003,723499
4219,3,2023,7,857231,52599,269365,1664023,121144,385193,1699644,3952120
4220,2,2025,8,182788,151858,243048,2293353,282595,374311,776943,2743875
4221,3,2021,7,642240,434928,325582,2232776,107886,117917,1264494,2538499
4222,2,2021,6,255156,474122,185801,1159685,100795,53952,1075779,4760182
4223,5,2024,4,187628,344850,79394,1743055,259586,136740,1125344,3992886
4224,4,2024,9,837721,159720,77927,2412762,62536,82902,943502,2074353
4225,5,2022,10,419233,151268,353802,869620,52861,104281,1760062,2541951
4226,5,2022,6,164499,408431,313578,2385011,294520,298708,1679972,606644
4227,4,2023,9,227060,157163,266918,1861510,87625,187032,227264,1997498
4228,1,2023,2,528146,322701,392149,746220,166415,196832,1672928,3349817
4229,2,2021,5,683442,211257,59723,628424,256277,297977,442727,3553283
4230,4,2024,6,608785,343812,283852,1631800,238118,293611,1136976,2022576
4231,4,2022,8,427260,131535,110227,2053866,166362,308838,1611447,3313555
4232,4,2022,5,905005,482716,342230,1064117,111599,309785,1565314,2262417
4233,3,2023,12,407135,264895,86571,830874,119557,351219,614091,2896494
4234,5,2025,12,204078,217917,105216,2207017,51726,246721,588111,3752656
4235,3,2025,8,512251,321493,337966,2827972,263241,119337,1827568,3211220
4236,1,2021,11,342098,439244,317821,670071,100455,350266,633048,2751704
4237,1,2022,3,455889,463142,191546,1721573,186463,339374,726963,4897835
4238,1,2022,11,993602,144020,272940,1016000,111275,220977,650576,1058725
4239,3,2023,10,946293,458208,153280,724697,267451,385384,1600144,2538439
4240,4,2022,3,775776,51657,384154,1529315,200948,371900,1292872,567186
4241,3,2025,6,621834,203932,329000,1684800,205351,360151,352667,1005494
4242,3,2022,8,724272,316407,396050,1715354,220214,338409,840811,1032878
4243,5,2023,5,673882,317939,135843,1336776,232281,222668,947805,2656799
4244,5,2021,11,315568,157940,147539,2289694,226514,90256,1877420,2773088
4245,2,2024,11,544375,482560,165448,1750722,224872,197824,1187198,4732940
4246,4,2025,12,500853,103188,241274,536690,281029,251852,785541,4599643
4247,4,2021,3,559966,176963,214993,2231556,86968,296713,1534119,714232
4248,1,2025,1,665082,142764,89293,2431969,177273,118217,643850,4158851
4249,1,2022,10,960131,439507,132146,521013,292075,340235,1698938,1970962
4250,4,2023,8,695917,330327,280261,1131575,164623,346743,754854,622100
4251,3,2022,2,390198,276794,316553,2352480,280915,348002,593073,4401595
4252,3,2023,11,901223,304873,295989,1860512,265404,125459,1837713,1888197
4253,1,2024,9,902445,186331,285480,792682,265178,276015,301433,2715873
4254,4,2021,9,247748,149009,51520,886265,208208,273014,455275,4694714
4255,5,2024,12,882634,125009,175905,2922118,165418,368674,496098,1716820
4256,4,2023,8,948491,331016,75844,1150244,160548,290252,1172901,1318978
4257,1,2021,8,163715,489720,78801,403382,242502,240221,919804,3455346
4258,3,2022,6,691821,412229,215066,2379233,102534,109391,691478,3021187
4259,4,2024,3,130032,129177,309719,2580601,268334,275559,1280903,1418214
4260,1,2021,12,254193,90212,302297,386500,170756,267225,773042,3919013
4261,5,2025,11,835489,123497,287768,993867,235510,178048,664421,994958
4262,1,2023,2,821723,124422,89702,739857,179777,318369,1021910,4401034
4263,2,2025,10,253057,425250,175919,860047,62504,63845,1187701,3561818
4264,4,2025,5,183431,227802,92181,1774777,163198,374440,1123701,1512568
4265,3,2023,9,917928,129873,113332,2171536,87959,164480,614490,699767
4266,5,2021,7,264986,202464,305613,1189900,109673,313545,1497760,1821129
4267,1,2022,1,291852,138529,80773,1794832,185975,213838,1113405,3117842
4268,1,2022,11,786908,314271,185917,1399773,82000,339897,1779409,541381
4269,4,2025,1,112332,353133,376931,2854798,250086,84917,1311126,2440024
4270,3,2024,10,882147,110913,141064,2257753,79946,381357,1731138,1766220
4271,2,2024,10,260943,404627,277053,2488214,95909,111419,584692,2109085
4272,5,2025,9,375378,462823,114265,1027709,168062,66485,578047,1696383
4273,5,2025,11,131038,79314,356662,465440,256262,252588,1319421,2050021
4274,1,2025,4,763611,396686,321625,1124587,279015,287891,1097376,1679879
4275,3,2021,7,200703,228983,189746,2117775,144647,326782,1418280,4866382
4276,3,2022,8,584360,493802,388197,2339495,282171,184415,1662314,4146448
4277,5,2022,9,754938,124813,375808,2821753,249575,394439,1083127,4614019
4278,1,2022,6,213785,176709,369546,2262023,145145,54147,642911,2509742
4279,5,2025,8,984543,475409,347899,1964690,153432,109705,1746782,3737052
4280,1,2023,2,344373,390785,135544,2157438,273627,104537,232892,2559731
4281,2,2021,1,889137,239452,263866,2901824,98277,229198,1813083,3111364
4282,4,2024,8,369906,439738,293646,2137143,223878,156853,1383787,1605429
4283,3,2023,3,347768,443276,240974,1934017,222874,363435,846537,2564069
4284,1,2022,10,798019,388282,367351,912957,218288,224382,560940,4303455
4285,5,2023,4,354027,386241,65952,1044451,221240,171315,817835,4883941
4286,5,2022,2,508352,333284,214648,2662470,192246,107433,821782,661444
4287,1,2022,8,232848,111502,348091,1127240,73618,329210,1491002,3607172
4288,3,2022,3,189105,228452,259258,1565841,154565,319103,1714684,4149084
4289,2,2025,7,988784,184319,360526,312219,82908,227882,1904192,4933881
4290,5,2024,5,198778,473443,265069,2921139,92180,166035,1105980,4571216
4291,2,2023,2,395734,67367,107954,2957566,253254,182824,1998486,1794022
4292,1,2025,11,728268,139361,54329,2551738,187689,136727,1965240,2381555
4293,4,2025,12,692276,442945,170027,1738295,121734,329660,1634656,4167481
4294,3,2025,1,727482,405824,355025,2598193,123583,173171,720198,3926138
4295,5,2024,9,765642,163547,220179,2413983,97429,116064,326422,1226213
4296,3,2023,1,306024,320846,125307,1476195,130323,287999,628153,837596
4297,4,2021,12,904992,259163,95300,2485910,269789,245204,998729,1592659
4298,2,2025,5,734598,404628,345560,549922,287409,78746,1938415,4956080
4299,2,2021,8,551575,260402,170005,409650,196999,321939,1095219,2184649
4300,2,2024,11,263525,191574,322079,1846742,84870,262581,492088,4937071
4301,2,2022,9,848569,495422,311558,2596391,248312,226165,1103952,4061455
4302,4,2022,11,935260,199415,309278,2889722,85743,321390,708307,4456370
4303,5,2024,1,556451,93180,136213,908976,296289,207531,1606921,4009935
4304,3,2021,10,728283,466338,175426,2301270,245529,235226,1193105,3772671
4305,4,2022,7,324127,93707,141080,1582610,267373,157353,1620521,2105534
4306,2,2022,11,786638,321313,88254,1767043,56407,262171,655285,3007325
4307,3,2023,2,838238,330439,95207,1299364,83488,190384,1806789,1231426
4308,3,2024,1,259561,286341,397122,375560,233589,139119,1162136,3378317
4309,5,2024,1,282624,282641,235336,2998785,53266,87385,1994256,4531019
4310,5,2021,3,752176,95564,138736,436485,133760,371202,1440668,1376914
4311,5,2023,3,623258,345032,395994,2562694,83914,159672,1293356,3646471
4312,1,2022,11,228877,252007,60642,1932813,64150,172517,910995,3740329
4313,3,2024,11,411443,252435,91198,2275376,79846,362424,1322133,3205760
4314,1,2021,3,725640,120556,115033,564361,146643,273948,605803,1393203
4315,5,2025,10,609704,147995,85555,2398989,208674,314894,918357,3167350
4316,3,2025,9,314110,376250,216471,1851072,93175,170751,666293,4403435
4317,4,2023,12,334108,236309,91310,2386678,67656,356530,354201,3519094
4318,1,2025,9,211486,279648,202816,939888,83498,328585,1161844,769083
4319,2,2022,2,665675,136568,202657,1708213,204259,106182,1907910,1645080
4320,3,2023,10,508955,221161,110294,2942360,288446,320265,1945713,2707170
4321,2,2024,12,144763,397775,356197,695799,160963,298630,904560,3263452
4322,1,2023,10,279866,458128,321156,575604,98467,69309,1847356,3498237
4323,5,2025,7,623084,153960,393658,1196120,235826,343807,1401385,3851620
4324,4,2023,4,569732,275019,199643,1710667,241632,164391,1994648,3989519
4325,1,2024,3,859403,311951,275399,2948925,173397,264146,622348,2807158
4326,4,2021,9,222659,495726,362907,2950431,242900,193472,1075881,3318895
4327,1,2025,11,726102,197506,276272,1301334,107918,162182,677559,4416272
4328,2,2023,3,767764,211028,245541,1240716,231715,168763,522202,1907464
4329,4,2022,3,232677,105131,129900,2865781,73948,78080,363716,1042792
4330,1,2023,5,548338,347276,386895,1942144,233312,384626,799543,4598103
4331,4,2024,11,384791,230415,314354,1044996,110911,277694,1116643,4870768
4332,5,2022,5,278972,114768,373810,1372158,176815,103390,1003037,3299393
4333,3,2024,12,289017,430799,140734,1961007,192747,50391,1613311,1223490
4334,4,2021,9,739576,495961,228587,2009532,107991,75729,267959,4683486
4335,4,2025,8,426776,256668,96348,1850352,90023,91178,679763,3911279
4336,4,2022,1,308766,314360,206024,2323153,70650,272107,900916,4865916
4337,2,2025,9,914963,318818,117900,2905412,202933,179601,1653503,3343495
4338,2,2022,2,894772,209637,55453,2025319,86567,190401,352757,2312664
4339,2,2025,7,763024,438315,265106,807936,284803,189591,649977,2694535
4340,1,2024,4,372121,85672,257296,2861293,113213,53327,1325116,2836143
4341,4,2025,7,156239,372754,201162,2787050,282034,341206,1154843,3021709
4342,5,2023,10,750414,199371,348688,1052259,97259,368027,651551,1300257
4343,2,2023,5,733099,298173,166911,2960280,119253,116606,1878246,1298258
4344,4,2024,4,560415,412376,258674,2348162,228251,274389,1765246,2529212
4345,2,2021,10,651210,270607,234423,528730,189308,260405,894073,4742753
4346,1,2024,1,303641,144752,346142,933330,77440,285337,1963625,4824955
4347,4,2021,4,558285,483115,151996,1091678,292873,344333,1245869,3193559
4348,3,2021,1,110910,272812,309303,1115865,92806,182137,1357667,2838121
4349,3,2021,4,177095,269061,393343,2714401,109119,152692,1243104,698299
4350,2,2021,12,923222,275440,53369,1939223,56402,126025,760258,3511652
4351,5,2021,9,512631,424233,185102,790301,94549,224854,723801,4586194
4352,2,2022,9,775318,274927,83721,482525,280073,245170,484019,2169344
4353,5,2021,2,295960,266004,72510,544396,116368,126360,813960,3847509
4354,5,2021,8,269214,426788,183090,2264952,258751,358702,1807001,1634597
4355,1,2025,4,624191,337570,369370,935003,215464,232633,1342679,2678979
4356,3,2021,1,580169,495234,308707,2989756,241785,282545,1735408,4391784
4357,2,2024,12,128966,368121,279116,2789971,91308,317582,1818341,3652422
4358,1,2023,10,663253,197321,73154,865409,133093,118710,1446922,3443510
4359,5,2022,1,168248,256936,135059,1622398,296782,353917,1155019,1839648
4360,1,2025,1,826587,440749,98577,2626339,232085,352653,921798,3122876
4361,4,2025,5,981889,490945,354640,854198,298693,352093,1695994,3033349
4362,3,2025,12,174758,273146,70018,2677243,81936,292148,1972861,3619775
4363,1,2021,2,234911,473708,144914,2158828,146836,279251,1719283,3608677
4364,4,2022,1,414263,260469,228355,1464532,244547,350838,1115935,3386176
4365,2,2024,9,632863,183604,137337,2121758,158726,76545,1838598,4936255
4366,1,2021,7,579778,337806,116758,2081591,206683,397894,1104108,1947824
4367,2,2023,1,444131,118393,137634,2959311,236526,118004,1712978,1246093
4368,4,2024,8,393351,272929,55757,1654049,272778,369344,1570715,3306828
4369,1,2025,3,828087,164601,327611,339858,197619,193909,397457,2685928
4370,4,2025,3,734489,256777,93835,1108507,211534,373358,1597379,4800790
4371,3,2022,8,597373,308154,298363,2538892,284459,60226,1692836,3543006
4372,3,2023,4,823427,221416,234826,990991,176681,323123,898772,2096460
4373,4,2024,5,928267,209621,386033,2702543,101890,164150,1895338,2226264
4374,5,2024,10,828673,65554,179424,2928679,232405,81990,614784,3024020
4375,3,2021,2,648750,61519,312787,1629252,100267,243003,403181,905225
4376,5,2021,4,970454,484696,103751,2826324,139301,262384,1142080,3445897
4377,2,2024,3,752510,239934,264965,603889,133355,242926,549391,1565793
4378,5,2022,2,739354,321157,212182,2277404,70512,193548,1232942,2999421
4379,3,2023,8,468438,64988,77965,2640913,123251,214927,1664539,2105442
4380,2,2023,8,844555,429911,96581,2242062,103096,321881,1035194,679826
4381,3,2022,3,867806,150662,162292,1433571,253953,232159,842942,1995089
4382,4,2024,5,743976,354239,149591,862456,132523,384016,682227,3230901
4383,2,2022,1,327683,440469,338375,1699682,273066,297581,1948239,3097935
4384,4,2023,1,337730,220315,267594,2820839,62175,118409,1690272,2710043
4385,2,2023,1,870705,168445,301448,1803757,168489,70022,1417593,990220
4386,1,2025,5,742757,405732,100637,1410965,156979,353457,1730958,2714013
4387,3,2022,8,705327,149117,348861,1634077,67856,240342,1909134,2703454
4388,5,2021,12,323915,145970,280508,970967,82786,125928,1160882,4939685
4389,1,2023,3,448907,479404,275258,2866151,177127,78942,1894505,3219843
4390,5,2025,10,922502,390381,213315,2084280,172417,227753,1870262,4879059
4391,5,2021,5,462998,86874,191312,2977615,198809,162453,251606,2900801
4392,3,2023,7,655826,78600,178949,1415559,245973,233170,1526585,4666058
4393,5,2024,10,831302,479553,75477,761722,249058,392029,281470,1058986
4394,2,2021,3,986448,302020,244485,1163679,159555,295829,872596,514857
4395,4,2022,4,569234,281824,258471,722738,206277,85491,1346325,2046435
4396,5,2021,12,581218,475006,345407,946759,54078,394374,991717,542297
4397,3,2021,9,722082,286672,177738,1805575,179231,62603,402492,2194987
4398,3,2025,11,704018,244103,319295,930664,141205,389860,1486105,2217846
4399,1,2025,6,964577,205089,67017,488659,212467,391841,391790,3572404
4400,2,2024,1,408293,78882,303804,2476445,216076,380139,892879,3492957
4401,3,2021,4,427870,73243,166071,2551239,82609,305242,1719612,4133894
4402,1,2025,4,106214,419517,395409,2009792,101221,119058,265462,4723288
4403,5,2024,2,697294,421858,374084,1905896,278014,63790,1043632,4823917
4404,3,2024,6,619701,213349,284620,1407503,161841,214801,1976495,4077677
4405,2,2024,4,367932,141407,322759,2594071,152181,358455,1051293,932392
4406,2,2025,11,519409,465165,209382,1406127,72598,161057,1098835,2547819
4407,4,2021,8,844385,491122,274202,679351,264667,110898,956802,1595539
4408,4,2021,5,815952,321875,370260,541620,107111,178314,231401,3452876
4409,4,2025,8,879614,405355,215685,2501334,269297,189264,1125063,4531595
4410,5,2023,2,569626,158263,359032,2687799,208867,317561,1748819,1310006
4411,5,2025,11,180123,88453,56895,2984070,171104,191671,1918022,3338306
4412,1,2025,10,974355,59682,278063,2294129,173983,155885,1154063,662888
4413,2,2022,10,435348,65462,262841,1027782,135443,255482,712393,1708302
4414,1,2022,5,975450,446221,135306,2649459,164130,141412,211781,908019
4415,3,2021,9,166832,278030,398069,318538,174770,289572,1320921,686479
4416,4,2025,8,551243,234899,308324,467996,79907,356731,822031,3216037
4417,3,2024,1,288177,412754,296439,929421,220511,346394,913200,4622421
4418,5,2025,10,197461,117109,257186,409594,75616,216657,1133879,2354059
4419,4,2023,9,846473,307712,324390,1519094,174825,383679,486521,2083763
4420,1,2024,12,914717,254983,332124,2328670,160116,141552,1554084,4584417
4421,5,2022,2,977655,146761,393017,1289184,282588,192118,1706950,2873192
4422,2,2024,12,513674,90682,355253,921625,61859,173253,1078339,4163598
4423,4,2022,12,866284,398770,112137,1338902,156604,383076,1321769,4491591
4424,2,2024,10,525181,156389,255301,1843786,135750,75567,1325027,3188528
4425,3,2025,2,800675,361506,349420,1575616,131955,338852,1724665,847444
4426,4,2024,3,908953,234463,225469,775063,90472,373575,1129695,3117802
4427,1,2021,12,142307,297780,95462,2223448,266841,384551,489200,3277121
4428,5,2021,11,887361,294305,137663,849076,196050,334934,1517279,729221
4429,1,2023,11,239544,430100,124212,826491,79469,293677,1691766,1128455
4430,5,2023,5,293027,422954,287753,2122890,123448,190661,1677764,4913541
4431,1,2024,4,437361,457379,301476,675667,92984,180506,1859704,2844015
4432,4,2025,3,247555,71377,376729,2573447,200674,270132,811049,1676242
4433,3,2023,6,607672,251909,239044,1764858,128591,102233,588564,3006034
4434,2,2022,3,728678,139022,317133,750618,215497,370909,858637,1510055
4435,4,2025,11,602568,131934,95326,2465305,280497,71633,864743,4185859
4436,5,2022,4,471482,253218,225658,2676859,81041,341102,440027,2994470
4437,3,2022,8,649231,362713,120454,2230747,141279,336885,877934,3997251
4438,3,2024,2,227258,185809,351644,1911150,138165,163553,781826,4096021
4439,3,2022,6,981134,291167,396901,1280392,92668,344898,1674306,2563995
4440,5,2023,5,336356,391652,322028,1161208,265960,160038,1557047,3313828
4441,5,2023,8,626955,186899,274903,1319060,200479,87399,1436373,2526037
4442,3,2024,3,949461,239721,324872,1908461,103040,197355,1471699,2849230
4443,1,2023,7,317825,194419,284736,962463,156432,391900,1964955,773147
4444,5,2021,1,823378,470697,123315,321747,128636,256045,583065,2006898
4445,1,2024,7,603053,166529,191121,2295510,70891,141014,1920146,4608197
4446,1,2024,3,177826,422363,206013,1824660,60889,82198,912685,4476369
4447,2,2022,9,834883,287545,68867,2813104,269455,375221,737944,1878071
4448,3,2021,10,862353,65277,155620,2729189,251363,299372,1620750,4621018
4449,4,2021,6,257032,219729,204067,1182223,110720,138962,896811,3262014
4450,3,2021,9,459790,286256,324787,1260625,165501,312471,373001,1803480
4451,2,2021,4,114965,361959,327483,2500198,284312,284679,808301,3004507
4452,1,2021,2,890892,85194,170468,1714610,297260,101408,1213710,4449010
4453,4,2025,1,956727,432441,176659,2104494,129630,237542,933913,630961
4454,3,2022,7,112957,98294,183660,2128177,140840,346552,1424094,4326752
4455,3,2022,4,997483,264775,183849,2077002,181133,278732,914564,1764429
4456,2,2023,4,185380,217266,297493,2959724,258964,367740,268456,602245
4457,1,2021,2,191349,281930,159177,673036,101685,89575,537647,4361838
4458,1,2025,10,969694,491371,55194,1993434,82112,308789,591258,1164670
4459,1,2024,12,711552,409402,188148,925632,70485,97343,1621276,1281169
4460,5,2021,11,840122,100551,207396,2068345,198524,251968,1075731,3879527
4461,3,2025,11,822459,434079,322236,1441752,268049,61022,1455671,1688512
4462,4,2023,6,520768,304969,158339,775074,97573,364490,1544030,4653658
4463,2,2022,11,612291,327078,235775,1084179,244662,106018,646997,1627488
4464,2,2022,1,212635,412384,177315,1858127,69805,133524,807143,2060932
4465,4,2023,10,240686,135834,289604,2375864,68852,199397,592526,907956
4466,2,2025,8,593436,130562,232269,954445,213552,325201,1478003,1125684
4467,2,2022,12,358704,437810,279993,2756417,149763,386667,1044621,502796
4468,3,2023,11,867893,297189,183074,2641454,131544,306337,205684,4197415
4469,2,2022,10,859144,456017,56783,2202177,215089,229478,838099,3654984
4470,4,2024,5,773091,61674,116478,1414515,177947,102329,1672126,3075040
4471,2,2021,1,830759,215215,231358,2395127,90260,211377,1777565,3966746
4472,1,2022,8,481270,400376,132756,2554509,185697,308151,721587,3949310
4473,2,2022,3,711040,487455,301650,562019,130449,277738,666905,3337689
4474,5,2024,2,163954,331291,354880,1515533,212928,279029,260729,1354177
4475,5,2023,5,620020,180163,368876,2967305,218798,78369,1268565,2018537
4476,1,2022,12,483589,341781,174149,1436397,245275,371878,356391,2011499
4477,3,2025,11,925684,364197,360434,1373064,290046,160479,1024237,2305899
4478,1,2022,8,103898,110024,324046,1470089,61008,152418,689079,2157241
4479,1,2023,5,117344,387358,114849,1261322,250430,164450,993952,4244040
4480,1,2021,9,918692,256430,82654,2088375,63751,294970,1425786,4651476
4481,5,2022,2,596113,270450,235298,2459348,255974,115339,283399,4989002
4482,5,2024,3,373844,436371,233572,1134568,177052,355770,404920,4785681
4483,1,2023,8,684926,262833,286604,1348627,251591,236030,597963,800235
4484,3,2025,10,504519,80890,231739,301891,292623,53014,965137,1950528
4485,3,2022,6,352635,229738,305174,1539894,58838,178017,672939,3013731
4486,4,2023,2,642687,359496,198445,1790339,97851,282865,929944,1978317
4487,5,2021,3,553586,301738,131075,626521,274642,212558,1047121,1975751
4488,3,2023,2,878010,434347,56939,365158,155970,311986,1653242,624160
4489,2,2021,4,211936,443965,323404,1965468,127761,209909,1638984,4519454
4490,2,2024,9,970266,74925,286232,1206546,128192,61625,1230473,888603
4491,1,2021,9,546105,166929,119056,2211602,146190,370355,516282,2566650
4492,3,2022,7,864187,266000,318250,2544748,103020,130283,993027,3014095
4493,1,2023,12,945243,140132,237770,1360423,94612,314178,416586,2063172
4494,3,2024,6,574584,338633,376619,2674191,237026,117700,223529,1630861
4495,2,2024,2,174618,175257,275537,2781590,199338,332223,1287226,3834805
4496,2,2023,9,828484,178876,144778,1682986,239492,387400,587028,4802419
4497,1,2024,9,946290,133796,178841,2555627,89090,289384,1268566,4738005
4498,5,2024,4,158843,203877,289487,1071776,252163,244037,494996,1016911
4499,2,2021,7,550854,277973,237693,1372965,298841,128782,318204,2418681
4500,3,2023,8,595860,421070,314849,1904402,246373,162089,1779061,4201661
4501,5,2022,7,270673,495132,148217,1485756,94799,230115,350628,4261342
4502,3,2024,9,861266,117779,97349,1523544,135923,270832,659493,2677690
4503,3,2021,9,116431,478379,298062,2954237,194107,199995,1373399,2271166
4504,5,2021,7,312765,486401,181468,325385,98067,161015,1863152,1869975
4505,1,2021,1,547058,77478,392495,316151,105628,302705,1613688,4077711
4506,2,2024,7,595782,338686,367482,1959404,228931,321882,1534120,2733470
4507,3,2024,9,703814,473834,351667,2573626,231408,223227,1958521,3898379
4508,5,2022,12,862287,180309,172561,1558518,140813,65451,369065,1553937
4509,1,2021,10,695955,480893,150576,805137,208339,77624,1158515,3833165
4510,3,2024,6,790185,266664,150318,1456021,102147,327449,1042567,4401175
4511,5,2025,4,535011,434034,137058,2893360,223663,70008,1867879,957005
4512,2,2024,8,998887,425872,246140,967477,165949,293399,1922448,3670779
4513,1,2023,12,543526,442106,126836,1442540,68901,98349,1110177,3737055
4514,2,2022,1,845851,126524,100879,2634502,253181,266495,1058352,1363630
4515,5,2021,12,157341,492216,150154,2271805,80067,136444,895576,4126760
4516,5,2024,4,910650,423416,378600,1510745,231655,372212,1571888,4689043
4517,5,2023,9,833094,293237,233988,2593678,185204,229986,1133622,2097690
4518,2,2024,11,411705,84586,155765,2733596,271476,275761,1695429,2286552
4519,1,2024,8,553582,479292,308647,1088576,173956,149587,1577718,1131814
4520,2,2023,7,886171,286020,244440,1050524,117939,134082,1987687,4498230
4521,3,2022,2,597762,284509,244896,2614648,270721,367518,1168350,4891490
4522,3,2023,5,708321,431975,127700,1719945,295985,103120,859994,1130111
4523,5,2021,3,852608,209982,214611,2002460,81008,75526,1209512,4749241
4524,5,2021,10,821356,126054,294927,1597383,184004,247042,850127,4371252
4525,1,2024,3,679866,187954,116027,576308,221315,342440,1820545,4787688
4526,3,2025,11,388339,85670,193502,581294,136094,294998,1212046,575812
4527,3,2022,8,384151,257373,72945,2552526,66174,345258,561610,3929649
4528,4,2025,7,178231,163624,364965,2239167,54228,132856,1846198,4789468
4529,3,2022,5,327334,463153,386779,983816,97335,383488,366147,1185315
4530,2,2024,8,608641,110228,244002,1689204,131080,79007,965889,4706000
4531,5,2023,5,177378,472617,298869,1589514,121894,135106,908258,3025077
4532,3,2022,6,731460,136745,129531,2943510,125234,333355,1354787,3321488
4533,2,2024,1,667333,433359,321744,474174,159002,387805,220222,2752983
4534,4,2022,4,772635,175599,111092,682155,77850,85765,1352835,1766022
4535,5,2022,11,644363,262738,246011,2489873,268188,390085,1995851,4668359
4536,1,2024,11,219702,81538,85757,983253,239423,394186,1394505,3252252
4537,1,2021,9,210908,174629,123820,2920703,288453,293540,1403399,4273873
4538,5,2021,3,798177,79660,103547,2671659,265621,355492,1641130,2879560
4539,2,2023,1,449496,183191,377066,2384338,110080,191406,1856924,791585
4540,3,2024,6,455459,363293,346343,1693224,228375,331496,1853266,2177748
4541,3,2024,2,227549,230168,324716,1466934,267476,120213,407265,915995
4542,1,2021,3,693578,80850,352081,319536,139471,222647,837250,2493714
4543,5,2023,4,917303,292836,105955,2200994,136865,106603,1924768,3288248
4544,1,2025,8,167597,116971,394242,1018179,216273,218016,409835,2061736
4545,4,2025,2,406364,147551,383934,2563485,52552,97405,1956423,3658369
4546,2,2023,11,913982,53990,51351,2322754,143286,236827,395991,4046367
4547,4,2024,7,991096,223520,158173,1119789,192643,399427,1545851,2146023
4548,3,2024,4,367882,60532,121823,1909439,291887,123151,1429707,3400042
4549,5,2021,5,418891,162424,311231,1509338,152925,252434,1424826,4340782
4550,3,2024,9,219527,482428,63090,2468495,291966,237519,1639826,3098790
4551,3,2023,12,476601,245872,306929,1250193,121121,354874,1995649,3024170
4552,4,2022,10,948668,179578,384309,1857206,67061,294396,1424320,3994983
4553,2,2025,11,197571,491328,215720,374711,112749,163502,1843177,1261675
4554,5,2023,5,471025,371398,53366,860417,236088,394640,1948988,3829934
4555,5,2021,3,440616,232940,133818,2897949,118969,111767,369183,1889562
4556,5,2021,3,578531,318274,86925,2087700,198591,90732,1977950,4214901
4557,5,2021,10,804887,107646,209044,2182045,65412,261856,801273,2515262
4558,3,2023,3,156856,88693,137239,507665,113816,373839,759100,1794861
4559,1,2021,11,226518,260200,367678,805781,148855,152442,380673,4615991
4560,2,2023,1,765203,81006,251820,848788,86515,287102,982591,4660288
4561,2,2025,1,581648,387488,310404,2415575,63227,139472,1519989,4516724
4562,5,2025,5,419903,333780,133791,2210126,276945,165562,1673135,2457984
4563,1,2024,3,111349,95037,246114,2481038,264656,163691,624873,1027286
4564,1,2021,8,297003,188852,77849,432503,134168,229476,1104772,725310
4565,5,2021,6,801690,456013,221959,2254453,274206,351377,391443,2381362
4566,1,2024,1,198976,478883,192334,401123,295005,157257,1053002,778296
4567,1,2023,1,390960,249117,180804,940314,56288,322836,454959,4288342
4568,5,2023,6,251791,224841,61700,1720696,188046,131154,371369,4462576
4569,1,2023,4,557293,90705,221024,1869652,266302,273183,1901565,4998977
4570,1,2025,8,473964,168899,376795,1089417,57048,389274,1580110,4424178
4571,2,2021,9,739062,242943,52634,1008214,176700,284742,1947667,1550876
4572,3,2025,2,583577,336363,293075,1721884,163763,53599,1609758,1595621
4573,5,2022,11,814047,438343,245238,1143022,295786,306113,1079441,4015412
4574,5,2025,12,640307,450764,374861,1855517,246731,356447,389950,3222695
4575,5,2021,5,971162,395789,384789,509346,112246,134680,1742208,4233218
4576,1,2025,8,224439,377570,80196,2448549,97773,362810,1633801,2747481
4577,1,2025,4,262450,412986,368064,1898585,166833,245672,1939451,1157496
4578,4,2023,8,107519,51645,143352,793921,65766,112336,1455192,2765981
4579,3,2024,11,407543,331170,89562,1629228,104371,396999,1126097,1194695
4580,2,2024,3,167495,81034,74413,1039403,266514,350308,951241,599042
4581,2,2025,4,410805,191986,129723,1815961,160043,269460,826811,2445488
4582,5,2024,4,139588,207530,187614,1067828,212259,199659,1091792,2780992
4583,5,2025,9,221898,127600,67842,1762466,159273,382311,1191977,1007713
4584,3,2023,4,351214,277526,273948,1395345,222465,115012,841336,4054634
4585,2,2025,9,799090,167226,315635,544106,230011,349290,1216752,1056857
4586,5,2024,3,635542,162459,398653,1517733,135746,201451,785949,939040
4587,5,2025,3,664633,263536,198456,2875772,254825,384181,441750,719086
4588,3,2021,4,721988,182268,92113,2412408,240055,216598,1476757,2243923
4589,4,2021,6,834106,200735,101978,327026,65342,273391,1412424,4918800
4590,3,2024,10,770803,316413,155507,2313003,209683,292864,512525,956225
4591,4,2023,2,415466,156729,373710,1001294,107207,147391,936981,2517146
4592,3,2025,1,550182,470668,312879,1838343,291743,164582,881722,1263821
4593,2,2025,11,516409,100258,281926,2623577,65962,152253,1023599,2476705
4594,1,2023,12,865081,52290,284077,2452826,253757,112993,893101,567578
4595,3,2021,9,953237,258312,105316,1759254,114388,359949,1180952,3863607
4596,4,2025,10,999854,157919,323111,1390584,239273,340302,627603,2788810
4597,2,2025,2,472563,335388,291165,1280752,75005,299744,1437668,2778161
4598,4,2025,11,328681,216854,377160,1309712,104685,169344,1670745,4360353
4599,4,2022,5,842816,415076,197953,2914496,256527,285413,815152,4809252
4600,2,2022,4,644699,369952,72325,1174433,219715,136655,1572130,3328069
4601,4,2024,12,494085,330913,295381,2502560,176423,267312,1771855,4454935
4602,4,2021,1,110235,174726,57303,2710922,97090,379057,501200,2902571
4603,2,2025,3,718339,443515,107714,1825697,181144,238389,272408,2569523
4604,3,2022,11,830661,412378,277321,895374,90405,71834,1659350,3045307
4605,1,2024,8,584040,450287,357977,2702078,221504,300306,751162,2786378
4606,5,2024,7,288110,361469,233440,716584,135939,238085,319897,2117297
4607,5,2021,8,888870,435680,310746,2880330,217697,142066,1745310,3669776
4608,5,2025,7,530858,382925,328873,661479,67677,67454,550268,795727
4609,1,2025,8,551773,51607,328566,2720121,265245,60149,641296,1413322
4610,2,2025,12,516478,306819,67664,864128,162837,390752,1973655,3516773
4611,1,2024,3,574526,457412,86775,1993435,247698,80139,533302,903040
4612,1,2021,5,559907,301719,238654,800676,182607,190483,1542152,3892682
4613,4,2021,5,864225,156292,145642,1096544,152365,67497,723586,1891892
4614,4,2022,3,249502,371044,297719,2964516,297872,339409,924782,4585067
4615,5,2022,10,859581,480728,159225,2828729,269923,123116,1878227,756817
4616,2,2024,6,416456,161717,236506,2610103,279486,113796,1536165,1542817
4617,3,2021,10,264234,480145,181601,2971363,184417,222875,1008975,1314458
4618,3,2025,11,809558,495957,386675,1198033,296839,93077,1972355,3153692
4619,4,2025,10,822945,449064,325020,2455552,158238,317331,849899,1124352
4620,2,2024,1,326781,77542,247289,1265443,124100,156706,1343448,4325500
4621,3,2022,7,897823,250386,96162,894095,219368,161180,1132779,3270045
4622,3,2023,6,261817,333300,68989,1576864,73216,262440,1445141,3611614
4623,5,2022,1,148210,233656,228083,1369943,146878,224881,1047016,3835620
4624,4,2024,9,389137,347059,347869,2538716,161048,149645,1640661,1072286
4625,2,2025,8,683726,136895,227913,2440277,185788,78428,1203745,631940
4626,2,2021,9,329852,92669,170590,2965408,72468,71738,1619123,2133247
4627,3,2025,10,783704,405968,370776,2819983,150186,82539,882739,3651808
4628,2,2025,12,757863,345324,192688,2852010,292874,136419,321595,1529181
4629,4,2023,3,904752,374112,160609,2869779,188101,92013,1158303,2822779
4630,2,2022,9,924360,224678,205548,1778681,169554,134366,1281512,3634949
4631,4,2021,10,916938,145023,100683,2114981,152565,165541,861548,4295076
4632,1,2023,8,771825,155899,245328,2646897,180253,327624,300331,3399876
4633,2,2025,7,628786,266906,124847,351261,119773,189289,469447,4991259
4634,5,2022,12,379667,99163,177464,2935227,166140,286597,320875,1552184
4635,4,2022,3,547081,103235,92753,2207531,198546,342397,256409,4265643
4636,4,2024,3,207272,436256,125403,2147936,181806,142636,1303990,1232876
4637,2,2021,10,545837,68867,314763,2805415,156761,85203,665721,2144612
4638,2,2025,5,984024,260671,165325,2775157,197357,164941,1798013,3479886
4639,2,2021,6,180143,440847,351522,804328,54665,160650,515787,4664657
4640,1,2023,12,640591,145741,275629,2625874,148383,158135,1965539,2823214
4641,5,2021,3,190386,279085,190604,524757,133512,349863,1439770,1306851
4642,2,2021,12,210730,321440,56813,2021710,194626,235417,1027323,3675786
4643,1,2023,3,400675,159911,55182,2557312,142850,53778,1769866,4269247
4644,4,2023,8,986183,320929,72206,705021,152913,215457,969386,2296289
4645,4,2025,6,416984,89738,344678,337158,231243,163347,1787047,2530634
4646,2,2025,8,338105,296286,128227,1250985,167835,314673,300803,1740187
4647,4,2022,4,133445,359974,364817,981722,260624,151455,1578816,2857948
4648,5,2024,3,813467,107493,236771,1418265,244479,334036,1178477,3012639
4649,2,2024,10,864027,353830,58080,1098892,250304,285883,1987255,2827230
4650,2,2022,2,537702,101934,249739,544338,285749,385014,365459,3293949
4651,2,2022,3,870927,458040,366881,1803023,58797,369873,1421376,3987219
4652,1,2025,4,965971,125506,136885,1715140,290243,382488,610665,2624371
4653,2,2024,2,637155,233726,211049,2681384,180656,51689,774535,1688089
4654,4,2021,5,349418,244502,205194,1864246,149724,216088,346394,4925849
4655,4,2023,5,575279,130719,131380,1966183,155449,276646,789665,3236087
4656,5,2021,6,540127,121924,72615,1029714,146620,97662,909103,1902466
4657,4,2022,4,591888,416526,356635,1492973,50954,122718,1808928,4154837
4658,3,2022,11,205686,52834,339869,1982987,215296,100911,795158,1936516
4659,4,2024,3,764479,206308,251325,1679350,151760,145511,387031,3588729
4660,4,2023,6,807145,88562,310542,2131797,74384,133775,814039,2933097
4661,5,2021,1,264369,275532,205425,2449515,182661,93876,608192,4617958
4662,1,2023,2,765801,202130,197201,1457953,272714,212306,1041998,4130671
4663,4,2021,7,449378,377734,371040,1955130,208327,331243,470148,1837209
4664,4,2021,7,119552,57399,110931,1297956,297296,383850,1522572,4956566
4665,3,2022,5,989299,476565,223840,1470652,290107,198048,853422,1439100
4666,1,2024,9,478447,187794,280794,2173836,114811,128412,1964930,580740
4667,2,2023,4,238234,80148,195279,2777815,261934,145947,1510909,4463563
4668,2,2024,7,622787,422777,57754,2229834,237247,66350,680728,4883745
4669,1,2024,3,629989,430228,149662,2261958,199031,54012,258569,2409187
4670,3,2025,4,410517,210459,230210,1535340,197093,141286,299348,1694601
4671,3,2023,3,724269,115972,302105,965395,245766,136502,796972,584317
4672,1,2022,6,971746,227114,350988,816591,226924,314780,1065581,2743585
4673,1,2022,8,133336,130706,292040,1935061,118560,264510,1275472,1510811
4674,4,2021,6,644901,389526,315192,2623932,233807,294067,1374225,4816415
4675,3,2021,10,715354,114978,146290,2717806,106525,198346,608208,689895
4676,4,2024,10,234592,303672,255724,1648508,156471,132371,372339,4237278
4677,4,2025,10,110614,354181,82268,1304330,53793,115335,1716168,1203892
4678,3,2023,9,920844,113443,84455,2378970,192205,355549,923639,1093907
4679,5,2022,3,543564,345909,169752,309238,60029,304645,269335,4203733
4680,4,2023,6,858031,379147,221361,1021762,78457,117805,1143178,1602929
4681,3,2022,4,432556,147527,345397,2713569,145654,365243,531411,1426639
4682,1,2023,12,373287,265592,170040,716850,87626,345401,675447,1888425
4683,2,2024,4,776552,497832,87305,1417708,141547,143238,1401974,4598331
4684,5,2022,6,705692,436599,318950,1630946,298123,151023,1762294,4732469
4685,1,2024,5,416365,338545,91472,1967245,118938,352115,1137716,2710027
4686,3,2021,9,612797,240636,137808,1647107,73577,310705,755001,4279902
4687,5,2021,11,328909,237633,362869,1313937,116156,205593,1154753,3920014
4688,5,2024,7,130560,182038,202920,306699,107733,254055,791381,2033491
4689,5,2025,1,800897,189834,118256,1210741,138301,370324,1849776,1520976
4690,4,2025,7,234130,493623,237737,2384658,291070,260021,835307,2859974
4691,4,2024,3,512084,244644,371182,2531535,124028,148521,1092319,2707485
4692,5,2025,9,242287,90694,387182,2813386,115734,54206,1756683,3450720
4693,1,2023,11,113223,249747,241946,1876012,118874,50444,1023648,3279761
4694,5,2021,9,419040,476553,288678,360963,273408,354148,1883056,1505130
4695,1,2022,2,870826,146844,122094,319428,111275,144768,1242104,2394966
4696,5,2025,12,142846,342531,60928,2421894,201961,366811,1762143,586813
4697,4,2021,8,403879,71523,151587,1088741,136819,348738,1860226,4728063
4698,1,2024,8,187863,147441,228381,742825,134936,210798,259690,3094028
4699,5,2021,9,567728,199033,258806,2488507,164199,141356,935412,1006050
4700,1,2024,4,149666,111430,88043,823367,268485,338018,244136,3326004
4701,5,2023,1,367420,323047,191972,2280214,263077,208149,722436,4042261
4702,1,2022,7,752136,90376,230510,1410579,58332,317092,1721700,4482277
4703,4,2022,11,334416,192205,395204,2860804,175105,386716,783118,4562210
4704,1,2021,6,859781,230526,174389,1091954,96437,64170,338315,1954037
4705,2,2021,5,170866,210207,136692,607349,196112,249912,235913,1810580
4706,2,2023,3,409445,236862,177870,822369,288212,354830,1312857,1179901
4707,5,2021,8,266684,333116,150759,2221319,148783,92356,1044779,960798
4708,3,2025,7,934508,408026,146191,477971,189367,268553,1244845,2374491
4709,2,2021,7,300436,397683,328949,826133,75961,295106,1340715,4881476
4710,3,2022,9,350805,72078,64183,767817,69242,386413,1001372,3022743
4711,4,2022,10,727625,228943,262151,2206259,60644,329437,370991,3145747
4712,1,2022,6,608509,118174,57205,2622764,53312,372846,1948552,1250253
4713,3,2025,7,614788,97442,62615,2121264,53919,236009,1025957,2483549
4714,4,2024,6,122718,379374,229844,2038833,212886,265752,1808682,4539749
4715,2,2023,2,585649,396298,257255,868441,256159,53876,606647,1516288
4716,2,2024,12,882750,186463,158316,2563803,156152,178679,1795517,664749
4717,3,2022,5,928216,495735,207653,2403113,76302,75512,1123335,4938336
4718,2,2025,6,759570,281149,340505,1356349,277148,186727,215291,1114883
4719,3,2025,9,333404,264255,58558,310119,61032,116719,1733017,3934830
4720,4,2022,5,503671,81366,388571,1371607,256834,280027,1304366,968706
4721,3,2022,6,944150,290505,97344,2315373,78427,185096,614865,2382566
4722,2,2022,8,193305,125404,69216,1562962,258259,210259,969198,2679165
4723,4,2024,3,284924,275965,262645,1131073,113333,57556,1958690,3774746
4724,5,2025,11,999935,176427,205819,973685,284613,216003,1545047,4818775
4725,3,2021,11,974512,351440,314890,532119,103708,224594,209596,1991562
4726,2,2022,9,822865,368171,139748,1051552,247457,137618,1123174,2484783
4727,5,2021,12,239909,493450,72857,1010848,59646,179874,1545092,2024281
4728,5,2021,10,835136,266042,60386,2232708,108263,251578,252732,3198742
4729,3,2025,2,622849,278755,184432,914105,56668,301371,1891866,938556
4730,2,2021,8,208629,288573,232363,2596727,148376,67172,584926,3004113
4731,2,2022,1,471673,240976,344225,2029873,62112,278595,286055,2718503
4732,5,2021,1,272813,178387,364507,1892235,244186,97729,854047,4246830
4733,5,2024,1,224687,361869,271127,656723,80910,111295,979813,2068151
4734,3,2025,11,959457,409313,374702,2833349,127241,87231,486555,2278992
4735,2,2021,5,920611,373936,347344,685022,144703,289670,488077,3447185
4736,5,2021,4,485436,231660,205314,997187,127258,330234,384337,2343555
4737,2,2025,8,769184,482512,358256,2118937,129178,149749,1605183,3672124
4738,3,2025,2,512573,189209,325345,1658167,145759,123381,935645,4771124
4739,1,2025,6,288569,395453,314195,838986,253262,122906,755179,1352531
4740,2,2021,1,976191,247446,209183,857348,121774,279400,1193131,2553463
4741,4,2021,12,136367,256200,381124,1386641,170355,394197,704245,4198928
4742,5,2023,12,263550,460362,107174,1239729,171018,155006,1155759,521869
4743,2,2021,12,576648,171755,96089,2014568,58431,114203,629069,3652234
4744,2,2023,8,488639,134931,232295,1646968,159051,239072,300615,2775931
4745,2,2024,3,805830,95349,247444,677051,86824,254842,357417,3896399
4746,2,2024,3,630934,137328,360756,1202433,290682,346867,1999584,1172518
4747,4,2023,4,238528,53945,174794,1552447,233830,148462,1323384,607249
4748,1,2025,9,813696,443930,347864,2157443,134044,148639,602546,4722066
4749,3,2022,11,253169,427927,349753,1856054,73029,396764,1835664,2373579
4750,2,2021,11,471349,268025,371072,1758460,222146,269517,1083463,1375349
4751,1,2025,6,380474,297493,286832,1041430,111596,285688,597576,3399862
4752,3,2023,10,647763,441200,205276,310715,106538,240765,511379,2115349
4753,5,2024,10,703670,234394,209111,1632692,151750,129816,608000,3440500
4754,4,2022,3,263718,349948,166270,1848777,112975,80548,1451548,1741001
4755,5,2025,1,788844,364992,79620,2410427,95208,172247,350421,1434804
4756,3,2024,4,452785,55278,377174,2649597,286560,135262,1829067,4981307
4757,4,2021,10,991662,262694,139115,597589,103855,286005,386212,563673
4758,4,2022,6,860484,406862,325816,921769,159745,241073,1085305,1169886
4759,4,2023,3,956618,390449,154527,2115782,240047,149938,1185110,1559230
4760,4,2021,3,759521,438861,305805,2899724,283001,175211,1420344,948831
4761,1,2022,8,118250,250496,293076,2638846,203412,274993,382840,4037892
4762,4,2023,12,342984,169020,219131,676141,127289,259081,298047,2557802
4763,4,2022,12,753809,142735,289179,2515315,173924,364004,850340,4538658
4764,4,2021,7,751516,75569,304101,1786002,242410,299602,1258249,1655070
4765,4,2021,12,758097,55322,213417,1809241,203704,329615,895720,868367
4766,3,2022,12,729204,211613,339645,2893376,177146,123180,836539,1442510
4767,2,2022,2,859290,104603,169317,2367988,205379,118758,1569152,764432
4768,5,2022,1,211159,255912,370559,572779,182762,257382,1001896,2819375
4769,3,2021,6,459591,213005,267227,639682,128302,159023,1923213,3632236
4770,4,2022,6,429822,450415,185233,2869516,153696,242277,366351,3772225
4771,3,2023,12,631723,328140,346084,1148807,153980,246630,1775762,704108
4772,3,2021,7,601237,469757,113953,754146,102771,197997,1075120,2567648
4773,1,2022,5,383952,249248,191570,944925,208218,313560,1916833,3441271
4774,5,2024,6,242458,244097,338130,1486817,86954,66203,660627,1041513
4775,2,2024,11,379631,61010,138826,699772,137058,376765,202937,2602217
4776,2,2021,3,140286,249876,274910,2354961,290943,107185,1183775,2515299
4777,5,2025,1,903800,413624,234765,1087129,241535,255773,1948738,3980415
4778,4,2023,6,152580,184035,212552,2576112,98670,287249,1948233,4386984
4779,3,2024,7,900582,456216,184612,572308,201899,124468,1212364,765148
4780,1,2023,3,526851,270158,213922,1736644,284166,327459,641101,2495180
4781,5,2021,4,699638,123498,362444,2583690,248055,358330,1163246,3381707
4782,4,2022,6,834955,194230,192696,2155071,275219,236697,1866321,723817
4783,5,2023,4,628733,77006,284964,744667,289722,229969,653169,2926817
4784,5,2025,6,962306,287246,227993,1257497,294794,113155,712099,4506113
4785,4,2021,3,187786,165237,110870,2398631,128971,146295,1506134,3421948
4786,4,2022,4,783231,305790,280729,2530140,127518,385224,319652,1045577
4787,3,2024,6,286809,371135,295802,545459,105629,287827,373795,4604449
4788,4,2025,6,420636,337059,221986,2255291,136349,121837,1366691,911151
4789,2,2024,4,419593,401190,250150,1681200,171053,74102,1644005,4151410
4790,1,2024,2,283989,367818,220440,358020,189344,161763,827072,4651321
4791,3,2023,9,168133,87051,278324,2340007,91371,103289,1357898,4410984
4792,4,2025,4,190274,211265,198376,1739480,159579,153292,697718,4297534
4793,3,2022,11,526000,144622,200099,2222924,60341,170481,1684424,2187835
4794,3,2022,7,605647,490119,223470,1279236,102881,143015,1760591,1353099
4795,1,2023,11,715493,127965,172166,1535140,125544,194726,945914,4387846
4796,1,2024,8,771630,237234,210422,382459,286663,253807,1809406,647116
4797,4,2021,10,723560,480820,223752,1479030,108839,181839,1043424,2071727
4798,1,2024,2,549133,439045,82999,2430365,298689,384387,763752,918675
4799,2,2021,7,219409,105128,238888,1859632,206210,326365,1925687,3613630
4800,2,2022,12,897756,235135,282394,1762114,139258,103897,1463588,3741646
4801,4,2024,12,229927,50261,98465,1579804,272072,226392,755568,1187827
4802,5,2022,7,603862,289297,123854,1481543,213143,81295,1305789,754606
4803,4,2025,4,425382,182676,127855,2359459,73441,275766,1083154,1010274
4804,3,2022,9,143338,224560,331433,1298397,217141,298218,1246998,2775374
4805,4,2022,6,638815,131838,113135,949773,213977,118929,1757318,3657448
4806,1,2025,5,650659,265403,346792,818522,193593,285989,1567340,2408905
4807,4,2025,9,651266,391353,231435,2912648,193938,129162,607739,2997997
4808,5,2021,12,986983,214521,298115,2803162,154131,240684,1911053,1143634
4809,3,2024,11,837959,139012,315471,2666215,108582,389036,706397,1883340
4810,4,2021,1,518626,163843,337195,1424563,127851,81627,1429128,1402966
4811,1,2025,7,475651,299916,206322,436257,154231,383649,219154,4237497
4812,2,2022,5,726859,408609,269645,397230,59752,290208,1995853,4236544
4813,2,2022,6,313730,220041,204908,424257,177328,277244,1806211,4977156
4814,5,2025,9,531013,429832,260772,1591153,201725,200018,1210254,3574985
4815,3,2021,6,626393,483404,346863,1717836,118424,75046,737346,1379283
4816,1,2021,9,565763,396276,367980,466815,260897,303064,622460,4168431
4817,3,2024,3,316109,286637,124069,1251059,257539,190460,1957538,1611746
4818,5,2024,6,803611,284903,208124,1412500,91399,225418,1865402,1979413
4819,1,2022,5,140456,325648,155398,1470708,293075,215438,1009535,4658444
4820,1,2023,4,243733,153180,228201,788493,90925,202465,779773,3515704
4821,1,2025,1,254158,203814,81725,1522095,275483,371164,1008047,1268887
4822,2,2021,1,583418,241640,85672,459170,264400,172813,1485668,4874660
4823,1,2022,4,150048,115332,53471,2000496,200262,263030,1121162,842777
4824,3,2021,4,716854,496249,96113,2043125,74573,332813,1870363,4834206
4825,5,2022,5,401725,258225,128124,1230788,82827,207446,995220,4928166
4826,3,2022,7,382676,353265,389103,2204454,115818,263506,1102986,1598752
4827,2,2021,2,225042,74594,240661,2995039,138274,252066,1204516,4550750
4828,2,2023,9,161851,57599,366758,2323576,222737,86872,1993818,4150067
4829,4,2022,9,915985,337028,229583,1784307,219983,97888,224802,3093552
4830,1,2024,9,424888,457409,225221,2594853,182443,388904,551313,1154270
4831,3,2023,12,854774,319522,343689,2152743,119615,240026,1790954,894606
4832,1,2021,7,557529,172492,147764,767616,135173,63987,1988866,4807136
4833,3,2022,6,614789,273343,55325,749432,151159,166007,1778929,2368262
4834,3,2025,11,113594,359581,341277,2817461,212001,147760,1758293,3717743
4835,4,2024,5,265050,149344,137617,2372319,295252,258820,1544265,854671
4836,5,2024,10,356562,366349,73581,2273575,206071,267069,424368,4400823
4837,1,2021,7,250925,363167,169183,541785,263454,200323,1690121,4114379
4838,4,2021,1,536170,404005,143804,1809380,188178,288527,778603,2154163
4839,4,2023,10,592070,334177,394685,667054,216791,283387,1256511,2121492
4840,4,2025,4,298713,122463,136236,496501,136545,287500,1556325,4308307
4841,4,2023,10,540668,419227,70450,1471467,54848,375186,405173,4556583
4842,1,2022,11,645979,76494,196195,2990583,102854,224642,810770,2551568
4843,4,2025,10,186999,428425,214781,1888701,85005,330991,1831394,2659666
4844,4,2021,4,153044,296140,156490,656767,149464,328637,270573,4223789
4845,3,2023,7,683421,338450,389091,2652590,93302,342434,1807753,3112522
4846,1,2023,2,186798,484935,304343,2576097,255960,222304,729762,2876653
4847,5,2021,10,703289,335064,255299,1064128,273563,137632,1486051,4209746
4848,2,2025,5,974469,92739,266242,2732946,206041,132299,665515,3899854
4849,1,2022,1,846057,433431,103243,662839,73823,257849,1990357,1546861
4850,4,2025,5,120034,157808,157688,1562687,289625,352706,1079685,2034078
4851,4,2023,3,178948,321787,354469,412382,136441,192286,1767070,3253188
4852,3,2022,4,953298,271036,315804,2158695,185299,305919,647730,1524722
4853,4,2023,5,681818,389576,73680,1792336,52048,88755,912519,4025592
4854,2,2024,8,325083,304181,56531,1559145,132761,118902,1946228,3789968
4855,4,2025,12,987365,359319,242655,417849,53338,379707,1786911,3040504
4856,2,2022,8,935153,426059,305614,1153384,140108,193879,1984635,658951
4857,2,2022,4,924281,205924,228531,1570474,204379,57923,889882,2893038
4858,3,2021,4,436624,453131,178760,1960322,251931,73308,1699022,659695
4859,2,2022,8,961989,87498,349157,2158416,250534,390656,665134,2377722
4860,1,2024,6,434661,121472,237407,349545,185299,172784,984126,944753
4861,4,2022,5,319460,116190,231968,2482308,254694,70294,1247863,3770730
4862,2,2021,7,406946,167496,390076,738083,145721,371955,653301,4588910
4863,4,2024,10,960685,203331,114141,1596405,280206,380016,1422697,3712796
4864,5,2024,4,584308,140892,375188,1162900,109080,74420,1691305,2685596
4865,2,2025,6,983452,50351,245311,2610386,149000,201636,287784,4907323
4866,4,2022,5,105072,395152,306565,2717653,248613,136853,1595484,2289509
4867,2,2021,11,177384,118722,315058,1499143,143044,165353,1489819,4105735
4868,4,2025,3,139075,437619,238856,1849845,268857,95459,346310,762553
4869,2,2022,10,985004,90328,60984,549779,221951,112617,984373,2248150
4870,1,2024,11,459341,304799,143028,1508022,265729,91943,1709239,822074
4871,5,2024,7,602230,372556,128040,970865,160817,178550,207964,4428488
4872,4,2025,6,138250,76926,178287,837475,267544,363131,1467186,1428048
4873,4,2024,10,209215,196452,334769,1325679,217966,51044,633828,3517288
4874,4,2023,3,213000,308521,226334,1678262,290645,395168,1395591,4861153
4875,4,2024,10,188694,463535,365544,2186421,201605,305413,1647812,1582121
4876,5,2025,10,581070,203224,278903,2266938,263036,88742,1438163,2342697
4877,1,2022,1,711118,207179,334453,2030933,293829,214763,1335214,2412406
4878,1,2024,4,351601,66952,93293,1830909,218757,136947,771924,2150450
4879,5,2023,10,366066,206993,392406,1895644,68348,313043,1408738,2400291
4880,1,2023,10,534129,101116,247957,1216947,50147,303919,1974094,3720856
4881,4,2022,10,807189,306462,174403,1885191,111970,86844,379502,1157910
4882,5,2021,5,175389,478183,124344,404537,128114,325804,664428,1874048
4883,4,2024,8,928114,93441,285738,2399898,211777,158244,328145,3257853
4884,2,2023,5,484691,371592,109223,1113878,200622,292220,1731454,1257321
4885,1,2023,3,419155,99131,50095,1046585,254274,308836,971118,3227099
4886,4,2023,3,334494,487051,99453,2401254,256915,313370,284639,4017965
4887,5,2021,8,377720,300589,345078,1270941,111331,130217,1950349,1743724
4888,3,2025,7,139520,269936,64515,2174946,280753,171140,1622534,3703671
4889,4,2024,2,282028,171295,61904,2341800,217978,68158,1415546,3514445
4890,5,2022,12,679804,267664,241600,1723884,276549,256749,503683,2330922
4891,1,2022,12,629016,89090,131690,889761,273712,245064,727381,3580974
4892,5,2021,1,693557,72661,175527,1738447,294580,103562,417900,621685
4893,5,2021,2,154916,388360,146631,955499,180093,366105,789218,3204352
4894,2,2022,4,302586,101743,78931,1329421,146013,214252,1541826,691701
4895,5,2022,11,642893,86041,85539,1065203,195821,84634,432420,2618045
4896,2,2021,6,682729,338081,66040,988011,255140,120050,1376909,2633756
4897,2,2025,12,648225,294749,120148,2636130,154920,397735,759816,1908371
4898,3,2021,8,502988,359481,105356,1230790,233509,71834,1058382,2591254
4899,5,2025,1,236640,74506,75249,672899,156641,134941,485487,1383132
4900,3,2021,5,431818,287088,109565,780704,82985,256792,1969966,1329077
4901,4,2022,5,887133,378032,151458,2601549,128351,324812,1238980,1460158
4902,2,2024,8,415034,154677,142803,2198794,162674,318276,1154719,1533169
4903,3,2024,12,486592,310077,341636,2958182,88532,173489,1835574,4104339
4904,3,2025,11,927360,333084,65648,1457315,269840,194879,1523689,2522618
4905,1,2022,6,218971,296203,271030,1796867,120079,246199,1562049,3058728
4906,3,2025,12,245109,338073,238887,577477,278073,161934,932935,649296
4907,2,2024,7,286090,345938,379492,924885,166317,65575,839743,752869
4908,2,2023,12,587964,312870,152056,2005010,97420,295498,1300952,1820257
4909,5,2025,2,188145,274873,377609,827079,184722,182867,280337,4279467
4910,1,2021,12,837934,478718,188300,2921849,182350,321983,1946490,1117074
4911,5,2023,3,929084,169658,242644,1666771,167306,349437,492272,778340
4912,2,2021,12,306358,154823,75114,2373299,279966,94174,1472940,2740627
4913,1,2024,10,923471,378972,179577,342949,226497,381677,221886,3915323
4914,1,2024,7,629463,275830,169155,2885604,237256,77833,1341157,4974355
4915,4,2021,1,450507,176487,146946,1405833,67265,126598,961814,4214528
4916,1,2022,9,153505,177565,151295,321665,242457,102392,633594,1797416
4917,3,2023,3,751849,237188,284053,331959,104797,257273,1026475,1763386
4918,5,2021,10,257929,380027,361686,2831142,239688,128679,1118368,2349987
4919,5,2022,8,613141,202610,112445,2785835,248001,124211,636650,922140
4920,2,2024,1,902010,211538,337478,622899,205702,98974,1263637,2086656
4921,2,2025,10,986262,419785,131632,2391793,155332,135953,418698,1215205
4922,5,2021,10,182098,84081,199168,1602578,130872,73173,530123,2350143
4923,1,2023,9,999332,210272,278128,1864428,215383,202945,851653,3681662
4924,1,2023,11,768066,299661,304300,2158741,175294,162185,694445,1521604
4925,4,2021,2,262852,256951,166077,518855,71696,238211,1998113,1234270
4926,4,2024,1,997105,114456,244172,851354,242145,195898,1502485,3920728
4927,1,2022,5,543977,426490,374270,2250518,92887,123340,440304,4431682
4928,4,2021,10,205300,300841,177141,2083097,219690,325094,463971,4490079
4929,1,2024,1,936970,463743,365925,1793677,208680,70339,1570952,1118602
4930,5,2023,2,344247,284511,274240,753256,95965,306853,1305043,2720384
4931,2,2023,11,187759,63819,139647,577419,136183,205160,1189976,3499250
4932,1,2025,7,809049,109980,265451,861927,128448,113458,1520345,1175416
4933,5,2024,7,350872,225677,238536,716641,87637,355783,772518,1826027
4934,2,2021,4,669821,106578,117971,2677665,134573,167611,1626393,2535613
4935,2,2021,1,707248,304681,63709,2770275,122929,352946,428845,727815
4936,4,2023,11,821478,253375,318755,2147310,249851,97275,1262833,1365672
4937,4,2021,2,889866,324750,143201,1720104,60014,145320,1047303,2621194
4938,5,2024,3,708868,61268,167692,1697643,163338,208519,1479851,555036
4939,1,2025,2,172649,319392,252800,1824160,80597,206128,624977,912199
4940,5,2022,8,562556,93080,110860,1329513,139352,231515,1544604,3736355
4941,5,2021,5,732751,410200,116234,748736,260096,344661,607322,4433893
4942,5,2025,12,444806,328585,229316,2222057,249174,199856,404351,4264276
4943,1,2023,7,225737,312628,169277,1558479,188930,370750,1592471,507794
4944,4,2024,11,531341,484087,176638,1082723,191187,161745,564391,1555996
4945,1,2022,10,706359,180869,150187,2785954,60272,364203,312153,1280883
4946,3,2022,2,430320,459427,61185,420176,115234,171001,828574,542186
4947,5,2025,5,356829,426200,368083,2214065,76806,385839,918623,1655426
4948,2,2024,6,616705,231140,156969,1197627,75851,76101,925991,4145247
4949,2,2022,10,285696,86140,51882,2879694,238373,165013,1656430,1695057
4950,1,2022,1,617743,183952,297125,2345930,117948,229747,1591766,4491039
4951,4,2023,11,414969,161900,205543,1136161,286171,364443,502348,3010076
4952,4,2022,7,731746,230381,230733,2797914,233343,127589,672702,3870184
4953,4,2021,1,944387,284500,365800,2179408,70899,115719,1727065,1968057
4954,2,2024,10,604687,87727,290228,1525310,63376,365637,1600510,4839457
4955,5,2025,6,234666,446909,231623,2622751,212212,277483,1901341,3417188
4956,1,2022,3,677845,182821,315973,727768,169198,242449,1901738,2280717
4957,2,2023,10,150730,406112,258299,553631,273836,146924,1041985,3437594
4958,4,2024,7,397003,307915,294909,2358756,291841,358748,873788,1192314
4959,3,2022,4,154365,369526,385756,1905018,73047,374841,1067074,2118432
4960,5,2025,6,745217,177517,229534,2003188,77770,57844,250280,1933995
4961,4,2022,12,715196,366093,234568,1214473,135807,237345,293969,1911039
4962,1,2024,8,929132,497693,228196,344500,54861,214586,986367,1732216
4963,5,2024,8,629471,385935,319878,831992,295565,176650,365343,3487331
4964,4,2021,9,450808,295015,364298,1476075,149281,179630,560688,4171403
4965,1,2023,7,635061,105831,53033,731459,185437,359718,952068,2266647
4966,1,2025,2,334545,366151,176053,545366,215464,199728,1096117,3012942
4967,4,2025,1,139817,370746,124830,2952719,110709,69725,629075,4974531
4968,2,2023,8,590238,103925,263126,846011,202987,271333,1216713,4560869
4969,5,2023,12,378683,132827,126389,1627251,180545,154741,1795435,2413205
4970,1,2025,10,946465,365077,198608,2078361,186645,247873,878703,3506502
4971,5,2021,1,200597,169442,245881,2111561,168928,137376,555590,2093095
4972,3,2023,5,344292,70432,129474,1271174,237629,399498,1986791,3995033
4973,3,2021,6,741523,400945,180155,1732874,182631,110745,612022,1699270
4974,2,2021,10,952683,431421,356276,2758487,207487,157257,1973466,3738129
4975,4,2024,1,841448,234318,233756,2298288,259155,291387,1320236,1270356
4976,4,2023,6,141725,471019,189459,1364951,76625,284327,392098,4031001
4977,3,2023,9,518714,486456,55524,1165991,271474,87062,774481,3518116
4978,1,2021,3,253057,339450,177570,2697655,202572,388238,1562451,2458501
4979,2,2024,5,643542,482900,196793,1769900,157450,174106,490021,2057933
4980,5,2021,3,521521,147772,245987,2095427,276564,80228,883607,1804735
4981,5,2024,2,159729,173662,339767,1299736,116268,361963,1159497,1731568
4982,4,2022,9,811305,244745,251565,2505195,200597,57106,1526266,3417171
4983,5,2023,6,869528,99751,314968,2148843,201435,122222,312939,3916556
4984,1,2023,5,483290,309256,225889,1682678,289544,260441,729343,791474
4985,2,2022,3,132674,52772,256347,2950972,180094,246438,1603818,3623918
4986,2,2024,6,381123,263765,148957,2240069,70966,248406,772742,539869
4987,2,2024,4,323395,402104,106081,2597240,141973,240314,864516,3836962
4988,1,2023,6,473801,223145,327804,306888,102107,381200,1169121,832815
4989,3,2023,4,734444,314928,194991,1476383,51289,331065,1887558,3473431
4990,2,2024,9,499544,185423,113297,473646,251863,57818,1975041,2522415
4991,5,2021,9,917438,415289,344097,763914,299467,383571,493669,4786893
4992,2,2025,7,613348,247971,354689,2842342,164906,116188,222093,3230313
4993,3,2022,10,671971,72033,106737,2944457,279176,263927,834941,2836344
4994,3,2025,11,877874,237204,356953,844130,183407,224281,1303783,963361
4995,4,2024,12,987920,254019,257601,974160,116919,67130,1503605,870483
4996,3,2021,10,717583,125746,68014,2571200,237732,213863,1434420,2647663
4997,4,2023,9,271980,202655,199822,2255372,57768,235409,594770,2813194
4998,1,2023,10,310341,437168,209271,692899,185923,269420,247574,2278694
4999,1,2021,12,422051,239844,252330,1608487,216768,297529,902914,2569367
5000,3,2021,9,549063,184465,60355,2166502,254989,330735,750142,2371797
5001,4,2021,9,444163,409978,58233,2910352,295614,167808,792297,1937814
5002,5,2021,10,655991,380936,343012,1561182,190833,367193,1669684,3303420
5003,2,2022,7,601336,155679,329112,2307066,121924,114694,1790155,3841535
5004,4,2021,3,346594,282148,260714,668773,165052,104693,1725269,4966147
5005,2,2021,6,594676,72390,276837,2945165,191680,308483,448292,4934503
5006,4,2022,11,102753,404161,194673,2840311,88910,365118,1048443,4263985
5007,4,2022,4,539122,93509,222084,2900942,185944,342308,434026,3361044
5008,3,2024,8,598818,204501,267600,653670,211813,383198,1242738,2183128
5009,5,2023,4,901421,108579,264008,943721,138130,393276,1741228,3198093
5010,4,2024,6,637708,230242,351460,1681700,133451,294080,1265224,4939269
5011,3,2025,4,117026,387011,334732,589062,242447,199684,354876,1960967
5012,3,2025,10,477389,371789,261377,1529710,154082,337784,851271,4732248
5013,1,2025,7,905673,84189,381615,2616065,110892,222106,481826,3420612
5014,3,2021,9,220202,312464,111964,310104,241179,196757,1306420,2698068
5015,3,2024,9,930196,228173,276144,2806309,297357,386238,1728325,982162
5016,1,2022,2,345336,370513,294980,2983433,281989,374243,1001890,4578769
5017,5,2024,8,162355,85881,112272,534375,142310,129013,1397267,1936066
5018,5,2022,6,957984,207275,97352,1598188,145754,148364,742021,2228651
5019,4,2024,10,392758,226129,181456,2848642,86107,265523,651926,4678053
5020,5,2023,9,211228,324765,332484,2373325,205714,255959,1495693,3021811
5021,5,2024,3,126992,255223,60585,506300,224580,366113,1721285,1163524
5022,5,2024,7,207107,141233,344330,341521,231850,207880,798622,2186103
5023,2,2021,6,165913,314964,252265,1501188,154720,271489,777569,3785624
5024,1,2023,5,353174,341888,388698,702148,123672,69782,705942,1539536
5025,2,2024,12,562306,370461,185949,1160865,146359,103795,760872,1226490
5026,1,2023,4,186469,362425,108343,961105,67631,191314,574361,3665452
5027,1,2023,7,817312,297433,64473,994701,246059,310328,1142155,3313742
5028,3,2025,3,754323,256080,90443,2184448,252240,230721,1801869,2976382
5029,3,2024,1,147913,132096,319090,516383,54906,58218,701422,3536261
5030,2,2022,11,977684,83695,145353,1572555,184086,286917,1602913,4429189
5031,5,2022,1,701092,158019,245068,706018,276177,303675,860105,1381931
5032,2,2023,5,315519,465492,261222,394637,87669,145010,840897,3754228
5033,2,2025,5,960436,196966,208930,758510,153282,273807,313803,4861507
5034,3,2022,3,828926,408000,92512,1269191,52858,374604,1060795,4149120
5035,5,2021,11,578789,238734,201317,2510220,278053,394019,759811,4637029
5036,1,2021,10,966673,402151,277902,2839858,143718,190300,1313681,4197600
5037,4,2024,10,716347,418519,366611,851949,296189,140021,1518269,1815964
5038,2,2021,7,266961,341238,274192,1533001,189105,152923,1950945,2498007
5039,1,2025,7,884779,136681,59561,2318931,74393,101487,1265485,3359806
5040,3,2023,12,172924,435304,156505,2760661,258626,85903,1632486,4502769
5041,2,2023,10,192415,299009,326009,2898539,92768,233833,864486,1211052
5042,3,2023,2,913410,317765,143049,1366709,258456,316909,1957704,3452642
5043,2,2022,9,685382,456887,57740,631931,52008,236428,1499606,3114247
5044,1,2022,10,454314,458423,56832,1561605,88389,95516,1057312,1210648
5045,1,2021,3,635062,85503,297464,902870,63420,218281,1312754,3862475
5046,3,2023,3,524384,120529,192030,2911076,91864,100257,431703,3836183
5047,5,2025,10,181110,344625,277929,482457,127274,251000,703218,722943
5048,4,2021,10,832234,224113,212840,2366021,119707,301340,1093466,2692423
5049,1,2023,2,460391,425712,114156,1101801,230780,195322,1906444,2246237
5050,4,2022,12,900547,150119,399029,1698077,121109,185860,1575512,675965
5051,2,2022,7,302729,459653,67895,2071295,229159,50927,1364040,4316569
5052,5,2021,6,448632,440601,164321,1435697,124522,250258,433725,2566824
5053,4,2024,4,299807,375488,144975,1247172,116649,235255,1602153,4639317
5054,1,2021,3,242494,160642,293448,558299,287159,176945,1668459,4987280
5055,1,2023,8,326108,80895,216610,1522093,210449,262852,1583544,3038442
5056,1,2024,3,464299,418536,203694,577728,56605,99505,1452078,3483106
5057,2,2022,11,804406,377522,125771,1553010,274619,345689,1892584,3040564
5058,4,2022,6,757138,205898,89581,2386806,173734,363480,423858,572598
5059,4,2024,9,841397,326017,343257,489288,139750,134864,985450,2583353
5060,3,2025,7,735591,247168,313545,569620,103949,261044,1120685,3967016
5061,5,2021,5,902471,474981,288774,2045883,273081,185972,844698,3914553
5062,2,2022,12,672873,407008,336430,2569209,283230,102973,1178186,3406164
5063,5,2022,6,460788,462478,142268,1176806,218143,306933,967547,1772745
5064,2,2025,11,354062,149214,371040,1602744,122660,225073,660868,945752
5065,2,2023,5,621822,213455,351277,1939627,116419,193606,1739725,1198768
5066,3,2025,5,838118,82015,372998,2739437,196683,357538,604864,4099929
5067,4,2025,6,503396,133156,257820,1100119,100058,108778,372482,1866771
5068,3,2023,7,740245,424293,84992,2540845,149456,179616,1126567,2427754
5069,5,2023,12,473310,208095,325300,841557,108381,219886,497467,3667215
5070,1,2024,11,354258,237890,223458,1210754,206605,353879,664098,2027609
5071,4,2023,8,699209,478132,142156,2167744,127339,157174,898567,1762075
5072,5,2021,3,348537,432284,384990,601300,278769,150974,1701924,929224
5073,5,2022,8,598692,456719,278827,2673105,147018,387639,1972083,547646
5074,1,2023,8,533736,266835,195092,1532814,165340,282664,1146169,505263
5075,4,2022,5,409450,294892,321692,814320,155013,114245,1403796,3441770
5076,4,2024,8,381889,438327,104701,1424442,286402,239424,276365,1331394
5077,5,2022,4,828780,53713,347234,2600367,77465,171468,1342995,3936466
5078,2,2022,6,979900,417860,345929,2030754,231395,381008,831248,4824980
5079,5,2021,7,678009,332978,97572,1406739,51765,153107,698609,1760153
5080,5,2022,8,737582,295034,273360,304573,295073,123621,1489158,1910391
5081,2,2022,10,335260,476991,319744,2965355,297226,291405,562045,2890407
5082,2,2024,8,417374,449800,170254,1037561,134584,72348,584227,1578155
5083,2,2022,8,701049,475860,345333,863954,199532,201178,1310256,1114112
5084,1,2025,9,995649,465707,385324,2368414,243794,196126,1098889,2673584
5085,1,2021,3,864152,56566,140026,2854920,101577,110580,1456374,1098482
5086,2,2021,8,717267,83726,58629,456260,158519,394936,794316,4886800
5087,4,2021,1,178190,234927,131035,1564808,160813,96409,1203913,1394369
5088,3,2024,9,163178,380829,224451,2080436,51298,374275,975265,1390619
5089,1,2024,4,923542,345158,214871,2598370,134297,146003,1743096,2698855
5090,2,2021,8,669764,113436,103453,1177710,195015,85118,659697,1153031
5091,5,2024,3,810164,489044,183957,2015010,176497,392548,982931,2531832
5092,5,2025,7,123305,225553,383829,1615570,176131,175999,649961,1667424
5093,5,2022,5,862637,148163,83650,756768,119586,326876,951813,960966
5094,5,2024,12,498658,468276,359761,2198146,77245,185466,474458,4617857
5095,5,2023,8,445234,221539,260029,650296,76888,104871,744536,2214003
5096,1,2023,8,723245,161084,324675,2956875,225976,312445,1850966,4097727
5097,5,2021,1,113891,481793,205015,2171036,210218,255189,214793,1354649
5098,5,2021,3,730527,279570,138775,2376857,112603,355089,1386407,4969325
5099,4,2021,1,159764,495867,282390,1246687,207039,240716,595819,1722093
5100,3,2024,12,813996,453695,88583,1014358,124579,293633,321416,2863523
5101,5,2021,3,249130,422783,111698,1430472,184802,130176,1314563,1866044
5102,4,2023,3,617528,186808,97381,544830,198083,127759,1557855,4630075
5103,2,2023,11,892100,150964,330174,2407271,115120,235466,994729,2393015
5104,2,2022,9,585878,193867,192425,2397256,115886,202190,509213,2157058
5105,1,2023,11,543374,378426,144825,797243,197398,353213,1357265,1951196
5106,1,2022,4,368814,71740,243430,2346526,86911,301494,895025,701102
5107,2,2021,7,940659,114962,378286,748047,228527,382002,1785502,759579
5108,3,2025,4,406408,376728,140174,1846783,236866,272337,1210227,4215259
5109,3,2022,3,497441,52461,240680,1427838,293829,292426,1209600,2846998
5110,3,2023,6,399168,464227,359156,1669785,202822,72116,888074,506655
5111,2,2021,4,766066,260246,289782,2872086,190819,341288,381667,2945604
5112,3,2023,9,366247,158721,282911,2151138,219576,51945,763292,1004512
5113,1,2023,7,727260,300390,283232,467200,160368,95373,319611,1560852
5114,3,2023,1,531350,259749,334709,2896884,287972,232866,1612581,2941704
5115,5,2023,5,181647,349956,179461,2176872,228396,357290,317019,1167299
5116,4,2025,4,652189,413222,57132,1636937,199698,192867,1894264,3357065
5117,1,2025,10,218605,306418,164203,2210687,218535,142234,1770940,4082345
5118,4,2022,8,204349,250031,340058,500058,121053,90059,206478,916686
5119,1,2024,10,199748,415101,107117,918004,202905,272594,930357,3810219
5120,3,2024,6,783017,354466,358067,538768,273340,179826,1283942,1654347
5121,3,2024,11,394302,162798,63877,2924243,200962,367705,458782,1940903
5122,3,2021,3,372402,221973,105371,1149398,279838,386665,1852815,1636719
5123,5,2025,12,267643,329606,53035,2120778,254126,249557,323214,1167370
5124,2,2025,3,868509,50284,378784,1114811,57727,115954,1467920,3481683
5125,5,2025,1,425866,168491,129153,362647,299590,305365,1466395,876471
5126,3,2023,10,430824,239690,137535,1747581,186328,338616,1439293,4997075
5127,5,2022,10,600367,148290,285051,1203381,153367,249673,1957056,4150169
5128,5,2023,8,919976,217924,89037,352056,247389,122009,413915,3229251
5129,5,2023,8,102575,445414,366687,2952190,50418,106584,1849497,2435497
5130,5,2023,5,534272,350161,93526,1561308,294696,304123,1379287,4536908
5131,3,2022,11,591869,353377,155414,2164802,66511,166839,1154380,1725077
5132,1,2025,11,987538,160433,126161,871674,203944,288671,1695092,1868602
5133,1,2021,8,984674,361377,162248,613077,220967,298296,778232,3111001
5134,2,2021,2,933706,325430,286551,2452099,175200,239813,813638,1852841
5135,4,2025,9,445097,185452,64498,2320955,118489,189728,1544205,4734348
5136,5,2025,5,930790,372696,119541,2055105,117985,344211,861290,2165315
5137,3,2021,12,780941,72251,214020,2006900,242519,336256,1886889,2918835
5138,1,2021,10,162834,191112,395230,1327318,166254,88463,298743,2455649
5139,1,2025,10,679083,259322,316672,2564424,282563,236384,1366732,4987412
5140,3,2023,1,835370,80034,191875,2100353,230124,248817,1874313,1448936
5141,2,2024,3,182171,361775,365815,301086,298718,83212,928991,593060
5142,4,2023,8,198203,404429,341067,1288760,299923,257744,1165243,2424713
5143,5,2024,1,831768,281742,184434,1689679,186755,375065,1741732,3076322
5144,5,2022,2,229550,358873,162490,1798933,115954,70850,1480519,1861645
5145,2,2021,3,570884,410652,337455,2648320,293633,386386,1688943,1753563
5146,5,2022,12,823703,281310,217373,1806136,246848,161749,1459026,3814383
5147,1,2025,3,651204,287109,229762,2775263,112682,194231,503231,1897486
5148,5,2024,4,691538,306308,135942,1922342,202203,94873,1381572,1421226
5149,1,2023,4,916777,191767,372498,2122220,119298,274084,1252079,1837264
5150,5,2025,1,557238,203974,104155,1315970,72517,253740,659724,4715675
5151,5,2022,7,279821,70114,127505,301213,286874,52493,257139,4336994
5152,1,2022,4,241138,271595,276198,1860309,167866,310152,1120580,1905828
5153,4,2024,3,708421,206624,344499,897374,156219,135961,931002,4957796
5154,3,2022,7,933304,133672,288676,2630771,150242,138209,971173,884830
5155,4,2022,7,371326,395843,344894,1102031,278096,391027,413583,2405998
5156,3,2022,7,871354,203245,333947,2172039,235704,359315,805904,774310
5157,1,2023,7,766086,327457,323154,1243497,169644,187822,1384634,4298838
5158,1,2025,10,938443,293140,354497,2919446,197396,129342,833659,1375824
5159,4,2021,1,646551,482830,79562,2454388,266697,306507,1804301,2802466
5160,3,2021,8,988240,336007,316049,625584,245326,136675,1551773,3518775
5161,5,2022,5,878387,287463,155757,1610590,69415,61086,1222181,1460482
5162,4,2022,10,603743,166368,87412,670095,235810,369135,1167932,3085642
5163,1,2025,4,955382,466268,368002,2588207,148425,286120,1317311,2689439
5164,1,2025,4,688382,329669,187504,1857562,268434,393859,1846691,4587501
5165,5,2024,10,234355,435943,346853,1323758,226362,138648,805939,4265765
5166,3,2022,9,517422,492501,392794,357313,52771,337360,1593314,2226501
5167,5,2023,11,555906,51958,384761,2757070,162680,211778,215760,4030274
5168,3,2023,7,766484,325926,390548,325609,277711,65478,902275,2226146
5169,5,2023,11,975870,173589,271155,1310107,119524,101519,1749935,3446652
5170,5,2022,12,420598,106197,206021,979541,218108,205483,1048460,2861207
5171,3,2024,11,259034,126549,379426,375791,176211,93003,1039711,2144608
5172,3,2025,7,671006,233716,280041,2038096,278694,332309,1188679,2662381
5173,3,2022,7,313076,289793,124652,2347223,139250,203508,1205671,838137
5174,3,2022,8,803211,192908,172808,2148988,68755,149536,1467343,2878432
5175,5,2021,7,806313,386101,160730,1167038,268813,116596,1870093,2617031
5176,1,2021,11,862627,88960,204234,451443,203339,307709,1589350,1485330
5177,1,2025,4,324346,189571,62097,359839,216731,146167,1108390,1109267
5178,4,2021,5,692834,84135,352260,1412273,288361,250679,1216996,1923189
5179,1,2021,6,316900,221919,178662,1276858,297289,367891,663894,1586779
5180,2,2024,10,500554,337045,360693,301339,67173,207068,1144547,940173
5181,4,2024,7,173484,304605,255538,763354,53384,210399,885627,3420638
5182,4,2025,1,989130,285143,268198,1934547,232166,199653,584391,1187573
5183,1,2024,7,624793,341726,163466,1153052,62489,315464,572903,3047188
5184,4,2023,12,626688,138577,78548,2650576,296904,304362,1176978,3652752
5185,1,2023,1,455279,415479,101938,952633,149866,259652,1137763,4033914
5186,3,2022,7,633987,214306,282209,1096005,241025,175893,1325663,3436025
5187,2,2022,4,803965,222367,230001,2911577,83086,330596,1829166,4019737
5188,4,2023,11,914301,430246,288850,1344932,86624,161178,1477644,2957744
5189,4,2025,12,242399,147083,186314,1157526,226913,336252,1918179,3913206
5190,1,2022,3,244721,358359,302334,1726203,114994,371645,1229398,1501350
5191,2,2024,6,338405,121887,234289,2020625,161888,396600,352454,1769845
5192,3,2021,9,792104,293087,225759,2237077,249614,369959,1764828,1929154
5193,1,2023,10,946822,129670,91251,2472168,157797,82970,1387933,3524487
5194,2,2021,12,568085,106854,335015,317965,242408,174775,1234456,3531901
5195,1,2024,2,700378,354497,154730,1291108,172248,157293,770346,2242274
5196,3,2022,8,807519,389725,385340,1514570,147188,132951,1304844,4768658
5197,5,2024,11,183890,446781,63445,2193903,267139,326058,1829288,890087
5198,1,2023,12,534010,430948,178743,2908884,145311,96427,1957157,2339821
5199,1,2024,7,148499,264640,332098,1807229,284944,68735,1327598,813816
5200,4,2024,10,642069,215209,399398,838129,213877,363318,1712077,3054131
5201,3,2023,11,641902,311655,60966,801279,84698,332667,229493,1544812
5202,3,2024,10,243528,442607,153601,2806236,213566,93106,407866,3967500
5203,4,2022,2,369538,465573,315341,1400062,260244,206443,1196185,863422
5204,2,2025,7,357073,495155,288345,600551,200187,347326,1467544,3554109
5205,3,2024,7,243847,87529,141833,2916337,183250,140707,1250867,2410985
5206,3,2021,1,534835,256552,291655,334895,179276,262438,728007,2547311
5207,2,2021,5,275483,496395,277708,1111133,97699,128348,872134,1188515
5208,5,2023,1,293294,294983,169672,2129741,55313,240106,645643,4699702
5209,4,2025,6,830815,186028,348269,2224359,176529,318528,1254006,3873464
5210,4,2022,10,860511,412849,244719,2490374,102603,207791,1400067,4232882
5211,2,2024,9,205897,347002,389392,922726,154840,297511,578636,4712913
5212,1,2022,11,249145,378452,108544,1169962,159353,235950,1945687,1672133
5213,1,2025,4,127244,461549,133874,578620,195381,378680,1388502,4596285
5214,2,2023,4,603778,409596,179912,1725382,97935,226089,459217,1336821
5215,4,2023,8,689461,328439,228672,1371578,155748,75984,1641089,1372207
5216,5,2024,6,966757,139175,52070,470022,53965,278109,674634,799981
5217,4,2025,7,653865,411162,236517,1167394,191354,235154,791927,1412931
5218,1,2024,6,327126,218536,311582,818455,189490,84173,331079,4491904
5219,2,2024,3,455687,144729,167977,2335614,289684,159233,1201049,1042798
5220,2,2022,11,719657,291810,165190,302921,91188,69110,1211337,2094295
5221,3,2023,1,607429,153992,51400,1516168,153950,223131,1485167,591001
5222,3,2022,3,939975,444313,101885,2676141,111967,352084,1203523,4950022
5223,4,2023,2,153553,328813,51251,801664,163618,394610,1017805,3136400
5224,1,2021,7,418260,192615,179357,2788714,244987,155570,1804273,2200986
5225,2,2025,5,131332,373864,346740,2773263,66339,279820,960599,3794272
5226,4,2023,11,667677,479722,302166,2912007,59283,365390,1406780,2060143
5227,4,2023,4,338550,300321,346410,311671,105221,209774,1000490,3248603
5228,3,2021,11,669360,216759,362776,1242500,206823,96795,1067132,4524292
5229,2,2024,10,199143,67550,65744,2059959,231920,305181,374758,4396629
5230,2,2024,5,910219,91569,110929,2920364,192946,378908,249122,639657
5231,4,2025,2,361651,57420,64946,1689848,279837,320258,1647497,3178254
5232,5,2025,7,736235,329207,234897,2600239,145173,80147,918821,1565246
5233,5,2021,9,777353,439655,379276,739708,183367,72451,321291,3280385
5234,5,2023,2,795017,86651,203597,719407,215393,97233,1516283,814196
5235,5,2025,12,162044,325725,341354,1361758,227367,189698,1672659,4929808
5236,1,2022,12,388393,312432,375922,821996,128132,328246,1423175,4906569
5237,3,2021,11,379691,297663,148565,1951002,248089,127962,1445419,3583293
5238,5,2022,12,652402,56823,162248,2498388,168465,355998,1094910,4048516
5239,1,2024,11,357681,450864,135742,2735357,68089,228436,561199,3467114
5240,5,2021,3,970002,201975,118761,2345654,240307,329100,1875901,4445047
5241,4,2025,2,624663,242167,67369,1588480,277141,275729,1255028,746437
5242,2,2024,1,387808,248116,173642,1201032,215982,120412,1735817,3700952
5243,4,2025,3,775564,63163,331390,2826256,142787,230299,622314,996313
5244,3,2021,8,644595,401301,286304,2037941,133522,336249,1557685,3640747
5245,3,2022,11,582413,300784,123700,2329405,167605,353920,433678,4219236
5246,2,2021,4,234711,481151,312277,2087200,230548,78393,1613861,2125208
5247,1,2023,10,461018,120144,265063,2403406,241292,241147,698885,2879460
5248,5,2021,6,274572,399362,226015,1602392,55160,201561,1664129,2668482
5249,5,2024,12,653757,183593,106817,601420,276464,289423,224610,3404514
5250,1,2023,4,942982,274658,210737,1298890,215116,69142,408503,4679180
5251,3,2025,6,293231,282468,266432,1211190,236564,286912,1660925,2765304
5252,4,2025,3,581425,348711,219165,2219374,70326,339582,585619,2585677
5253,2,2022,9,977972,211318,109444,2039967,267057,68777,1612007,568436
5254,5,2021,9,608410,398326,185879,1323351,107086,280935,724520,4780902
5255,4,2021,8,847691,301982,69479,2195452,72428,278012,720727,2418020
5256,1,2024,12,280611,108843,268178,747217,196466,314487,1798642,3543073
5257,3,2024,7,422366,246258,138521,1147029,280980,276249,1326681,4083292
5258,2,2023,11,931895,381456,290605,2305877,296129,91908,1626560,1903173
5259,1,2021,8,450703,134081,303165,587223,219139,93227,824775,1117956
5260,1,2021,9,157840,336714,197980,1553706,273422,61513,788014,653726
5261,4,2022,5,120603,371440,122327,574840,77648,145576,1722391,3563715
5262,3,2021,7,684245,448882,332500,1255694,163835,77482,214539,4803194
5263,4,2022,6,735600,134359,59870,537276,124935,271363,245333,4093024
5264,1,2021,6,676729,105238,352846,1202382,85186,251601,680207,755152
5265,4,2024,8,717505,347285,160944,2268307,66633,240824,889044,3526197
5266,5,2024,7,457912,392641,316055,2525793,69143,171637,860888,4008369
5267,1,2022,7,238182,62997,216601,354180,226501,381284,1384188,2264356
5268,1,2022,8,774103,439888,324478,634587,53392,159227,642722,3507382
5269,4,2023,8,321687,466380,294739,2455298,281029,343166,317268,2679896
5270,5,2021,1,728983,390874,315930,898991,267450,93257,1899814,1588007
5271,3,2023,6,254169,361587,121385,304311,294669,207603,1032033,3157194
5272,2,2024,9,634512,398525,320897,1668426,236147,227387,904855,1442527
5273,5,2021,9,933354,178012,196997,2571958,98178,57930,1700469,4480225
5274,2,2023,8,635171,131909,55433,1905957,293061,378594,1570564,1864711
5275,5,2024,1,322520,297017,373738,2200345,248769,144568,956735,3584439
5276,2,2022,5,188111,109218,154870,2992997,222939,252100,673531,1842293
5277,1,2022,11,293288,232469,244265,2078173,55209,141637,1187512,4625457
5278,3,2025,10,440498,277851,337607,1118356,145377,257969,1679703,1018038
5279,1,2023,7,137856,336573,346962,538263,130222,392363,1574537,4376814
5280,3,2024,8,688565,84606,281948,1967081,151822,253806,1485884,3219859
5281,5,2021,9,636407,363278,360876,1515652,289983,171176,847547,1702568
5282,1,2022,4,490287,153390,210156,2455137,140912,388327,1769387,2165442
5283,5,2021,4,306251,148556,329354,2444817,109714,272161,482930,3148215
5284,4,2023,10,149346,64904,207216,1074552,154653,51763,723619,4756129
5285,1,2021,5,104549,92296,283019,2889559,72985,282369,1987485,3921646
5286,3,2022,2,676560,497600,174539,518202,114466,95120,1433707,3526482
5287,1,2024,3,356707,336925,395775,693862,232922,90435,967799,3505615
5288,2,2023,2,507072,468933,145013,2135637,181391,251892,1595915,3267988
5289,2,2023,6,609929,103037,287121,1478356,194316,321194,1123196,3519495
5290,2,2024,6,199480,211998,332280,1720285,148329,91940,704407,4300779
5291,2,2024,3,363081,82066,354208,1700954,228368,107449,943945,2766114
5292,4,2023,12,665193,359491,92496,2129614,130226,55142,816138,3854934
5293,3,2022,8,544637,425000,399263,2078628,226389,223536,458840,4091068
5294,3,2022,6,904721,476611,335120,1027874,132038,89772,262372,1074035
5295,3,2025,5,681838,406562,103062,708945,92783,372264,934531,4795457
5296,1,2022,6,564030,386235,297042,1902900,296682,360034,581935,4610914
5297,3,2023,2,105473,435384,309791,1527993,190676,132174,704845,4666773
5298,3,2022,9,568801,293017,297939,2715184,192620,122526,1314577,3991109
5299,4,2024,6,444175,157572,153371,957151,230493,295500,1002258,828051
5300,4,2021,1,162709,327850,75798,1746522,291931,263332,1099207,1494565
5301,4,2024,4,712240,267450,303981,2009374,236880,124624,1883229,4077555
5302,5,2024,8,798965,147068,227696,998160,200482,145398,1361567,4684631
5303,1,2023,11,445672,169865,184920,2791716,131791,263025,1249741,4432700
5304,2,2022,10,573564,384257,102157,2917941,280800,297605,255015,4281087
5305,1,2023,2,135163,51712,161745,1371414,200096,119444,417031,4666575
5306,3,2025,3,304084,176165,258967,644176,121815,336237,942958,2282206
5307,3,2023,3,249929,157559,144796,648186,157013,246635,1282012,2536735
5308,2,2023,7,137644,366128,58098,2176066,203375,247650,968966,2261016
5309,4,2025,9,115045,274297,154531,2982131,250060,154088,210400,4209080
5310,1,2024,1,673457,103750,273176,1127641,277473,296525,760400,4927918
5311,2,2023,11,904938,215507,122632,2350150,193531,377639,830315,1134737
5312,5,2023,8,266003,464539,125656,2201544,292594,335022,1808914,1778769
5313,3,2022,5,661702,354736,304215,746923,112207,371801,1554003,4266425
5314,4,2025,2,376453,365188,73237,2645516,165488,281013,752120,1087711
5315,2,2024,11,300162,117210,297248,1774650,92049,275308,537932,1640818
5316,3,2021,7,278717,297860,328137,1728028,276139,184903,1349854,4858776
5317,5,2025,11,473484,361553,171217,1434732,291125,219602,548531,905186
5318,5,2022,3,980602,408207,85738,1464114,291059,260064,456585,4145737
5319,1,2025,7,448891,485922,210782,1997814,198409,89158,902523,4444650
5320,4,2021,11,589195,496709,195467,915352,262805,291106,568397,2341212
5321,1,2024,2,704636,269779,341626,1737252,110948,152030,1975540,1559438
5322,4,2022,10,966307,298222,340658,2760135,214359,286375,877548,4636138
5323,3,2022,8,198792,100868,182184,1526878,211200,281382,757706,1196931
5324,2,2021,3,241750,433318,197108,2509841,56444,374974,1652924,3622905
5325,5,2025,4,758006,69071,242755,365582,198357,240470,1690390,1564070
5326,3,2022,11,764813,103584,198093,1293453,215566,300214,1460313,3675552
5327,4,2021,12,496110,316136,366217,1852013,66412,288646,1490147,1084869
5328,4,2025,4,506816,124733,87463,1933656,106977,259682,1124171,3561971
5329,4,2023,4,493138,406029,95896,417425,269115,256842,631977,1113978
5330,4,2022,3,127744,193291,160369,2309790,124057,124078,316947,4475480
5331,5,2021,7,271851,217787,136598,643439,190923,298861,487634,2384845
5332,4,2025,4,775603,90480,341857,2237038,232033,326045,1953116,1725761
5333,5,2024,6,281565,277800,317422,2470177,196210,329693,1463739,1347584
5334,2,2021,6,591020,102075,59710,458529,71004,150523,1728481,2675333
5335,2,2022,7,792609,396627,54761,2939496,135032,50894,288077,2422673
5336,3,2024,3,786557,269268,317282,1508733,221113,230740,1408963,583557
5337,4,2022,11,527462,420758,93690,1733157,190292,136485,1992726,3702781
5338,4,2022,5,358217,485486,195323,306341,120378,382354,1311621,2702337
5339,1,2022,9,776302,263991,304194,1986068,116596,260668,1177667,4399932
5340,3,2025,12,402266,266654,329199,2605041,78292,98795,1434101,3698199
5341,4,2025,1,556189,288049,216185,1349098,233870,125964,1426836,1453598
5342,5,2023,3,460706,81615,397356,1599385,131320,216206,257791,4177689
5343,4,2022,5,596184,81311,331419,2286689,296256,170806,285970,985984
5344,4,2023,12,708375,276240,286099,1076579,92480,52616,418539,4942841
5345,5,2025,2,567376,438191,353566,805957,160201,64519,1629527,1433507
5346,3,2022,3,124813,460236,397449,1574788,65520,358636,715165,2041840
5347,4,2021,12,105866,408179,313852,1800490,102480,366597,511509,3683952
5348,4,2023,6,449771,239242,76188,742240,222679,304907,1902444,4370237
5349,5,2021,4,302283,212925,157979,2422132,75239,215783,965852,1266710
5350,1,2023,3,189299,497731,331388,1530925,106866,241507,1837207,2432911
5351,4,2024,6,241265,167903,259365,2405054,86575,230710,1244958,4195425
5352,2,2025,4,503227,55791,326255,1488801,70297,115882,1514096,631586
5353,2,2021,9,934452,131847,157327,895524,118511,313470,1334026,2502977
5354,4,2025,2,172006,291223,318941,2291110,200269,100199,843625,2548775
5355,3,2024,7,413793,402465,270356,509524,221912,394381,1472806,3820017
5356,4,2021,2,901259,463794,330593,2621334,200848,207691,215001,679815
5357,5,2025,10,287503,409254,364136,2328048,222879,337659,383993,3797711
5358,3,2022,9,830095,408473,366431,2394644,291970,264673,558736,4928745
5359,3,2023,2,933419,491115,305839,747750,236157,309549,1265017,859450
5360,3,2023,9,834764,242990,91182,991790,265186,97044,812199,859766
5361,3,2025,1,233669,375474,142601,1655994,192809,127903,1197235,3812156
5362,4,2022,8,505966,385200,270094,1504950,261187,141957,1210590,1903012
5363,2,2021,2,889510,491226,115499,2600994,171017,58956,1321254,2845848
5364,4,2025,7,211422,316582,228034,1441562,278009,355597,296814,1690619
5365,5,2021,11,993349,281997,346712,1198490,247514,243037,1364326,1692046
5366,2,2023,12,204161,312429,109641,1196301,174043,126515,1538836,2641273
5367,4,2022,1,321414,480404,307244,805110,176291,76092,1301700,1685578
5368,5,2023,6,649950,297725,305735,989302,267891,120037,1862226,4491913
5369,2,2025,10,262660,76406,63227,2054696,72693,364598,1700711,1458264
5370,1,2025,1,146648,222126,196724,1527568,232079,108948,476160,2810739
5371,4,2022,2,261904,358330,90359,418052,131168,310242,448251,4059514
5372,1,2022,4,580249,325639,188295,1324347,131186,304142,1855446,2080249
5373,5,2021,8,546932,123415,128829,920318,206700,374439,630352,1846244
5374,4,2023,9,733288,354005,297391,1396364,181531,176994,1679127,2644578
5375,1,2022,8,775430,407453,189654,2939324,209571,222026,425841,4598835
5376,3,2023,4,761549,324209,211411,661572,113699,240001,297026,880569
5377,5,2022,9,249778,53483,306324,718988,288720,310248,1432305,3698519
5378,2,2025,11,159388,411660,102119,1818653,172198,72568,501986,2873542
5379,2,2025,11,885708,188207,366439,1856436,58846,60541,265865,615799
5380,4,2025,7,463395,185963,361544,790745,267502,298090,1801543,3511029
5381,2,2025,12,181574,452115,396932,1923657,249667,102868,803763,3046042
5382,1,2023,4,337455,387057,90289,1199875,278919,64701,1066458,2928505
5383,1,2021,4,835761,391846,327477,403376,204166,322896,1970031,4471366
5384,5,2021,8,665835,427593,293445,2372844,79238,325026,395114,4584458
5385,1,2023,2,392581,396757,269886,2818662,106058,232745,1935074,2148693
5386,4,2022,4,441298,479044,90738,1189567,118950,370226,229404,527350
5387,5,2023,12,126799,375078,384840,2021403,80755,161630,1934837,1735920
5388,3,2025,4,409343,476338,86591,675298,162969,166415,1361516,2225964
5389,5,2025,12,572129,360137,308340,729274,221679,61406,1050408,3650597
5390,3,2021,3,339838,88072,335447,321429,205640,166609,1268706,1559309
5391,5,2023,5,480574,331998,219892,2968477,129900,280005,428923,4456678
5392,2,2021,1,963457,54971,229511,863933,244931,68210,1232957,1908645
5393,2,2024,9,332723,59712,254934,1664265,242942,233929,821790,1591137
5394,4,2021,12,902665,364624,311217,363135,266704,94555,929881,1039946
5395,1,2021,12,341693,427385,366889,2419607,272110,297471,1473801,3373439
5396,4,2024,9,558848,51654,388336,2681744,54149,204178,1856241,2340388
5397,1,2024,3,919664,241039,222072,2912453,126497,115287,523515,2762337
5398,2,2021,10,634902,55355,153992,1270970,286278,76444,404608,3468879
5399,2,2022,9,712492,231712,148502,666775,166436,105597,1945970,2588817
5400,2,2023,1,993771,50216,331274,776317,224028,116909,421195,1928282
5401,4,2021,6,314188,147502,124162,883246,146602,94573,1421917,4898126
5402,2,2022,1,693580,215041,193856,1267891,153897,226291,1217966,1900930
5403,5,2025,10,687885,334191,134567,1609808,138090,299755,237206,3655089
5404,1,2023,5,967295,358760,51949,323823,136795,348611,1842993,3049248
5405,4,2022,2,113969,364428,273592,2388506,155520,148741,1539775,4786178
5406,1,2024,9,241037,459427,302886,1031368,118333,370995,1405507,3944583
5407,2,2025,4,993639,60142,110784,2619533,279673,353311,1754747,1474455
5408,5,2022,7,467729,235631,390148,1060803,298093,196315,1596524,2356687
5409,2,2024,12,287548,147024,221603,2136297,200075,339414,1244272,2366106
5410,1,2021,9,564946,258441,124979,1720372,90387,347620,915949,1528120
5411,2,2022,4,488026,487369,207738,332558,239785,114514,1696605,4139370
5412,4,2025,5,971960,236372,100076,2595667,264319,265910,1061870,4143288
5413,1,2023,9,332676,498701,278997,1398442,216178,101547,532792,3960740
5414,2,2021,7,607250,273577,233603,2789761,210315,77250,1721065,942733
5415,5,2024,4,933673,240711,249177,1286327,187563,238235,1658942,548963
5416,5,2024,1,586818,353404,160338,2197355,140004,83924,304661,1027437
5417,5,2024,11,193363,314752,208151,1825909,208110,123450,1489646,3971236
5418,3,2022,2,174217,168625,205111,304945,107200,379952,335621,1607298
5419,3,2025,10,514783,158062,138857,2235143,241869,198869,1484193,1839178
5420,2,2021,2,528421,437575,304132,1759716,219330,352978,1486742,1196150
5421,5,2024,8,605064,361206,382518,661251,129055,84509,1493314,2773035
5422,5,2022,1,639804,270327,186554,1469677,214844,97386,466188,3818906
5423,5,2022,11,579994,230204,294499,2501220,248784,398141,1906278,1606043
5424,1,2025,6,773882,137243,385642,1318613,170136,313243,1608468,2214214
5425,2,2023,12,618557,183914,92361,334781,257829,206480,1098594,2137920
5426,1,2022,4,460988,53419,327786,1196739,124687,297307,626251,3872225
5427,4,2021,6,821488,52286,323466,1968193,131271,231919,1372166,4443306
5428,3,2025,11,832832,286833,344909,2531374,180438,176916,1720545,1086033
5429,2,2024,2,213607,161731,64221,1178617,158672,347031,965095,816179
5430,4,2024,3,584049,261102,111796,2447969,140092,184581,1605532,4463657
5431,2,2023,11,453704,79794,152817,1711131,279622,313734,1401444,4412190
5432,5,2021,2,697462,200963,71635,939924,119267,121607,1430185,2411651
5433,5,2021,2,957154,162723,56331,1109800,151336,202072,1603124,4986664
5434,1,2024,8,856832,493517,292311,1127877,61308,352459,777023,2171392
5435,4,2022,3,944645,141111,357321,726210,255484,173689,1416104,1477146
5436,2,2023,2,626766,341785,175106,2947780,60589,345282,1766697,4339492
5437,5,2024,6,445137,270445,103578,2535169,278624,262666,1529365,4172846
5438,3,2024,11,435363,465190,386283,1081763,218585,86670,1695081,541675
5439,2,2021,6,918609,300532,365147,1663589,196579,160226,918927,3187086
5440,1,2022,10,100746,235436,59125,734656,63824,394291,1580413,3493475
5441,1,2021,3,160446,387511,318426,2110007,166489,134511,262095,2070528
5442,5,2023,8,677772,223834,307667,1764455,246406,197694,699892,3977533
5443,5,2021,2,617208,310953,220138,2770835,224437,307571,1785488,581779
5444,5,2024,8,699928,382711,239729,912181,196075,335554,965589,2958815
5445,5,2024,5,720482,266602,304614,565469,276239,327986,1634010,3439754
5446,3,2022,11,449095,134597,127179,2526956,270685,365518,1684681,4696657
5447,4,2021,9,646869,256850,122333,1582634,161175,208111,1112755,2768607
5448,1,2022,10,714065,450698,249444,544302,152155,393137,1052531,2165318
5449,3,2022,2,825907,377086,348184,2605907,108270,193790,1619895,3122549
5450,4,2025,5,220696,234856,370561,1846452,128967,157140,1211695,4326583
5451,5,2023,1,915998,430935,349126,429937,116687,235955,1322103,3855000
5452,3,2024,7,904632,426045,353630,1044644,137486,194770,1836526,748191
5453,5,2021,6,255932,479537,148840,2417936,222783,361882,1266182,857384
5454,2,2024,2,789453,400067,219073,546231,207227,380962,1926261,1031434
5455,5,2023,1,761041,129928,293366,1426689,74203,151242,1897883,912949
5456,4,2025,6,396758,141215,94449,1444064,182190,100406,1616430,1354972
5457,3,2022,1,743845,151877,355797,2645983,251014,108481,1135317,615691
5458,1,2023,10,803057,61642,323306,2021231,236956,299581,1211522,3942164
5459,1,2025,6,887394,397769,272822,2091295,222544,269306,412855,3776217
5460,2,2024,4,983842,90319,124000,651928,65095,55061,697931,2521395
5461,4,2024,6,404927,309088,338814,936973,162183,365163,1959196,3701130
5462,3,2021,6,649040,50828,274563,2870554,213246,266188,1051669,4268389
5463,4,2021,7,224461,471400,77068,2691235,251616,266648,1637773,1553168
5464,1,2025,8,482075,316614,214466,2266858,50625,145078,464677,3142889
5465,4,2025,5,482393,336036,57700,2473481,53235,128988,1446348,896593
5466,3,2021,1,656555,201757,279572,2304357,161066,185811,1161982,2027891
5467,5,2021,1,623438,430013,259230,1231455,289669,290061,1009453,3532409
5468,4,2024,5,387910,92947,338693,2366119,58569,396219,1639556,1063612
5469,2,2025,8,556880,246407,373878,1797654,273794,266296,1573840,2302751
5470,3,2025,5,446133,169259,109750,1505982,52298,336072,490804,3227628
5471,4,2021,6,428982,230936,372976,1503907,158475,172227,522784,3670023
5472,5,2025,4,763478,114932,67467,1225227,178160,197285,1318817,3743414
5473,4,2024,9,153814,54198,183341,2276487,253129,79806,656206,2837606
5474,2,2024,9,459921,329470,103925,990243,134282,246029,1270480,1273338
5475,1,2024,7,113784,83862,136942,2060467,66315,190038,1812461,3217665
5476,1,2024,7,573484,347471,79906,647061,146464,98051,1767601,4255345
5477,3,2024,12,659325,284769,165307,1356163,207932,259135,763302,3686218
5478,2,2023,2,904902,299858,136161,1793711,180401,179742,1143505,2658240
5479,5,2024,7,331524,86177,168847,513835,197263,70636,1812074,1821195
5480,5,2022,6,775599,389636,331194,744174,280626,320599,362999,3490520
5481,2,2023,12,957986,466105,144510,2955516,192746,367136,1758260,3278402
5482,5,2021,7,270103,83257,162067,1859035,261904,89917,1480068,3837231
5483,4,2024,9,353425,244511,242452,589969,154253,85367,1709601,4859488
5484,2,2021,6,495327,56365,108462,2235997,153176,122586,467394,1586427
5485,2,2022,8,534716,427972,273574,2505524,92347,260038,287737,3817757
5486,5,2025,4,519237,267136,176969,1537959,77863,103614,1758602,2036070
5487,5,2023,8,114995,458634,163177,1390535,76373,392758,1266119,878815
5488,2,2023,11,977693,331695,199686,2631926,55344,338559,1183415,2624080
5489,3,2022,5,623687,135573,96539,1396146,262196,269367,1235165,2472911
5490,2,2025,10,451989,264181,174792,551970,194219,120378,599223,978446
5491,1,2025,9,112230,95797,337264,1075797,247876,161794,264339,3731962
5492,2,2022,1,548681,80392,219440,1916784,65145,136213,855515,2190287
5493,4,2024,9,122346,247941,206606,1656384,267270,251351,1960685,1033783
5494,1,2022,1,528002,409427,287714,562600,106221,268121,415434,4289428
5495,1,2024,3,314780,372679,143309,2588266,87085,387825,1162427,3059077
5496,3,2023,11,655132,388705,310557,2657330,255019,294922,320217,2156520
5497,1,2024,9,255538,292081,129866,2399315,192218,81908,1591547,1929797
5498,5,2022,11,136418,381288,175719,2911828,247056,332247,1625887,2760646
5499,1,2025,12,970129,357356,191830,1961366,171550,232228,305959,2525994
5500,2,2023,3,670918,402334,274060,2528562,109724,132658,1639613,2944458
5501,4,2021,1,453866,477615,162546,2770790,124525,388884,1983016,4210239
5502,1,2021,2,182615,131387,98946,2223125,189150,133761,546992,2838960
5503,5,2022,12,823553,91187,247575,1514795,247608,190767,1777842,1197470
5504,2,2022,7,938313,181119,154939,1697553,126716,218714,1658245,1573396
5505,4,2022,7,661027,499895,391353,1197365,201065,235137,567163,4751489
5506,3,2024,1,511645,170688,367550,1854033,136702,176248,236529,4058873
5507,4,2022,5,432200,400420,365547,1798888,89360,281741,1048260,3702017
5508,4,2021,7,406538,65432,240649,2215195,165921,338064,333213,4612602
5509,1,2021,2,868600,248733,257438,2749131,68044,154935,1746973,798521
5510,2,2025,3,246425,482175,163801,2227154,110667,209030,888523,528061
5511,3,2022,11,735685,465966,256518,2314988,208073,396682,1959552,2044822
5512,2,2025,12,191398,427188,368386,2802510,284147,245245,770659,2884448
5513,1,2021,1,655040,414019,275588,1594585,113573,71250,910018,4905921
5514,5,2021,1,329363,328730,336220,2781620,296121,367892,1016841,3619893
5515,3,2021,5,128990,392522,163006,1232804,283788,393996,1325879,2417675
5516,5,2024,10,641502,294995,254017,415835,280341,370302,1764722,2036462
5517,4,2021,7,405248,334404,140173,1933442,289594,350575,782258,4440413
5518,2,2024,6,155881,434407,177182,2163996,251740,363521,659266,4738244
5519,4,2021,7,131415,208744,66165,2415117,218741,174894,1316645,2582454
5520,3,2024,6,312307,194870,377215,938674,242775,122528,697514,3720193
5521,1,2025,11,899902,418954,110971,1652922,280040,320867,372245,3829056
5522,3,2023,10,713190,343837,258245,2769945,220218,111811,486857,2898369
5523,5,2021,3,624264,273780,156633,2961054,191655,276434,389104,519270
5524,1,2021,8,790057,478822,288622,1841681,106934,130891,942989,4242669
5525,1,2021,2,790098,55519,107686,2777892,124500,186236,1155128,2079032
5526,1,2022,5,518745,113143,281298,1472835,104227,236219,1271402,4771518
5527,5,2025,8,648924,104465,330325,2269395,176958,364860,719338,2438925
5528,4,2023,3,327982,287853,382995,1051447,277162,355936,1745477,4297634
5529,2,2023,8,649023,269207,103373,1368083,81557,326547,1801972,3742663
5530,5,2023,3,974599,303853,223645,950490,171222,335177,1226878,1093465
5531,5,2021,10,780660,479320,97472,445430,124199,371970,1064840,2293385
5532,5,2024,5,215594,448987,286468,2992986,263512,99714,444125,1879293
5533,2,2022,2,851109,433233,146854,1042447,181188,166723,1887453,3895104
5534,1,2021,5,244649,226787,311359,2032214,262284,325916,733576,1175883
5535,2,2023,1,107329,493007,316609,454483,104038,305408,1999759,3386444
5536,4,2025,6,407259,375652,394883,2903796,95431,221942,313941,1714123
5537,1,2021,7,333433,74277,190744,2402778,240003,80930,1389674,1695237
5538,5,2023,9,533972,149888,257946,2131370,299132,330207,1344532,1440759
5539,2,2024,1,501868,85255,396553,1642881,63637,173840,612238,3699267
5540,4,2022,8,967730,465297,249659,1824015,156464,191096,508732,725405
5541,5,2021,10,254385,314290,65833,1509350,68834,226487,1174963,2792128
5542,5,2024,5,385573,460547,267041,766662,295189,65263,1724098,2943785
5543,1,2023,8,652998,248668,206237,773971,123383,59295,1017458,1424322
5544,5,2022,6,149812,330939,152672,1116680,260779,178322,977517,1000463
5545,3,2024,2,589863,354007,101207,646099,249955,146324,1492906,3086434
5546,5,2025,4,287682,454369,360594,1460968,227003,162756,1902882,3894273
5547,2,2021,11,289878,257239,362709,1861348,293484,340437,1263453,2848565
5548,3,2024,11,603457,292396,138491,1506692,56060,215968,1454744,4865213
5549,4,2021,6,262177,406981,71276,1741724,210946,321120,969318,1401332
5550,4,2021,11,271179,98377,109563,1512553,266445,325296,1362341,1627721
5551,4,2023,3,899549,315818,358133,1388277,187038,388915,1889456,2491887
5552,2,2021,3,641495,286124,315900,1976693,115997,119534,1923789,3725672
5553,1,2022,2,179763,172460,238993,2522831,181014,253444,1454517,3396667
5554,2,2023,4,615913,466629,166249,1442083,177152,132913,784304,3681566
5555,4,2021,4,964291,239254,211454,2803753,215061,177250,1766201,756661
5556,4,2022,12,420346,223149,394902,539702,118933,211622,1868580,501655
5557,2,2024,5,838999,417913,353282,1534192,170173,233283,1907333,4660355
5558,1,2023,9,295182,472408,270953,2857325,87417,77840,628510,1302144
5559,3,2021,8,361682,416209,296240,853571,51596,162934,1165267,2129134
5560,1,2022,7,481653,120265,54906,2867773,161278,287460,788585,1335107
5561,5,2025,12,177502,424963,121457,1176641,219426,395722,919313,2037476
5562,4,2025,3,960136,363790,251080,754658,108103,397331,1214779,4570803
5563,5,2023,2,968153,273941,321447,1534278,72786,205009,1322367,2448311
5564,1,2021,5,281992,176494,198530,377766,239798,374507,211125,2906416
5565,3,2025,4,160314,166780,115154,323220,238481,392765,1598141,809587
5566,2,2023,11,726712,412829,100174,2624130,224013,156273,1333078,799987
5567,4,2024,6,976561,95107,368489,691711,197464,307263,445706,1915388
5568,3,2025,5,496384,435781,245541,2382624,227845,322950,1305853,2491660
5569,1,2024,8,890130,474887,242231,1990437,295561,368316,346608,1879667
5570,1,2021,5,681135,444230,398891,347433,100876,309632,523144,2772826
5571,4,2021,5,804288,380276,156567,490577,99705,265640,1836880,2434983
5572,3,2024,9,154256,495783,325155,467007,291943,367259,1169733,1026810
5573,3,2024,6,197682,56322,210352,2075369,299431,126517,1949012,563277
5574,2,2025,7,902524,147203,135243,1984864,192922,270798,979413,519469
5575,4,2022,2,550314,376530,330040,1027149,297945,143322,1895533,4329578
5576,5,2024,1,738660,133572,71859,2526207,196954,354827,1025092,2465734
5577,5,2022,2,876103,304292,326200,2193064,192641,245136,1669817,635179
5578,5,2021,11,626061,441474,287490,450176,205770,223817,669973,2928398
5579,1,2022,3,707096,463544,234833,828715,266245,201178,1736580,742325
5580,5,2022,12,568151,99605,224819,1545099,201484,366852,1214989,4856930
5581,5,2025,11,295184,463971,344181,1765466,287814,59216,265149,2099835
5582,5,2022,8,996153,334014,370324,1025890,253660,252003,819036,815124
5583,5,2024,1,254870,241021,222881,2602579,77032,67199,591523,1474567
5584,3,2024,4,407177,54084,110640,2010169,151705,149625,1279269,4806048
5585,5,2023,3,685177,481236,300163,2643203,214242,115472,1709423,3570142
5586,1,2025,6,171777,339922,167144,495982,248414,136172,295544,4229297
5587,1,2021,9,359866,150145,188579,1478004,188904,200174,403021,3595574
5588,4,2023,12,713851,218918,339149,2635868,215900,330791,1406133,2329396
5589,4,2022,9,548762,200939,286715,2127553,238155,369039,1600636,1339144
5590,5,2022,6,482097,207136,55879,1304842,69893,329718,1398194,3586195
5591,3,2022,11,957543,181422,171040,578101,271226,141472,1476094,789015
5592,4,2025,3,532565,106497,247479,2472437,188251,159034,510538,3316532
5593,5,2022,3,147819,239681,384655,1698018,60106,165771,1457152,947701
5594,4,2022,6,533354,425035,63908,1069753,74486,348687,1486098,1836448
5595,5,2021,4,358075,135196,69557,2765841,253756,183929,1695044,4386785
5596,4,2022,9,147008,489397,318207,1289024,56156,321939,1291693,4761149
5597,1,2021,10,552210,428669,213014,2690205,82499,264440,1761537,4286119
5598,3,2025,1,287490,239565,100895,1094194,89642,108380,630463,4217165
5599,3,2021,7,268036,478151,355961,2448624,164543,271435,1791222,2975513
5600,4,2024,9,579602,408230,298443,2562681,153253,357007,921946,4071144
5601,1,2023,1,641264,353065,338045,2620262,250618,151835,651916,2404715
5602,1,2025,5,230297,446704,381728,1669676,219159,247076,1022668,2160619
5603,4,2025,2,286864,455718,261103,581783,171236,188627,1172827,1752631
5604,3,2024,8,738844,316262,97872,2142121,172788,63333,1144023,4376004
5605,5,2021,11,992725,360471,99895,1883081,242838,169175,739845,2433934
5606,1,2022,4,210345,455249,286367,1250963,88044,115586,1857991,3974218
5607,4,2024,12,835778,494199,275865,1194486,283103,281828,1100371,3751103
5608,4,2021,3,420778,307148,381219,2175526,64663,120934,788467,1558182
5609,1,2021,9,317051,421796,268114,645870,215899,209033,944601,736815
5610,5,2022,2,313713,260322,134035,2901752,162944,111292,1103215,3242091
5611,4,2023,2,534171,200537,121176,1366479,180186,296500,846237,906710
5612,4,2022,3,911776,325880,336998,1912133,132895,174521,1520642,1372302
5613,2,2023,8,687432,202667,97083,506873,287014,318542,742718,3029690
5614,3,2021,11,666962,437391,209431,799553,203495,101973,1853749,3446573
5615,1,2021,9,411840,378999,279875,338854,192555,394390,1788471,2879213
5616,2,2022,2,981441,197680,390167,1056166,104970,343466,1385362,649523
5617,2,2022,3,545964,199925,382869,555698,62134,326394,1471658,2730437
5618,4,2023,6,531333,141529,204784,1567153,51218,251591,1912534,4198889
5619,1,2021,4,254298,373100,200777,375190,283807,385315,1595967,1001940
5620,3,2022,7,915144,418096,288210,2540865,140666,108513,1205721,2001274
5621,1,2023,11,972508,197635,107804,2199071,297689,217621,1978728,1239911
5622,4,2022,4,852307,69370,264586,1310445,291177,100210,947458,1548632
5623,3,2022,4,117276,134147,323066,2025137,171022,207435,984994,2254083
5624,4,2025,3,467598,216864,193444,1888688,299063,58115,1430969,3165128
5625,3,2022,6,967769,278492,371652,1729253,288578,287367,254887,734667
5626,5,2022,10,254090,223891,182100,2363540,283162,174415,1794590,2445556
5627,5,2025,10,590744,284302,242725,448621,125426,207469,1660024,2869837
5628,5,2022,11,604938,330411,172055,1434270,180494,330131,1516199,3437940
5629,2,2023,3,944764,319429,204868,1706037,285144,212170,643965,2766967
5630,5,2024,3,261507,241571,213933,1636937,137553,375657,1499732,4114588
5631,1,2023,3,298669,96137,83097,802449,209683,295935,907750,1835174
5632,2,2021,6,216300,210247,151284,1700122,136054,76529,1414992,2892558
5633,1,2023,8,426505,294680,347454,2971943,251262,204503,799214,3872044
5634,3,2022,12,486467,238864,386988,455090,265646,387620,1508502,2245097
5635,2,2025,12,702107,117509,200699,1720886,180479,320285,867353,782081
5636,2,2025,6,850557,396753,324046,1697164,288131,328246,227084,1169771
5637,1,2021,1,639710,433710,283519,1822818,71091,376575,1565977,2744848
5638,2,2023,2,539121,362504,203030,433348,199704,147824,1336607,3392403
5639,3,2023,4,844772,191418,228203,2540400,292928,325619,1265168,3944402
5640,3,2021,4,364975,236272,146544,1986223,141381,313581,357449,2947713
5641,1,2021,12,728960,358097,315998,928617,252234,106739,1835667,4570284
5642,4,2021,12,228766,231226,393871,2050144,106879,217002,333000,3554168
5643,3,2021,3,179714,102514,227566,1722671,143019,122552,1497585,1523385
5644,1,2024,2,375613,361899,220636,907629,254866,334459,1113179,640756
5645,3,2023,4,426551,353561,166015,1729941,236624,394646,1119078,4025712
5646,2,2022,5,783723,238826,325056,1055551,194492,116887,588959,2670548
5647,2,2023,2,177356,61393,215647,781440,188998,77583,1312417,4768351
5648,4,2023,9,630768,446486,260140,615526,114986,128438,1896176,2982999
5649,1,2021,9,753591,163447,370115,1990032,258500,398460,1008221,2665842
5650,5,2021,11,296949,223986,160685,1019370,226221,346427,942075,3315098
5651,3,2021,10,444823,241742,244211,916042,123650,122493,672014,3363968
5652,1,2025,7,966665,109662,78377,491793,287345,74767,1112645,3369637
5653,5,2021,8,246860,465742,130726,1036324,237944,93245,1316691,3895889
5654,5,2024,1,945259,154930,144314,1547610,158541,282138,1081843,3330443
5655,5,2021,8,513985,164250,362920,737252,69386,247761,1602912,4674258
5656,3,2025,7,748573,302689,306232,1806674,243832,220814,1365717,3086989
5657,4,2023,11,521203,369238,130854,436298,56263,209820,1391289,739661
5658,4,2023,7,363862,174422,212595,911607,260994,240838,1863647,2011555
5659,2,2023,9,278263,435189,385514,789604,113247,297920,601409,737997
5660,5,2025,5,971183,412789,177864,1537420,194809,80296,850500,2819631
5661,5,2022,10,935500,329114,325351,2170600,278420,134744,365014,1341037
5662,3,2023,11,451527,91953,57442,568272,143966,378944,1422096,2393025
5663,5,2023,6,141052,416376,166442,1570717,120026,177070,1922247,1287097
5664,5,2021,8,126986,387601,206154,1211280,53963,199619,1157196,2839325
5665,5,2022,7,657099,187575,119191,789045,105410,289811,507340,3414651
5666,2,2022,10,587890,331940,361862,2091194,138208,283923,835658,2148652
5667,3,2022,2,136841,196903,207599,825041,196873,338202,1384755,3896998
5668,2,2022,4,479537,482845,298051,2018666,255601,265413,1385607,3795433
5669,4,2025,8,573351,294137,175764,903153,250178,325223,337967,1985482
5670,4,2022,2,875092,276881,383053,2343629,251860,64290,991525,937710
5671,1,2022,3,270386,74730,128746,1619908,129435,132630,1219521,4775941
5672,1,2022,1,278088,458930,174123,2366200,270685,328965,523779,4525768
5673,2,2024,7,940307,384837,374713,2923984,210487,170631,1311784,812769
5674,2,2021,11,537123,469348,190676,915700,173011,244162,1621058,1122433
5675,2,2025,2,401360,167737,60419,2898293,220213,336187,1280570,1305512
5676,3,2022,10,755584,146455,332862,1488394,184607,326447,1837963,2429418
5677,5,2021,11,371861,186811,262817,1422442,144219,160524,1926059,2162153
5678,2,2022,11,377508,335802,316025,1651082,64777,57787,1957317,2389118
5679,1,2025,5,215670,488793,155903,417112,90252,287052,1491089,1087179
5680,2,2023,3,386161,382719,237364,2706952,272256,334404,836258,1127007
5681,2,2021,3,976256,471443,224182,1522643,120008,186756,733924,1371764
5682,1,2022,6,384217,223087,185381,1292139,124235,330650,1546047,2527738
5683,3,2025,3,808923,252924,61269,2164535,274565,103154,832572,1720759
5684,1,2022,1,670250,116295,361627,813224,201934,57484,1738023,4048063
5685,3,2022,2,519640,303597,243747,1331988,184017,383254,257064,3268815
5686,4,2022,2,804042,60043,162461,2744198,178084,331602,651423,2519756
5687,3,2025,7,866675,379129,153772,1214470,236786,258062,459949,742115
5688,3,2024,3,409253,170171,307976,832201,134537,54571,293327,880206
5689,2,2023,9,783393,279415,392506,1458240,169393,141021,1572483,1845363
5690,3,2022,5,656122,286759,129899,2153114,286730,73154,1962073,2944023
5691,5,2022,10,572522,294843,88943,2896787,165182,169955,1488187,2534680
5692,2,2022,8,934044,273434,244693,1755818,235409,267840,789902,2738334
5693,4,2022,10,358924,279004,370917,1862364,230359,184033,382786,1809953
5694,5,2022,2,494886,462627,158499,1476597,286376,315552,1761259,3220816
5695,1,2025,6,227202,447198,392880,2094613,126444,182131,1300150,1363395
5696,1,2022,2,929542,287680,135179,2644155,270648,206688,653618,1932754
5697,3,2024,6,991331,419628,208259,475936,274753,93105,1707168,1949748
5698,3,2023,6,234101,207863,278759,1593808,86499,189784,248742,1951396
5699,3,2025,8,764931,130999,306808,2312572,213790,315071,1634708,4234866
5700,4,2022,6,599063,368779,263552,2221265,283991,191365,1221733,4061304
5701,1,2021,6,553271,87459,133260,2219244,213198,397706,1549707,836377
5702,3,2023,10,918020,393614,201158,432347,204621,183034,870894,4036280
5703,2,2025,12,102578,384976,383200,2448788,268412,281476,527883,2041988
5704,2,2025,11,350915,377789,333362,2370691,88354,292784,1637917,3741936
5705,5,2024,10,736898,399866,169770,1621321,117373,295060,1971247,3561391
5706,3,2025,2,871661,307191,240475,2392768,171313,242237,1335928,4449912
5707,4,2024,1,365836,51272,251373,2462052,189113,363871,1419779,1993403
5708,1,2021,5,551404,358188,101443,676666,68029,135390,1428582,2913704
5709,1,2022,12,358622,371229,358518,615912,199431,393664,1377733,1098598
5710,3,2023,4,783933,350474,331775,958461,221306,102018,1110820,1602365
5711,3,2022,11,638532,119056,227413,1547440,94408,218817,736040,828280
5712,5,2022,9,866618,394306,264932,2194379,221084,299069,865487,3969840
5713,4,2023,4,617298,493769,398421,358670,180088,156099,1432965,2142470
5714,1,2024,12,946321,188979,365488,875252,127493,115456,1470892,2164074
5715,4,2024,11,123681,402965,352580,2762673,210923,150248,491863,2970036
5716,5,2025,9,465452,399433,261463,1422337,68075,94781,642103,4259656
5717,2,2024,8,212512,201644,176580,2901311,136272,155950,777697,4111979
5718,3,2024,1,960292,254850,387711,2258064,292671,135934,1817378,3174068
5719,3,2025,10,938143,377457,308872,633875,107579,103538,931951,2459013
5720,2,2024,6,144215,262066,57976,2305325,244067,68000,767795,4557432
5721,5,2022,2,119112,308327,168452,1928800,53018,231625,544893,1868371
5722,3,2021,3,491575,483024,120438,1663409,154674,283154,385269,2219367
5723,3,2022,10,917525,359897,265342,2218055,139499,225556,535180,4015319
5724,4,2024,10,825180,370506,122403,2861554,274168,219033,1389922,3828303
5725,5,2024,9,614407,333999,154965,1656211,279612,199970,1647297,3377073
5726,5,2021,7,141662,425231,368595,711284,202075,383192,819104,2294603
5727,2,2021,11,948708,255120,95730,2685340,256618,94870,639887,4836207
5728,3,2024,9,473301,243160,104179,1783844,94768,195170,1005333,2213437
5729,5,2022,9,499744,485358,308730,1774113,52714,286479,429314,4633120
5730,5,2023,2,718368,139457,284791,1388105,75756,378929,989983,651278
5731,4,2024,6,520305,404141,65079,2564485,222849,396651,1079297,4858767
5732,2,2022,10,292359,223853,303253,364238,281169,386048,454833,3343652
5733,2,2025,4,383867,248573,257707,504511,86260,276953,417848,2630636
5734,4,2022,4,293150,172622,386072,544985,225163,213087,1003157,4824902
5735,1,2022,7,165755,467581,286784,2799278,168767,356866,1267058,1828858
5736,1,2025,2,670903,311575,364389,2564416,234132,75640,519079,4920232
5737,4,2024,4,950137,332989,86978,716874,196428,298882,203562,4848520
5738,5,2022,12,524885,172585,242728,2120322,129066,178205,1032640,1296746
5739,3,2022,11,681090,388724,255494,390624,191972,173279,1905552,3989036
5740,3,2021,5,952307,389253,206329,1061327,227988,62734,285187,4404128
5741,2,2021,5,646854,116310,153187,2303048,72729,249155,408037,4764397
5742,5,2025,3,644147,407606,68821,2318895,132642,354203,1131744,2054070
5743,3,2023,5,419604,81991,187516,1836918,107054,53212,452444,4013885
5744,3,2024,11,537245,303836,379047,1330554,274598,83385,1139288,4449103
5745,2,2022,7,141395,262631,165220,1355721,130329,265766,1814938,2380044
5746,4,2023,12,314237,454441,210684,1088485,188620,362305,1778294,2812958
5747,3,2024,4,974168,142703,384055,1397460,112871,371722,349478,4309173
5748,5,2022,2,407461,63157,139035,2315152,172241,188926,1267602,1493666
5749,4,2022,5,541240,93282,204635,896453,174875,349821,1038819,548720
5750,2,2023,12,257611,379477,363430,543714,266559,92291,429434,4689988
5751,1,2022,7,815297,153413,167342,818584,147755,395556,259120,2854777
5752,4,2021,11,884322,93422,339779,1436608,78212,79949,983123,1641733
5753,4,2022,5,826256,497945,308765,2414336,115332,189938,898757,2744902
5754,4,2023,1,139159,207966,386578,695599,219396,382298,1039572,3351125
5755,2,2023,1,829357,462312,138629,1043278,96843,276641,1711035,742135
5756,5,2022,7,827465,372493,202115,2852566,226900,181756,1933491,3494851
5757,4,2022,1,665503,479268,130604,1123733,141501,292378,1895568,3386200
5758,5,2023,3,903161,473335,219101,958376,210807,103371,308443,1242174
5759,1,2025,10,446581,309650,340925,542497,220898,102994,246351,1818377
5760,5,2024,8,403752,137924,347459,1833296,61382,292028,1494141,1495724
5761,3,2021,5,276427,406824,340207,1142696,218359,310677,819145,1658565
5762,5,2024,12,481190,206303,346209,2634652,172591,55334,296402,763341
5763,4,2024,4,286739,57929,334276,801375,145765,337690,451349,930680
5764,4,2024,11,126854,433778,357398,2046990,205314,172935,281620,800326
5765,1,2022,5,626251,493615,167624,2471731,215349,216414,430341,768966
5766,1,2025,3,136422,431559,198503,1600922,116338,335400,1429399,2097250
5767,2,2022,11,816820,63526,146312,1560359,208634,256783,1601688,1654265
5768,2,2024,7,152116,439230,51250,1337010,195506,174410,448372,2697068
5769,4,2025,7,520744,295590,323597,2982487,86637,179464,298561,2395315
5770,4,2025,8,677420,395504,275820,1067398,115860,259931,1644309,2476407
5771,3,2021,11,932926,370000,229173,2251808,269634,140690,1404203,2805837
5772,1,2022,2,492273,231738,224716,1579934,260167,383782,1881524,4468258
5773,1,2023,5,396697,176498,280843,2547537,136434,226179,1348755,1215477
5774,4,2025,3,917930,89303,254823,2531820,109637,70749,1143456,3335486
5775,3,2022,6,943306,462583,364546,903473,239827,123711,569221,2119415
5776,1,2021,3,506107,416831,249586,409145,209759,216524,1332493,2297296
5777,2,2024,3,900044,407937,160147,1392912,111313,147153,283526,2836137
5778,1,2024,4,976734,252151,175062,1052777,86250,246110,1764407,635425
5779,5,2025,9,278915,322398,285001,519189,96887,303414,1856909,1400642
5780,3,2024,8,208911,428490,154000,1973204,155942,301213,1777093,1683536
5781,2,2024,3,954961,388970,131611,2094315,238556,163424,1886390,595082
5782,5,2025,5,875857,163265,105631,2023926,155630,302406,876702,4586563
5783,4,2023,9,942236,285621,251248,1013308,216488,308595,1460468,4673754
5784,3,2025,6,697923,319482,171638,412535,168756,96616,220400,2319959
5785,2,2024,4,134720,191761,135526,2836606,73779,216500,1586069,3352655
5786,4,2021,8,949127,267913,255975,2270755,157273,198866,1671813,2627462
5787,5,2023,1,629898,205938,206003,2341935,82313,222293,946151,3465088
5788,2,2023,12,234464,286667,285766,1349951,178609,288960,656663,4383035
5789,4,2025,10,119900,227059,157909,1390358,298982,155469,1457844,4533956
5790,3,2023,11,370043,385609,219048,2894869,287148,57360,1234591,1903887
5791,3,2024,5,154805,100870,208948,2780213,90081,260567,392458,3956194
5792,4,2025,11,180444,473417,394553,2053610,64377,198202,1272885,2067353
5793,2,2023,5,900092,377334,391430,1263279,190852,150455,1598005,3905457
5794,1,2022,6,798768,453222,109200,341958,121890,109405,1504199,4717793
5795,5,2022,9,543999,174453,162806,511300,74507,180210,397536,4358690
5796,3,2022,4,349371,439950,200873,2725506,123513,99511,1657673,3222769
5797,2,2024,1,501602,183204,108931,870913,249826,129034,1180073,4641622
5798,4,2025,10,499207,72027,156327,926585,241718,114811,1825385,3909160
5799,5,2022,8,556231,132306,189125,1797705,214369,216020,982011,3828179
5800,1,2025,1,499319,102933,315422,1258764,285576,397893,1078972,3048046
5801,5,2021,11,685492,405203,96380,1075079,280831,134915,1922508,3789952
5802,2,2022,8,367029,435201,208879,1031562,247368,222096,329995,3669230
5803,1,2022,6,356794,335258,73222,2642180,76190,248466,1226271,3637443
5804,4,2025,10,186198,256138,374287,1771008,114173,247616,401007,3021689
5805,1,2021,2,511279,465095,71176,1533470,128881,233464,930046,3711475
5806,5,2024,2,652257,399159,160997,2738395,161988,250083,331304,3759451
5807,3,2021,2,251325,254088,77726,2794745,54486,220772,202499,2034187
5808,2,2024,2,818198,322483,76787,2513549,279514,206946,359976,3768094
5809,2,2023,3,844891,83336,295965,1369066,220069,323455,369420,4817666
5810,2,2022,5,955052,195319,344065,1111651,221402,312615,1066533,993788
5811,4,2021,7,671865,333504,139732,2068166,199061,322971,1293064,2789062
5812,1,2025,2,975238,107307,318686,1385068,178454,162492,505424,3401426
5813,5,2023,3,144893,415752,329035,1981391,204704,266617,1332458,3736589
5814,5,2022,10,726238,114794,152676,2572350,61995,263467,1184406,3509972
5815,3,2023,12,195002,336228,324535,2226621,140842,196428,1801010,3401127
5816,4,2022,2,654711,73005,209914,849129,262657,179512,1473077,4285976
5817,2,2025,10,648436,94896,245797,2787964,280749,266293,1916638,4514170
5818,2,2022,5,160313,184687,268120,2761083,91177,75998,1674114,1150667
5819,1,2024,3,130744,333723,55430,752453,233366,302458,1754267,588069
5820,3,2022,5,682299,365052,134650,1862611,89604,258232,1674517,3791354
5821,2,2024,10,231371,328135,64964,1744075,129782,233329,909185,4626201
5822,1,2023,11,900936,498761,273800,360415,245106,118084,1764025,1695202
5823,1,2023,2,591879,200949,243950,1139793,110513,78017,1254381,2991663
5824,3,2024,8,636612,195005,332560,825015,178769,200105,1470937,3098431
5825,5,2021,6,925375,161824,389841,559410,156179,328789,616276,1770764
5826,4,2023,4,938507,324870,79033,774667,98842,261373,972078,4174437
5827,5,2022,5,339524,436992,100071,915454,262377,68949,1404709,3241456
5828,2,2021,12,178604,380410,203543,2388739,156464,122422,1760012,1101633
5829,4,2022,10,247106,254641,166998,885819,191599,120438,497643,2325495
5830,2,2025,9,138981,87015,303038,1601076,123690,127307,1142318,3026192
5831,2,2023,9,864795,309550,389994,412358,89332,175426,1808245,2738308
5832,2,2021,8,105405,128843,394633,635997,197837,106511,458174,970990
5833,2,2025,9,945703,439975,183868,1054665,203231,227383,1268731,2521392
5834,2,2022,11,305436,233451,112350,1781475,223369,144869,1853160,3539209
5835,5,2021,6,532808,95565,245565,1578341,278260,59220,1445604,1866617
5836,4,2022,10,453600,269964,310388,2662258,295978,226839,1606128,1136764
5837,2,2023,10,652229,359724,399581,2249231,84001,130862,491952,1979701
5838,5,2025,1,764310,334969,350272,2037796,103418,123133,1495736,805750
5839,4,2022,10,464041,107860,264646,1724925,87731,230364,323741,2954097
5840,3,2024,7,743805,176709,170169,2710111,230188,121338,845647,4603274
5841,1,2023,12,445905,127159,377771,606095,99165,278279,1762922,3202335
5842,2,2025,7,774816,413450,112907,1352843,210997,189859,277563,1433191
5843,2,2023,8,918908,160591,399933,2048629,179226,119565,975398,2640400
5844,4,2023,1,868104,410416,257831,746791,195339,211360,941074,1573441
5845,3,2023,7,764968,230116,173010,2196007,287266,132285,782116,1685414
5846,2,2022,8,258626,344400,100163,735866,138103,314476,1578282,4621456
5847,1,2025,5,278386,168118,385707,1179382,279932,56773,1730438,4002303
5848,5,2021,4,823395,245633,264548,1722384,179091,383192,1967666,2565801
5849,4,2022,7,398841,351643,142632,2308124,181070,101439,1250574,3272244
5850,4,2024,1,650401,200283,388876,2166553,288791,204232,1848654,3714552
5851,3,2023,4,956210,191519,155340,1111131,254068,288621,348115,2034810
5852,4,2022,12,511492,336447,257888,1938260,74206,345104,1645315,1465764
5853,2,2022,3,203632,181996,166626,2200502,228486,295501,1499449,4177140
5854,4,2024,6,524752,372410,55980,2404272,294772,287047,990870,2548640
5855,3,2025,9,945174,484760,162188,2137248,82640,80138,627173,3843157
5856,5,2021,5,427165,170229,319648,568641,228627,51357,1702904,4599390
5857,1,2022,8,810328,492781,183142,2210188,56507,334519,1032343,4661631
5858,4,2024,10,966255,487335,179047,1400150,241148,309981,1197682,1959671
5859,1,2022,10,415121,465826,199617,430575,195361,333858,1106680,2841413
5860,1,2024,4,702851,315146,154820,2735093,226811,323993,551823,4530276
5861,2,2021,4,954203,446908,341095,2006097,236569,250421,1344837,1297785
5862,2,2021,4,172088,158255,355600,708320,203632,392717,1331294,3096708
5863,1,2025,7,735430,186067,256554,1361381,206851,117989,1784789,3932198
5864,1,2021,7,367033,184323,384326,2576651,191495,219173,1468883,4114062
5865,5,2023,3,182984,457715,320916,2998337,258053,347923,1963827,1832589
5866,2,2021,9,874128,464880,160182,2891947,113505,381319,789310,2355729
5867,1,2024,10,170318,185217,349824,2645729,115601,195270,507652,2283153
5868,2,2022,3,735922,301499,94106,1206245,282256,152463,1183660,1678948
5869,4,2023,11,402237,215509,153987,1090811,176118,162431,307948,1260706
5870,1,2025,2,720194,425758,54376,1435159,139859,174706,773117,4327929
5871,5,2022,8,805857,451694,122019,1024035,152704,251055,1963167,1120667
5872,1,2023,3,743435,115647,68403,706122,97355,172774,1515494,4943004
5873,5,2025,10,839637,341784,218421,1290914,171823,252899,320757,4935384
5874,4,2024,5,565904,181950,80782,2723544,177383,212211,707299,1411918
5875,1,2025,9,252243,386002,236791,500679,283111,182056,1888100,4137796
5876,3,2021,4,823713,97571,100410,1109787,274024,205656,1578564,4173544
5877,4,2023,1,344636,263052,218391,747878,256269,212278,1845166,2529495
5878,2,2022,11,733003,198959,188759,2308047,213379,385289,1332480,2368375
5879,1,2023,11,640919,60484,196583,1351603,129052,241539,780816,4131522
5880,3,2023,2,137874,316399,199107,1197835,144160,173937,744582,2847718
5881,4,2024,7,711193,430285,376122,1012320,184504,237845,466590,2887539
5882,3,2024,2,689225,215841,387456,1507684,247226,232408,280059,713083
5883,1,2025,10,993233,289282,140715,1894779,250637,235002,985940,4774540
5884,5,2024,9,383790,402820,350747,2120435,90723,118160,315614,672140
5885,1,2023,11,133747,114638,132930,2935174,74391,198917,1157421,2945993
5886,2,2022,8,843650,401232,104383,2037243,81354,76935,844910,3018221
5887,4,2025,8,996590,334864,304378,2868007,200249,179853,982647,2309662
5888,5,2024,8,774125,87792,67124,2212217,80756,234445,1857629,1748283
5889,3,2024,11,709793,262902,353533,1113507,60963,232592,1157330,1499915
5890,4,2023,4,447562,249161,345361,816946,254007,341545,1554916,4687674
5891,3,2025,9,323707,82575,170539,2968569,162274,368808,543783,1519041
5892,3,2023,2,751942,380843,394578,2454555,239577,223775,1702514,2853900
5893,3,2025,1,275715,323910,233727,1502736,114546,398856,1554876,4851523
5894,4,2024,11,997275,131739,347224,738369,95664,173227,310392,1992130
5895,3,2023,4,889718,494870,279792,2784283,114840,239919,968583,3405167
5896,5,2022,12,404700,423344,76243,427980,150607,361672,577716,2474340
5897,5,2021,4,639956,260127,195127,762590,107557,230391,1604342,3932352
5898,5,2021,7,731998,261574,212765,2932238,121309,266525,465195,1766774
5899,5,2024,6,169507,228260,107776,560935,117010,144694,1910786,2304497
5900,3,2022,12,112113,210277,158018,2499750,250324,125815,1789731,1203822
5901,2,2022,2,411837,472158,259634,1762386,96371,133189,365724,2216160
5902,2,2023,1,111343,206666,111672,695512,236821,52137,1784004,1286595
5903,2,2023,7,707226,272348,252275,2424204,224492,216779,860256,899817
5904,1,2023,10,607683,336011,202230,878808,121323,316155,1135068,3186279
5905,3,2025,10,127130,177085,74326,1278278,185808,324062,780321,4305317
5906,1,2022,2,773431,329479,197660,1922540,274076,183414,1759824,1275838
5907,3,2024,11,830200,278985,262121,2607660,231194,388484,765809,3998033
5908,1,2021,11,553599,416808,393727,1679340,147390,385495,1259038,2869390
5909,2,2022,12,126903,119800,247091,489188,132390,340991,776493,3038105
5910,1,2021,5,522174,214073,247928,1136018,278333,56316,559057,887299
5911,3,2023,5,854914,119957,348695,561421,267446,64570,1761359,4668082
5912,5,2025,7,101344,151857,161036,494057,275070,88434,1212130,3144043
5913,5,2021,3,459275,438412,131800,1964670,180317,304937,1506511,2904606
5914,2,2024,10,897155,262187,191898,455714,197146,354598,1933876,2573991
5915,3,2023,1,324975,220044,294047,2615675,82246,213183,499342,857178
5916,2,2025,12,599409,71986,55913,1094638,80310,89395,913276,4252241
5917,3,2024,10,256182,468212,194791,2849483,75181,97673,760742,1770568
5918,2,2021,1,158628,351629,234131,830894,108630,109240,373064,1335130
5919,1,2025,11,560549,247271,95960,2241369,67955,377848,822784,4431612
5920,2,2024,11,873256,100210,50501,853304,108326,205302,948369,755660
5921,5,2023,7,685597,237146,100980,2773306,85896,287741,982226,3915799
5922,2,2023,2,864188,196400,215259,907825,93241,62715,1609241,4007436
5923,5,2023,12,647940,112942,215756,2632375,127860,259162,716507,1189481
5924,3,2025,4,444497,158818,244793,1084858,237917,372146,1082101,1223430
5925,1,2025,11,607555,492507,240036,641917,147298,80954,878868,1397001
5926,1,2021,10,617934,448766,278415,2220480,118205,179436,1974546,2232730
5927,3,2021,7,183775,498528,327764,1122280,144764,326391,1339518,952934
5928,2,2025,2,291956,126467,130833,334432,213539,219309,513284,634326
5929,1,2021,3,109183,462415,280211,1247159,135366,266287,1785081,1195784
5930,5,2022,2,970472,406952,100154,1410727,290211,73161,753286,3377982
5931,3,2022,8,159747,354369,132025,2467289,220934,220355,976045,3118139
5932,2,2021,8,647050,192708,238612,996107,110772,288809,217301,784839
5933,2,2023,2,715679,154418,348719,351321,206314,198405,280260,3072263
5934,3,2022,1,267005,312945,377354,1709477,116846,372063,1385850,3983948
5935,2,2024,12,566038,264715,367146,1772361,196845,382313,1652345,1879992
5936,5,2022,10,313260,323303,124638,1597639,126386,375291,512537,3816628
5937,1,2021,3,755886,180426,100991,1689946,150675,256062,1530370,3952009
5938,1,2025,9,370693,424038,235789,942839,180475,197860,600374,820352
5939,2,2023,2,940835,397664,377886,2366741,219862,194768,1093129,1648803
5940,4,2024,7,477101,58813,372349,439392,61594,330458,1073861,4748473
5941,4,2025,6,359510,282524,245696,1380733,273395,128817,364354,2266954
5942,5,2022,10,243477,323014,152655,1024603,73569,310303,713195,1665982
5943,4,2025,3,597979,385311,239321,2160256,125320,50247,928547,2562807
5944,2,2024,12,543867,123102,340316,2324729,159682,330463,1352923,4510896
5945,3,2022,3,393545,257842,354340,571439,280417,244666,1912235,2793199
5946,5,2024,3,814124,274751,244421,2256196,233495,188101,800244,2101449
5947,5,2024,5,581238,214417,165710,2430321,131356,51073,1241237,2569421
5948,1,2024,3,194384,259070,143081,1850610,259918,161153,885567,3563986
5949,4,2021,12,145452,222391,206209,2804527,92720,66084,1024926,4228756
5950,4,2023,3,726144,323535,128215,2610322,195572,268104,799363,4936315
5951,4,2024,10,653312,386767,53597,1830791,83313,130041,301145,901349
5952,4,2024,2,592077,378909,260917,2523726,226837,171626,1379880,3255904
5953,4,2024,3,929639,163505,368164,2697599,257981,53450,857467,769243
5954,2,2023,7,140627,144980,175314,582929,289210,103680,859428,2986056
5955,3,2021,8,415781,242365,92100,1357885,181076,394924,783167,2504138
5956,2,2021,11,693138,405460,126486,2067654,161306,215859,525282,3073646
5957,4,2023,11,781484,294663,297444,1986943,235343,130276,1398170,4783323
5958,2,2025,4,610164,402738,211897,2218608,278109,278663,1353683,2724607
5959,2,2023,9,663759,223457,367927,1244044,288646,113162,1564125,1250483
5960,4,2024,11,595311,288236,128647,2159496,110561,142427,1170339,4603031
5961,4,2021,6,369177,267909,109674,2930271,101345,345608,1495548,3545606
5962,3,2023,1,431249,363962,328544,1761332,120049,214666,339189,3559579
5963,1,2024,7,251444,490288,396131,1444711,268080,62317,1933933,1820098
5964,4,2021,7,375197,374174,348880,2305885,66055,176652,431784,1189230
5965,5,2024,3,139134,343448,270106,761567,125041,267481,1145500,4738540
5966,4,2023,7,214287,168880,229762,891712,202269,272380,740189,2693156
5967,5,2024,5,331498,243485,258915,1498868,252413,213579,1791619,1050645
5968,3,2023,12,461486,122630,218999,2167773,196099,174254,509716,4969069
5969,1,2024,5,380287,375603,325679,526485,225316,373571,1915493,1039323
5970,4,2021,5,826917,110340,119882,2372403,282437,109893,224914,4713793
5971,3,2022,9,530561,286581,378345,1501642,274096,171308,1101303,2920156
5972,2,2025,9,299610,456896,97736,342453,283849,377347,1066191,4890993
5973,4,2023,3,330641,189675,57850,1831575,255096,148700,1772233,2418515
5974,3,2021,3,347749,93414,221141,2491456,247384,182272,1646624,4744649
5975,3,2023,4,821406,423226,265463,2008790,216911,148814,1363515,547561
5976,1,2021,6,448311,335252,175374,535268,177164,91285,943689,4922920
5977,2,2024,3,339495,484629,269764,2098051,281866,96726,393014,2212806
5978,4,2023,1,329199,144409,343815,2525727,59115,330842,1628038,1205559
5979,2,2023,12,515026,421052,248736,1483327,194296,68938,1778909,4646054
5980,5,2025,3,280670,498008,150965,1199680,122864,95587,1702360,2483195
5981,2,2025,6,283769,136370,218553,445638,258827,324511,1021054,2978688
5982,4,2021,12,556986,268026,169318,1068265,206381,69775,1932458,4846277
5983,5,2025,10,941513,215037,209167,2969756,257847,372880,673758,4827423
5984,2,2025,4,190661,466363,310087,638518,90355,310278,1560274,3339424
5985,1,2021,2,585848,291964,259970,2315796,169523,183951,1152814,1424808
5986,2,2023,5,286261,174658,66530,1595580,152623,366189,1183247,1119953
5987,2,2022,11,115682,457458,398759,2671110,221620,115878,1917401,1053974
5988,5,2024,3,834318,355682,116217,732438,260978,298165,1331802,3670304
5989,3,2025,5,550566,354733,261845,833540,251112,185462,869877,3401855
5990,5,2023,9,804419,442762,82661,1170096,148444,222812,985207,4737442
5991,5,2022,10,271681,424838,66994,1422153,249144,399421,657002,3707494
5992,1,2023,4,611838,482931,164967,834356,71446,227686,1614618,4015284
5993,3,2025,4,700862,402896,104891,1780678,63285,151815,1436282,699432
5994,3,2023,8,514871,391249,126724,356346,173105,393755,285132,783423
5995,2,2023,4,787343,210638,294407,1234448,289035,253842,382695,1281406
5996,5,2024,2,691760,226204,370204,613255,130396,190228,432365,1801895
5997,3,2023,9,522617,486167,116500,2227793,211864,389599,1689593,2741426
5998,2,2021,7,379631,488898,165797,2799472,163686,100687,1208623,2189538
5999,4,2022,6,805627,114248,123057,456436,258236,396638,1125045,1733716
6000,3,2025,3,724313,55138,152308,1203636,205172,100240,1513301,2024340
6001,4,2023,12,968381,136444,238706,2747738,293240,238241,515077,1689231
6002,5,2024,8,192946,151960,260018,1026403,55881,372661,224453,1227167
6003,5,2025,12,804819,365493,173354,2942803,213309,157983,1186440,887743
6004,1,2024,6,501971,229657,390180,377088,179158,133225,344142,4023542
6005,4,2024,12,186255,129120,63321,616563,232483,321149,1591573,2935471
6006,5,2025,12,270245,466973,376095,2004556,221394,207696,1714559,2706194
6007,5,2024,2,389508,464266,78670,1170796,221388,366514,424434,4538598
6008,2,2025,7,450508,101929,309431,821625,57987,253145,214030,2913771
6009,3,2022,2,563784,120350,170658,2761316,297430,307243,1608918,657499
6010,5,2025,10,516137,336713,227488,2079436,281312,320763,567759,1272300
6011,1,2025,6,567574,183563,399382,2714747,99378,100648,1674973,911884
6012,5,2024,12,514190,493771,299174,1583182,295424,356659,415431,4811197
6013,2,2025,12,692438,289983,85402,2549173,103941,214882,328690,2222594
6014,1,2022,3,569531,62318,310617,842967,62786,243450,1589500,1882138
6015,1,2022,2,544979,283799,135000,1923460,297066,111800,1864318,1338999
6016,1,2022,3,816109,316015,146528,2027409,73128,339635,1175426,3192368
6017,1,2024,7,510330,470358,95073,2634469,58808,73123,590504,4019215
6018,3,2023,1,984224,337067,287197,2973154,171639,393592,880526,859794
6019,2,2023,8,681881,129445,135199,2768747,148741,294496,774411,4934422
6020,1,2024,12,365814,233516,263614,314517,156860,352114,1861566,3570744
6021,5,2023,2,577434,192620,289758,1957145,121269,181675,299565,4434346
6022,4,2022,6,799050,84254,142950,2366937,114246,373633,1893904,4452817
6023,2,2021,4,993331,485551,251259,2053486,61755,372868,1397650,2869925
6024,5,2025,12,688163,353167,57531,1943931,188340,368535,414796,3886370
6025,2,2023,11,709257,198125,313423,2880811,201653,139214,1836106,929053
6026,1,2025,12,110748,490896,146342,1589770,152778,313157,696497,1013164
6027,5,2023,6,423185,158319,321270,348477,194076,359485,646879,2936298
6028,2,2025,1,699125,355462,374571,2218358,193542,201976,1586918,772510
6029,1,2024,10,190041,204340,194818,690093,134385,92244,1637880,1081323
6030,4,2023,5,399772,355589,278323,2043260,254223,217547,1107098,4519974
6031,5,2023,5,779618,228869,353860,2228796,76371,293758,1053080,3905576
6032,1,2024,1,451277,125585,256623,2198780,149054,371694,1451290,1945289
6033,2,2024,8,663273,419489,266397,686631,273585,131810,767265,2145769
6034,5,2025,5,834625,499234,55824,899672,227038,71120,1356637,2128374
6035,1,2021,9,494065,206058,64763,1702928,74902,86896,602005,3760419
6036,2,2025,4,709508,123832,312564,2963936,142904,291965,1159265,698631
6037,5,2021,5,648169,312196,76013,1608383,267664,390410,1732275,3950870
6038,1,2023,2,891240,453538,138827,386379,142616,180535,1066711,1296521
6039,2,2021,12,500486,188067,249040,2002464,71433,199597,1664123,2728052
6040,3,2021,6,304407,217592,393692,320311,276866,183975,1945364,3027854
6041,4,2023,6,906704,149252,393358,2092666,293127,175581,1423826,3874364
6042,4,2024,2,333683,335906,171386,1826311,155048,382833,1087325,4778295
6043,1,2021,6,958437,75913,191439,580485,60506,105423,1056396,4839399
6044,1,2025,2,447558,377914,198767,2383826,57593,176282,351043,2203260
6045,1,2024,4,511430,495166,261465,1929950,124028,59489,1530904,3407542
6046,2,2022,3,271689,365400,164874,599431,75208,93011,1842878,4966607
6047,3,2022,12,896450,393642,243000,989111,100764,341489,663830,2475142
6048,2,2024,12,252593,465236,311398,1356707,209894,135372,1010535,2890320
6049,1,2024,7,513258,90362,301395,1800206,144216,210464,1886588,4943726
6050,4,2025,7,626459,160238,320453,1673364,121804,126029,1909135,4668912
6051,4,2021,7,661815,165972,305131,1144546,219266,163947,1328726,1319126
6052,2,2025,1,245578,454524,300282,2803421,232632,86402,1406696,2094678
6053,2,2023,4,198993,190436,240732,722860,234541,315832,813914,4963055
6054,5,2022,4,842981,428620,54868,1847748,149658,277088,984609,3435334
6055,5,2025,9,699630,497034,226313,2796641,167586,319877,370560,4914042
6056,1,2024,12,715197,333858,117804,1505736,205029,108310,246216,4544006
6057,2,2023,8,857573,367525,361556,1817784,101093,102754,953130,4146787
6058,1,2025,6,268698,367354,98879,2372886,161223,340841,249494,768781
6059,4,2023,9,169579,377095,105039,1317908,89044,173462,1027927,4411557
6060,1,2024,5,735185,196945,313751,627339,151271,288386,783556,4094467
6061,2,2022,8,338842,205045,249039,1932574,295144,137291,561454,1152090
6062,3,2025,8,262640,172749,354728,1249393,163195,148488,997262,4167947
6063,1,2023,10,386271,92870,181707,667875,296847,292599,1609381,3053187
6064,5,2023,6,397402,423210,162086,1329521,172175,209727,269140,3329943
6065,1,2021,7,499358,81232,159304,2503613,142362,193599,1543625,922802
6066,1,2025,12,444786,217857,252801,2589864,134835,77588,1848197,1540227
6067,5,2025,8,264387,74352,365522,2434093,141670,182163,263200,2831239
6068,1,2022,7,599920,414271,320491,1850560,102680,147957,426458,2843609
6069,2,2024,9,960135,329296,75814,1226593,101114,390119,1338214,2087854
6070,1,2021,10,886534,456731,238774,383727,96946,205260,1830343,1442877
6071,4,2021,1,414937,279101,59113,2196144,247126,93564,319136,3986623
6072,4,2023,9,428343,108640,340783,322206,239599,342800,507013,1489323
6073,2,2024,6,371361,352614,124174,891359,220406,123552,336695,2105983
6074,4,2024,7,397247,216723,370363,2890564,101574,330733,1743109,2867300
6075,3,2024,4,598073,93361,172342,1272958,110618,280053,1085310,4119247
6076,3,2021,6,286106,259284,117099,1859896,288106,230047,813760,4351336
6077,5,2021,8,232073,102583,379119,528435,288159,330451,1142603,4167083
6078,1,2025,7,639128,470582,125874,2792040,225758,220471,1086427,4864850
6079,1,2022,7,996035,370594,265885,1607279,141475,245143,1126108,3719664
6080,4,2022,11,872841,382696,134322,2847481,79040,207635,388457,3823870
6081,3,2023,4,246939,119108,361900,1667168,51808,77489,1572966,4683228
6082,2,2023,3,246930,290309,122871,1668217,81447,96651,923546,1253574
6083,3,2025,9,347250,406764,272723,1419787,292331,288216,1226777,2240138
6084,1,2024,4,348247,243243,388046,721220,107628,149623,1086839,561066
6085,5,2022,4,716490,147867,118028,1701679,95949,181698,1106799,3131527
6086,4,2023,4,695898,125734,358425,2232052,239331,241942,1269152,996138
6087,3,2025,4,942067,456704,188038,2878660,243491,316172,1716054,2013724
6088,1,2022,4,861182,421064,352549,2598477,71611,53988,1773325,3552239
6089,5,2024,7,901020,215815,164202,588824,79076,307405,1836550,2381150
6090,3,2025,8,436368,433425,391776,387947,253754,148409,896899,3577968
6091,3,2024,10,717466,94200,161093,2078420,210538,349617,383619,2254381
6092,2,2024,11,155890,151509,244982,1478634,143347,246743,936290,3885409
6093,5,2025,2,729428,360421,229729,1398608,118166,163671,1608359,866683
6094,4,2024,12,554962,414069,232154,664502,223984,92978,1699553,2246087
6095,1,2021,11,476478,323503,180187,1991558,208181,145823,1902087,2376026
6096,1,2024,4,683610,101533,369259,1667044,162052,320842,431172,4289629
6097,2,2023,11,866870,106034,212695,2176241,252229,52975,1088270,4834518
6098,5,2025,3,687876,96958,135644,462190,141804,186585,1063332,2945348
6099,1,2023,7,693496,124760,117175,757926,227973,68408,302801,3930343
6100,1,2021,2,611689,183948,205854,391036,156032,114172,511957,3273231
6101,2,2022,9,907992,238933,62139,1677558,106725,214201,294928,3556130
6102,2,2025,6,333452,142417,221949,1925553,50640,66226,376774,2383064
6103,2,2023,12,629061,367153,316000,1320425,227167,159145,1054763,2182526
6104,2,2024,6,777989,138077,266240,2251353,123475,320943,1812091,3634733
6105,4,2025,4,614291,158131,231966,2696276,171803,268612,1486199,3236847
6106,3,2025,10,420866,88580,267053,1994920,236048,99536,311258,2315722
6107,4,2024,1,956487,198250,307604,966467,66526,334131,802475,3023815
6108,4,2024,4,912293,67702,209184,1959328,155646,375894,914269,4269631
6109,1,2025,11,752277,256757,355901,1190669,94056,344470,1838110,2700641
6110,3,2025,6,731986,313014,98002,1188740,130021,58755,1623933,1417933
6111,4,2022,8,795139,240303,243466,1855410,267375,259495,549876,4916330
6112,3,2023,10,943075,350112,175095,1484453,239658,136794,997477,3450923
6113,3,2024,3,719629,204485,382353,1722451,256902,387369,694313,1799145
6114,3,2021,12,177627,342097,293899,1412485,59714,205388,947634,2319820
6115,3,2023,4,992054,79402,356323,565563,276454,169442,1863844,581597
6116,5,2023,5,899907,337224,78730,582868,228892,116686,992410,1588370
6117,2,2022,4,945367,145643,382441,1557726,227483,268329,834704,3051230
6118,5,2022,7,943332,238867,103941,1873267,236401,389216,1782953,4715718
6119,1,2021,3,485536,211661,125864,1581880,172729,183635,1437600,4556901
6120,2,2022,4,556239,87445,266755,678893,285500,319420,1178340,3452821
6121,3,2022,4,119661,294026,162621,1203779,123338,123102,1790940,4954351
6122,3,2024,4,683047,103829,251427,330882,76314,187178,774701,4077594
6123,1,2023,4,406219,467035,218759,1726025,156926,57333,902855,2509457
6124,5,2024,4,124131,375780,399160,2445889,91189,312692,1023448,3153775
6125,5,2021,4,962941,93788,106066,1249203,232193,51770,1438277,3646580
6126,1,2023,10,200527,273099,344335,2275523,178957,279195,1845352,4251648
6127,2,2024,3,533264,489197,337652,1794580,215282,352140,1918665,3811332
6128,3,2025,8,959041,236177,380190,1675414,80645,291963,430196,2418885
6129,4,2021,10,862881,254421,122059,1371857,254855,136278,413498,2385632
6130,2,2022,4,873739,464050,136173,585182,279035,311338,1650321,1349258
6131,2,2025,10,468684,453919,242324,1615709,81539,242322,763113,2388464
6132,3,2024,4,987519,464436,56531,565986,276554,111797,428622,4483527
6133,4,2022,1,245409,128284,394826,2893419,186577,397317,1589393,4905618
6134,4,2021,6,255358,424900,387046,2405424,142577,197655,393632,3773879
6135,3,2023,3,675066,52757,88659,2353994,108494,364052,673012,2944630
6136,4,2022,6,302357,350935,384710,1296123,92060,81101,349692,4884023
6137,1,2022,7,129201,360496,267078,2681683,229041,274732,1076669,2515585
6138,4,2024,3,643639,184348,326975,1680398,299834,80537,645799,3286241
6139,4,2024,10,526785,89412,243688,937551,215535,94127,1077446,2907039
6140,2,2023,1,108987,221669,145062,2374325,75498,227745,341024,4243549
6141,3,2025,5,231326,51767,63661,1793497,148919,214660,1720543,1560002
6142,5,2025,8,173450,461788,77268,1093702,57367,271792,1811694,3813335
6143,2,2021,9,728161,343024,172879,1510829,138583,191447,1005418,1071388
6144,2,2024,7,681785,425449,227368,1318317,69810,106326,1286146,1330808
6145,4,2025,6,384803,192822,52347,2376068,263190,229992,1546013,4149769
6146,5,2024,5,994840,358240,111284,1287312,162752,342193,249177,2682745
6147,2,2023,10,870880,296451,134302,1520366,71322,141100,917012,637162
6148,5,2024,8,423288,145950,282147,1693841,211105,130980,1196165,1900073
6149,5,2024,3,643342,490473,216019,2248747,98956,132348,1776060,4897494
6150,5,2023,4,252052,398514,364577,2237030,129506,220121,1342739,4705098
6151,1,2025,6,831523,247911,397056,442046,212948,118134,1070841,1532522
6152,5,2021,4,609915,68814,375670,458011,121905,310252,1765866,3203317
6153,4,2022,5,294592,134862,288341,1039776,55289,159383,342548,648509
6154,1,2023,9,603072,98647,135572,1652619,55309,60714,1876457,1199917
6155,4,2024,11,944432,276852,138157,2980013,108142,238681,1396769,2326312
6156,5,2023,2,531984,124021,399732,1918800,294670,125680,1150913,2182722
6157,5,2023,12,510851,407624,284492,1777443,52062,380230,418383,3826553
6158,1,2025,1,603347,196055,255352,463308,181792,335307,1000956,550550
6159,5,2021,7,184599,295882,243149,651050,184101,365470,1959095,3360301
6160,3,2023,1,860568,389947,81771,1217666,169496,352770,970519,926166
6161,3,2024,10,289705,380258,302413,1602283,192332,285480,1032770,4091604
6162,3,2025,4,108790,471278,176613,2102860,134625,276457,888116,4973385
6163,4,2024,8,790416,344058,348500,929841,211005,273760,1199752,860345
6164,3,2021,5,747075,126377,126561,2000733,120315,283281,843920,790542
6165,3,2021,2,124869,88803,205517,2672791,282088,316768,342259,1166710
6166,1,2023,6,966669,366213,110087,843064,181426,143383,1548295,1904070
6167,2,2022,3,459686,189201,352607,2890029,94772,303447,1273166,4796335
6168,5,2024,11,899465,343813,229681,392768,164215,77293,857989,1972321
6169,1,2021,6,228625,208565,60081,1445779,247245,114148,1328716,3079557
6170,5,2023,12,791516,491822,303186,2330280,216783,377878,1761362,4783703
6171,1,2021,2,253975,94851,186424,1312070,53712,288254,443900,606055
6172,4,2021,10,408410,74134,225413,1623142,268967,165915,1924898,4770549
6173,5,2022,10,939749,152412,372017,1969592,82972,221768,1373154,3472519
6174,4,2023,4,541249,189288,383804,2867587,150354,155346,819911,3085804
6175,1,2021,10,521305,298276,219926,2295222,115102,247073,668790,3931971
6176,4,2024,1,588997,451760,313151,1868017,298430,203416,1554508,1703961
6177,4,2021,3,391376,173740,266375,2030641,233454,175284,1719844,4790661
6178,4,2021,5,386438,271510,280357,2837409,77942,218140,459829,1796476
6179,1,2021,6,184292,499424,61281,2235713,185341,249183,1030929,4567025
6180,3,2021,10,988655,270917,354230,1904632,91774,270816,1908284,3470360
6181,5,2025,12,711623,212774,203603,2861169,233535,387447,1857127,842467
6182,1,2021,5,504913,197370,188451,2267822,154984,266096,1511802,2444852
6183,3,2021,6,845437,381449,399311,1230658,274091,308194,263359,2652322
6184,1,2022,11,164508,182433,262357,1960637,112375,327829,1222786,1377370
6185,1,2021,2,620295,437599,376439,703298,245243,384380,1714544,3974500
6186,2,2021,7,704829,478463,377699,997458,155333,347307,1738637,1425143
6187,1,2022,2,755507,371810,87452,1353485,110477,179539,1296512,4585770
6188,3,2025,2,167599,472185,330013,1795983,198351,245273,1559411,1471652
6189,4,2021,9,262954,58813,62847,2545813,136242,196394,1125308,2973201
6190,2,2021,1,633839,303221,54425,2178672,260695,393673,780534,689812
6191,3,2025,1,530480,429283,241713,2660750,102435,106613,952261,1882371
6192,5,2024,8,153687,118606,365719,426948,109624,302348,1161000,2270315
6193,5,2022,9,589327,398720,302318,441887,129726,166066,263164,1665939
6194,5,2025,7,155314,72394,263478,1506536,294175,239701,477723,4235933
6195,3,2024,5,487396,360668,61249,1768603,166635,217288,1546206,837837
6196,1,2021,2,680910,300574,374696,1423415,258415,123320,1200776,1066713
6197,5,2022,9,191294,124231,106592,1785586,150075,368124,1193648,1988711
6198,5,2023,5,134737,476748,249283,355330,158090,67903,853838,2762515
6199,2,2025,6,304560,230502,175441,2566854,121598,60308,1401237,1167458
6200,4,2025,1,453336,485060,357828,1363526,228600,361397,1741031,1682117
6201,4,2022,9,530504,378716,323365,2880806,260874,57587,1379100,4026659
6202,1,2023,8,726677,100425,81090,1581065,205148,269915,1878167,749503
6203,2,2023,5,110360,242675,244725,2663205,225719,266776,1653850,3394222
6204,1,2023,5,982888,382244,227872,1610946,74573,274535,1206271,4984845
6205,5,2023,3,794802,243519,146011,2463136,86547,335380,1081670,3655320
6206,3,2024,7,651554,154598,296546,2673169,272259,326355,720547,1683572
6207,3,2023,6,295210,318781,155541,984636,197722,185600,408254,3080084
6208,5,2024,3,414926,451764,264125,2414850,169743,336496,1236371,4860361
6209,1,2022,10,955997,297157,320253,437583,115363,387829,1048157,4471149
6210,4,2025,2,807793,442072,248666,2218365,143705,63718,619915,1232602
6211,1,2022,7,980880,204784,111093,2146874,230360,78725,1356146,3861596
6212,2,2025,11,732642,376402,310814,2240135,136767,311144,248984,1301583
6213,4,2025,3,194738,184309,167093,1168630,185844,280217,773854,1897767
6214,3,2021,6,323724,396316,363162,1339165,243912,90601,1104001,4073540
6215,1,2022,7,645122,406661,250050,635063,111882,193951,215446,3966560
6216,5,2024,5,989676,388715,289141,1395106,110014,394295,822717,3517690
6217,2,2021,11,466553,209754,237710,1267307,251658,248891,1917329,754223
6218,5,2022,1,910924,226037,182192,1268638,132058,359441,803117,1433070
6219,2,2022,2,490356,137153,118831,2770193,86921,361439,601077,3311982
6220,2,2022,4,162488,441498,262783,1288757,288951,175700,1432975,1937897
6221,2,2025,7,683937,94084,382841,1844521,255753,125474,1416672,1359076
6222,2,2025,1,302626,257033,343115,2842068,94652,246436,779752,3005814
6223,3,2024,5,685518,83289,308786,1221840,50230,248902,409098,3031067
6224,5,2024,11,414262,57807,219470,2830005,295747,263168,488408,901863
6225,1,2022,4,146381,453320,315185,2853789,211596,101811,564008,3387081
6226,1,2021,5,141612,298766,225184,1301536,86559,75509,552550,728113
6227,4,2023,6,254127,230352,398526,2525414,228160,128562,718331,1253145
6228,4,2023,10,454897,343882,333616,692397,288395,151435,1266068,3299490
6229,4,2025,5,569576,491034,95650,2237408,76729,290030,1206039,1328752
6230,4,2024,1,882736,219682,245602,1545972,51188,227524,415104,3741971
6231,3,2021,2,787609,76953,159191,1825929,92016,84074,1699455,1479225
6232,3,2021,4,912583,400244,315100,775044,273598,237668,1844388,4303706
6233,4,2023,11,533405,180222,341783,2748059,199466,336609,449622,4472759
6234,2,2023,2,458778,106073,365697,302300,96102,278907,1818375,3393217
6235,5,2021,6,709616,176487,162776,1056462,120494,354518,604439,798573
6236,3,2025,10,165494,296193,382240,351691,213644,370853,790045,3676489
6237,1,2025,4,524312,358874,103464,2916800,108675,260000,1945293,973174
6238,4,2024,7,346036,112117,146382,1216101,72492,116443,733478,2884329
6239,1,2025,10,914827,177675,385606,2040481,142162,78822,1769291,2114697
6240,4,2024,8,499367,393312,312197,817822,70581,224137,422631,4412535
6241,5,2023,7,745091,442733,205032,2380543,264648,180690,1166375,2616742
6242,4,2023,8,621940,67101,311946,438315,126340,174584,1958789,623825
6243,4,2022,8,159883,287450,222436,341407,210496,120721,1749300,2816965
6244,5,2025,12,399297,68983,105856,385842,198810,323577,228465,3388879
6245,5,2021,3,879681,67353,155839,2608643,226857,295892,1796752,4671127
6246,1,2021,11,933995,261114,293677,703809,126497,55593,496235,2191499
6247,3,2024,1,721081,331176,396727,2414874,245830,339428,1739900,2544645
6248,1,2025,9,769499,126153,354144,2119997,159936,351406,1071795,2733668
6249,2,2024,11,409203,460820,229351,686278,246085,210178,1570813,4092178
6250,4,2025,12,375280,421636,314533,643701,102689,343778,1732325,3404046
6251,2,2021,11,477562,230390,303653,2272580,172318,177873,697732,3694678
6252,2,2021,1,749245,234665,289552,372135,229442,91753,1724845,2661397
6253,3,2025,10,392059,112952,315489,2679098,242131,146533,562740,960856
6254,2,2021,12,979073,163505,314398,1446748,298265,258796,362348,995131
6255,3,2025,4,506722,458768,299365,1818242,140054,159338,1579543,2392961
6256,4,2021,11,170472,496259,345792,936638,114515,249109,1304626,616511
6257,4,2023,8,857129,360056,114978,1760061,168267,262286,577449,4749710
6258,1,2021,9,418152,390715,361586,968420,137857,271271,668687,4126455
6259,4,2023,12,742532,202565,121954,506050,148862,285162,1755880,3112195
6260,1,2024,1,578240,323573,288819,429101,287570,98961,541852,1029946
6261,1,2021,7,610549,408102,65664,2475237,286417,276556,1320130,4680838
6262,4,2023,3,666929,364315,180845,2900083,117032,211772,373157,1563735
6263,2,2022,9,171499,421817,259415,1212598,197324,129719,956514,4368572
6264,4,2023,10,872826,422452,131664,1614273,209960,335160,1169123,1791676
6265,2,2025,6,749044,437823,345057,2367060,297768,194917,1035691,4404327
6266,4,2022,8,793281,287624,183621,580059,254146,270168,533757,990085
6267,4,2025,9,216456,320637,149189,438699,280105,87234,1597278,4027878
6268,3,2024,11,588729,203949,316584,618054,264116,235139,1152919,2879990
6269,2,2024,1,163762,148245,154813,2924663,81998,322516,663245,3603249
6270,4,2023,9,849914,304805,75899,1517431,298033,233232,1079935,3999705
6271,1,2025,2,239503,300629,98119,1553313,222987,136237,1438053,550442
6272,5,2023,10,511175,189549,208002,716870,94852,245444,1705986,4581324
6273,4,2021,2,878894,171674,73794,810236,224305,79830,1890482,1455434
6274,1,2021,4,770796,89425,223273,894168,133454,183313,1498956,1627809
6275,4,2023,2,645420,422964,397256,1316995,181227,341390,879139,801737
6276,5,2024,7,369446,86997,340171,2102372,88897,388387,1992708,2837228
6277,5,2022,5,444734,452515,381344,923600,292317,270632,931408,2062880
6278,1,2023,11,640254,94431,245463,758094,127465,174246,1945794,4596731
6279,2,2022,4,620251,411052,54636,776065,172479,375886,486044,1334508
6280,4,2021,4,103481,454801,245437,1592184,130009,80355,344869,1131704
6281,2,2025,10,233449,132541,62458,2927086,148586,99028,1350932,4627064
6282,3,2023,2,858689,203722,226082,317477,194840,172083,1317017,4962788
6283,5,2025,1,850263,218605,100310,1638004,90572,250077,996032,647578
6284,5,2022,4,364065,355849,182690,1458853,227326,334927,1595421,3035756
6285,4,2025,6,279499,337726,225964,2616531,215104,89398,777796,940390
6286,5,2023,1,942305,279250,233459,1891333,155106,358403,355420,2964893
6287,2,2025,6,664186,333523,219665,2904968,283859,282746,1666526,2311016
6288,2,2022,11,109801,113719,85912,2096018,222042,167285,1408927,2346903
6289,4,2025,10,314542,123642,154015,2572745,195372,120635,1683981,1479155
6290,2,2023,6,181130,329788,234126,2137720,297569,165180,1292437,2432389
6291,1,2025,6,129970,151344,267912,1273139,296877,84138,1624782,1800931
6292,3,2021,10,925375,186919,213731,2874147,134103,72661,670294,1685945
6293,5,2022,11,524025,356294,397120,2503636,233553,77092,1517580,3510559
6294,5,2023,4,143213,159383,237568,1017197,294496,262966,654713,2772235
6295,4,2023,11,512075,495320,325099,2669751,73215,150773,424118,2945210
6296,3,2024,11,622543,52677,195675,2943360,280722,183077,540020,903060
6297,5,2023,4,805910,438265,380697,2611488,238407,218396,1508425,4748203
6298,5,2024,9,284179,153273,342844,2926324,131091,186521,300038,2572256
6299,3,2024,3,144925,317365,286525,1928150,228526,300262,905678,2652386
6300,1,2024,5,842558,258860,180556,2519031,70617,225625,846522,2168228
6301,2,2023,9,161972,293938,303380,1432533,76219,149219,521149,1421537
6302,3,2022,8,173931,407095,278300,742210,77770,327930,1703214,4329788
6303,4,2021,9,118718,143248,173427,1479918,152034,126705,1432430,766652
6304,4,2021,4,185865,497677,124490,2844773,63162,118558,1744061,2219896
6305,3,2023,10,664660,76454,207526,1464998,233777,119729,1645741,988579
6306,1,2024,9,157018,412877,164091,2604473,274576,192957,576281,3827282
6307,4,2023,10,382330,388913,279212,2518272,134973,86842,1857695,1817993
6308,2,2021,1,241168,264215,260781,2582729,133341,156852,1334828,979859
6309,1,2024,5,848793,339896,196234,2614250,90816,172727,734408,1894101
6310,4,2021,4,810136,83047,392790,2241628,53075,144885,371992,3653684
6311,3,2025,9,136170,428644,229573,1975066,164928,323732,492809,2651231
6312,4,2022,3,717065,181390,122499,2431519,209004,285673,897909,872814
6313,4,2023,8,705777,66043,208962,2869053,216468,143011,985542,4505045
6314,3,2021,6,194958,120504,362849,804788,182142,384457,1494288,1917765
6315,2,2022,9,138833,447823,141789,1725897,127510,225614,1700111,3444121
6316,4,2024,7,984792,147977,287768,597689,71206,51105,1938681,561035
6317,5,2024,7,332831,352160,84773,645401,110188,247759,1614103,2248638
6318,5,2024,11,433883,69974,326835,1218952,160225,340353,538561,4083921
6319,4,2021,3,558852,444911,164396,1952044,235826,307631,1705724,3283210
6320,5,2021,5,691682,216729,172537,2765986,145207,245207,713076,1791588
6321,4,2021,11,809322,493257,290170,779073,124958,193502,343506,3454387
6322,1,2021,4,441731,87939,365272,2689172,227197,296708,1785861,3756862
6323,4,2022,8,473588,148149,244071,2154426,231623,63463,1450570,3975295
6324,4,2022,3,211034,301489,284132,2313894,229257,383953,762977,937783
6325,2,2024,5,515914,417682,264756,2168855,194542,297941,451197,1730017
6326,1,2025,4,677847,443560,151487,2621484,262369,86469,1180474,1251595
6327,4,2025,12,190647,438794,280942,1296430,227656,269475,1126051,3301217
6328,5,2023,1,463271,391207,138481,1314200,144163,93061,1844042,853786
6329,3,2022,11,371718,424197,293947,354251,201189,337526,1392162,1773890
6330,3,2023,5,374586,218486,106852,2963154,284877,130662,364641,1510803
6331,3,2021,8,968656,91650,171149,2514189,101776,296500,1752153,731098
6332,1,2024,12,914054,444153,143257,2644592,224413,85675,1508845,592335
6333,1,2025,1,352067,244510,196076,2218881,118537,228853,1573010,4179345
6334,4,2022,4,347149,96283,310721,2083074,127228,397981,1914823,613177
6335,2,2023,4,395633,334337,248492,1696789,174023,361977,1109932,2110116
6336,5,2022,8,888602,147079,101111,707130,62240,385041,1318784,920567
6337,4,2021,7,546711,445562,235454,2870796,156133,157115,884953,1321896
6338,5,2023,11,263461,190441,156753,1580295,123019,383580,1430306,4580264
6339,1,2024,5,320977,268050,215106,1133547,79709,181888,1712068,4958082
6340,2,2024,5,430640,320497,274105,2514446,120038,299385,580171,3780289
6341,3,2021,6,281487,229026,308236,1497038,223336,100642,319618,1979610
6342,2,2021,5,961270,285390,328539,925415,147247,69132,336527,570886
6343,3,2025,12,281870,317476,215916,462791,205744,201901,1259594,2767505
6344,4,2021,4,746442,96660,132473,2243983,221644,307067,343322,763129
6345,3,2025,9,147802,238738,120776,356665,85298,207692,917269,3309768
6346,3,2022,5,819131,240182,125485,2875548,174314,105235,726796,959574
6347,3,2022,12,879553,313739,187499,2570293,94102,101258,1080814,4534053
6348,4,2022,1,345119,364923,304810,1108161,164994,241094,1056777,1182125
6349,5,2023,12,761639,346159,199900,636439,277371,113893,395904,4315096
6350,5,2024,1,787754,368513,110962,1980777,286815,187284,968608,570489
6351,2,2022,7,173814,211486,124610,2931268,119014,113979,1805642,1055686
6352,4,2025,11,435355,395710,198115,962088,97047,273494,549739,3113261
6353,3,2025,2,265603,82095,320545,1744207,158540,279487,1558481,4470252
6354,1,2024,4,214815,392999,269726,2985609,122708,382923,1100881,592775
6355,3,2021,5,203901,200665,250270,2238525,191524,184534,768435,1544110
6356,1,2025,5,767438,429560,286025,1635410,234072,209540,1187008,1508930
6357,1,2024,10,711236,245648,352119,712657,241571,276933,269361,936107
6358,1,2022,11,752310,398481,364295,572847,123386,167712,1982291,2150239
6359,5,2023,3,437451,100931,123918,1406226,93238,377536,1201387,2785797
6360,1,2021,10,881880,192954,391552,674095,195246,293453,1711071,4460956
6361,4,2022,8,509337,408979,167209,1316073,117390,266560,352268,3859338
6362,5,2023,10,968328,466596,231795,1678258,197568,217591,1974139,1543919
6363,4,2024,2,553705,412285,263934,2705422,106611,169468,748227,1033468
6364,5,2021,2,539188,119877,352346,2928536,117285,83010,1103102,2252776
6365,3,2021,1,716501,135248,172457,1188536,198775,368454,260379,1178230
6366,3,2024,9,842716,56931,171175,891115,119575,67957,924354,4374219
6367,5,2021,9,866323,155046,387937,2106238,270965,185234,998437,721049
6368,1,2023,4,294662,392346,332529,492931,296927,357154,1185576,3459437
6369,2,2024,6,325958,480345,78444,1954764,172665,128191,1527728,2558775
6370,5,2023,1,279316,250191,285867,342078,278939,356891,1985792,2420505
6371,3,2021,9,834376,256821,169028,689768,116345,347225,738542,4382859
6372,5,2021,10,855741,496903,160052,690990,138491,384633,410843,4731201
6373,5,2025,2,454461,429736,379869,1331901,189447,317695,1015737,2368665
6374,5,2022,4,949213,438250,182620,1686560,244031,236668,1366355,769129
6375,4,2023,3,865981,350869,394079,828807,197259,233741,235222,2338966
6376,4,2021,12,710240,103629,241848,2424114,215607,352736,1373685,1233981
6377,1,2022,6,682400,188494,226371,2367117,221260,373498,1369048,4869802
6378,3,2023,12,616786,64385,385966,819770,256268,84158,1223123,701294
6379,3,2023,12,699819,395357,69529,2378134,295358,54538,1342234,529812
6380,3,2022,1,444685,295005,184133,2753848,167366,291506,275887,1093223
6381,5,2022,6,922124,233352,155300,325636,163495,258250,1704501,3513135
6382,1,2024,8,443957,188384,309270,1618189,247757,115652,1075885,3499522
6383,1,2024,11,855583,101361,339329,2222252,119245,220086,393496,3724779
6384,4,2025,1,111250,122802,244243,2665110,278921,300340,1136189,4369591
6385,5,2025,9,292372,59379,214302,1391304,230160,214425,441702,2061190
6386,4,2023,6,816793,438549,294500,696023,116447,111930,208977,4094332
6387,5,2022,10,956492,236157,322544,1317627,275138,224982,1561209,3851894
6388,5,2023,3,513120,352870,167031,1689585,238743,331239,992147,3434865
6389,3,2021,1,660118,371373,166200,2248819,123657,173371,539323,3863923
6390,3,2022,2,642063,312020,345376,1222691,118638,332595,928666,4800129
6391,4,2021,8,496394,149721,343161,2607615,122172,130812,1333941,910823
6392,5,2021,10,478628,445773,138706,1698497,122115,235978,1043006,4838829
6393,2,2022,9,590342,235138,150635,2360571,235476,331101,989351,3638946
6394,3,2022,10,219302,237729,381122,732415,278308,267245,1240306,2717941
6395,3,2023,9,430021,408449,94172,2900718,212307,326750,592797,4265266
6396,5,2024,1,428916,86968,320398,1735022,191780,109095,1952513,3794349
6397,4,2022,6,657236,381922,271767,2857226,254594,332428,1591624,745933
6398,3,2021,10,772735,489336,296985,2026391,159886,134665,1439277,2768755
6399,4,2021,10,440859,406851,144840,1498895,130170,340905,1544706,2832626
6400,1,2022,4,538416,203652,186024,625373,124556,309574,914480,1943711
6401,1,2021,2,604348,54566,273971,1071583,113050,182289,1522901,1390934
6402,3,2023,5,337540,62546,97224,1490758,76480,231132,1200732,3048144
6403,5,2024,8,399225,366457,334407,1284268,104509,118190,1633073,3160099
6404,5,2024,2,217019,324454,128233,2931613,189119,159233,446512,724269
6405,5,2021,9,621283,196279,358962,2798017,259582,71294,711289,1207814
6406,2,2024,6,492571,320291,364844,1453138,277942,131811,1466002,759870
6407,5,2025,3,962233,215131,161998,1462694,176504,230449,1611269,2537131
6408,2,2022,11,895573,275272,185041,956809,98147,278722,760273,2402622
6409,5,2021,11,449952,67037,200593,1020245,107776,344948,1748808,3862361
6410,2,2025,12,874070,467242,110490,1696098,98225,104897,696234,4879029
6411,1,2021,11,375599,72697,360830,2054331,280071,320241,1450189,2662638
6412,3,2024,3,803851,170696,295172,2353662,194736,278687,1337924,4917328
6413,4,2022,8,647588,227652,114864,1516112,260473,153918,618675,1070316
6414,2,2021,12,888883,455375,264317,2721294,137741,308528,657547,4124414
6415,2,2023,11,864770,295871,263400,1111406,205222,70377,1626416,718146
6416,1,2021,11,681564,416364,138604,751599,205269,118550,584392,4940914
6417,4,2022,6,314683,431923,261138,2514795,170017,50960,220596,2102639
6418,5,2025,5,766046,138823,120507,2451014,187355,294279,1259830,2151675
6419,4,2022,11,168041,403706,355915,734665,212364,390059,575447,3699479
6420,2,2023,6,301303,454042,343650,1215041,149703,54948,702442,1849504
6421,3,2022,1,844943,396828,171097,2566920,233623,186768,1014159,685002
6422,5,2024,2,828455,401209,128237,924843,50388,262289,1594753,1466394
6423,3,2022,12,343714,312511,257227,2494955,105510,164019,957037,1506928
6424,3,2021,10,982613,305820,236303,1778599,211371,115528,1008884,699704
6425,2,2022,3,255209,429170,377663,1472319,224435,251799,443293,2047680
6426,5,2024,8,563200,317174,233228,1841961,268331,394178,989674,4389774
6427,5,2022,9,206548,408851,72645,837343,176855,369900,877585,3720487
6428,5,2022,1,175011,225804,235550,2480547,128582,289751,1395302,2350318
6429,5,2025,12,945253,439743,143364,1237400,53751,320265,593476,3458765
6430,5,2025,8,341271,50644,237014,2493999,159933,307530,642539,4374704
6431,1,2025,3,682869,283795,106474,2946196,106505,253538,1790267,3698253
6432,2,2022,10,167220,101439,183934,1898145,238078,318621,808759,3184500
6433,3,2021,5,740389,347484,342797,1963724,276795,99608,1092302,2814114
6434,4,2023,3,837520,174196,186708,1414090,179804,132500,638231,1033724
6435,1,2025,11,311834,106465,183512,1677387,138847,143583,1035430,3294405
6436,1,2025,11,463471,187964,306250,2439559,284093,281931,918502,4321584
6437,1,2025,5,151823,365394,213349,2667413,60332,391545,224371,737660
6438,2,2025,10,183170,307883,341200,1504902,206828,132580,1304559,658377
6439,2,2021,6,378233,254254,372548,1430680,190369,279458,1410727,4799168
6440,1,2022,3,298108,128089,152149,1723827,98366,141626,1292797,3080986
6441,1,2021,11,219631,99369,285183,2292388,176610,60417,576741,1994653
6442,2,2022,10,291154,413786,166557,865541,193522,290218,651531,1518204
6443,3,2023,1,947150,351179,336903,1215702,75577,351430,1317604,2495798
6444,5,2023,6,902322,197322,75716,1243220,144683,390159,546019,2110977
6445,2,2021,6,599042,461168,266700,2766923,97405,126526,405949,3372872
6446,2,2022,6,727698,459446,304365,2513878,229490,238290,1717696,856169
6447,3,2022,8,720896,291940,220350,2808085,99025,379495,1981485,4618167
6448,2,2023,4,497956,213564,179409,2953004,50843,247173,1376391,2938737
6449,4,2025,9,950441,329023,312914,1845505,256433,190080,1984494,964636
6450,5,2021,4,677991,335930,329913,1002263,270010,234290,1680025,748534
6451,3,2022,5,541298,349216,318062,2851907,122741,243659,1659253,805567
6452,2,2021,1,898912,372774,291348,1291963,130862,145099,1826374,1100353
6453,3,2021,2,285116,80131,264427,2751721,274533,260055,1751361,1930150
6454,4,2023,1,916841,386233,83784,2969722,63752,328191,441808,725046
6455,2,2025,10,655600,289374,307055,831195,292787,145794,1993177,1872623
6456,5,2023,9,722841,409552,127273,2981516,291529,270603,1432383,3823513
6457,2,2025,12,359617,336011,296270,1930450,240442,91947,865615,3714303
6458,2,2022,3,391245,69975,163347,1171953,50373,310756,1477556,3252134
6459,5,2024,9,659647,138458,179462,1724168,131634,238989,396097,1430632
6460,5,2021,11,322012,130963,232457,2555198,89265,361968,577164,3728989
6461,2,2022,1,966084,267381,163476,1703378,257097,251663,757827,3373048
6462,1,2022,9,464269,438113,299478,1280429,297417,270080,683368,804756
6463,2,2023,2,939604,326636,171160,935679,150399,205550,1912441,2195404
6464,4,2021,4,767374,111980,124952,2280494,255679,236931,1474962,741423
6465,2,2021,6,435257,476860,210256,805145,263563,347420,896664,4457009
6466,2,2022,12,124808,158098,132472,2752212,197243,317662,449830,4806253
6467,1,2021,12,712276,91504,258048,761478,168255,249852,1260963,1293828
6468,1,2024,1,544554,144846,66676,1956208,213790,292150,1387370,3066540
6469,1,2023,3,262538,71231,138530,2857967,99656,251179,1104558,3204634
6470,2,2024,2,494438,251549,255276,2255976,187231,175043,643208,4156619
6471,5,2024,2,741580,354529,104351,1083595,51462,144539,748802,2671069
6472,5,2022,8,535502,385411,149417,1269390,291082,217381,652748,1497458
6473,4,2023,4,140655,417214,374097,1410269,104997,140772,1673810,1546881
6474,5,2021,4,219119,354768,277737,1280554,183652,271816,767910,2496656
6475,2,2021,8,823154,270047,309363,673186,145024,353652,1887823,3511181
6476,5,2023,5,565222,240626,78561,682899,93615,333071,839671,4720062
6477,2,2021,8,934139,283655,96944,1613037,209788,350516,1367587,1530386
6478,3,2023,2,568255,414370,193450,336635,53490,93845,622315,890551
6479,2,2023,7,619535,210142,81871,2275648,275665,162295,1061153,2107033
6480,3,2025,5,399345,152865,104123,820623,206423,336082,1735047,2355146
6481,5,2021,2,692802,174601,366248,829322,132160,188710,1711558,4605590
6482,3,2023,12,583695,256241,327901,2667441,165350,134078,928555,2459366
6483,5,2021,8,420145,279825,138238,2221982,57307,399948,1181575,3688207
6484,5,2023,3,297204,474602,119022,2150889,116883,210156,746799,1902168
6485,4,2024,4,218544,488923,108440,395783,122515,272641,1616934,4588653
6486,4,2022,9,409229,419348,308411,2882850,275359,161013,979942,782415
6487,2,2021,5,336427,95345,58805,1783886,127727,377248,1882902,1919235
6488,3,2022,5,674569,471127,292325,2547994,118972,103040,1846532,1735858
6489,1,2024,3,346877,133707,289678,589744,150035,64630,1920958,2653915
6490,2,2024,3,854864,407054,276359,1079615,142397,308736,1268872,3651725
6491,5,2024,11,395110,230371,250380,698068,186116,255836,1347175,790728
6492,2,2025,3,496955,64521,71516,792929,252009,313145,323415,852175
6493,5,2022,12,852555,412135,297900,587063,178770,243942,1760618,929310
6494,2,2025,7,114509,320174,204182,2204925,142569,167622,1030368,3928732
6495,3,2025,7,739858,75095,155273,1218381,186489,169091,1615124,915182
6496,3,2021,4,891130,133287,287386,1348295,192936,372450,524944,3056416
6497,4,2024,11,527186,194437,375921,2705656,78745,399038,1853933,3788964
6498,1,2023,8,765728,205415,97467,1665390,156037,56737,1886553,1251527
6499,2,2021,5,151683,303694,389247,2744945,224534,135758,1736151,2566624
6500,1,2023,9,998090,293203,110675,2347200,160206,244832,577753,4294772
6501,5,2024,7,497710,115733,147756,910124,56074,183198,946409,4992316
6502,3,2024,6,768057,356506,375926,1267517,79855,350175,1946330,691597
6503,4,2021,11,846333,319964,130504,1482321,286404,248797,1316193,3714719
6504,2,2022,9,777841,360452,326345,1087568,213545,280344,1474989,1044379
6505,4,2023,5,543877,458293,336532,720388,136207,354387,597934,789518
6506,4,2023,2,211605,266971,146423,1833737,274167,182052,1240628,881113
6507,3,2023,5,921637,189086,53869,380176,174747,97937,933887,2415172
6508,3,2021,2,947139,132269,162001,2059868,173223,228845,1534158,3934088
6509,1,2021,2,614347,414875,318715,831760,66851,121166,781390,692829
6510,1,2023,10,421519,490356,199928,2292116,142842,205205,1271918,1868916
6511,3,2021,7,780641,330926,129798,1926731,168449,81934,1244815,3239096
6512,1,2025,10,828332,455535,83410,2688883,240526,383610,1229110,2992874
6513,2,2024,6,812682,120694,114958,1214109,217179,92055,772762,3868380
6514,1,2023,12,787340,186491,301068,303600,262899,304198,1248767,621033
6515,5,2024,8,774131,113338,389739,365814,52045,323884,1262572,3918620
6516,5,2022,11,431439,247835,63338,1880678,178249,280245,1501145,888009
6517,5,2025,9,506092,422361,318068,2336423,189724,231722,645205,1418324
6518,2,2023,1,588657,207262,151248,2877978,86090,191936,1084087,4273056
6519,2,2024,12,936792,112472,323555,1489384,118970,349749,1502111,3043216
6520,3,2022,1,254158,228527,219743,960267,92339,334118,519690,4544549
6521,1,2024,5,750993,461642,187095,1611361,56358,121990,308682,700305
6522,4,2024,6,494767,445082,131925,2398909,219740,222673,1063037,4146785
6523,4,2024,7,263321,416304,265132,2481748,203412,199275,635743,3513852
6524,2,2024,10,936267,435056,193537,511037,264831,183681,742651,1830525
6525,2,2025,4,981745,152526,78530,851978,245240,396986,1443645,3131131
6526,4,2022,5,610896,205926,348687,1408238,115404,96414,1427353,3298997
6527,2,2025,8,223190,116494,248568,348366,242979,87465,1611306,2574885
6528,2,2025,7,976347,181751,76770,1171546,98415,284057,1940003,4963122
6529,1,2024,3,235229,194379,201953,2194589,293548,396227,754297,1995973
6530,3,2025,12,760416,388168,251445,1219546,185835,193786,1050778,2231115
6531,2,2024,6,494186,244614,105051,2367121,59026,375687,404119,864160
6532,4,2022,6,542942,495023,53560,2851256,56579,157086,698199,1883929
6533,3,2024,8,424049,134116,376825,896725,51518,263579,788093,2445772
6534,3,2025,1,717061,454557,284909,2765192,250340,367959,1599904,906604
6535,3,2023,11,280846,401534,156035,1224863,208982,251269,1589026,3173438
6536,2,2025,4,857836,222434,206140,1069793,182188,109807,609855,3944725
6537,2,2023,10,570740,470179,146263,2637619,113009,249785,1932198,3944006
6538,1,2023,11,210994,410704,164932,333261,260770,277437,1486568,3973368
6539,1,2023,10,522430,391684,278200,837161,101564,173032,554528,4953580
6540,2,2022,4,852379,321786,132239,1552635,288214,219075,1275083,1598011
6541,5,2025,10,956420,100036,297601,2831488,198538,357856,921583,925092
6542,5,2025,3,186103,489879,225286,1217195,77094,322774,1038771,2400182
6543,3,2025,6,815978,194412,184895,847588,54783,163070,1020598,4537710
6544,5,2022,7,334730,165743,390600,2853952,194613,167305,1979835,3924771
6545,3,2022,5,649301,231379,93507,2394753,164722,63207,302677,1269516
6546,4,2021,1,652458,384079,303307,1626334,247492,394917,383043,3126286
6547,2,2025,12,671617,321206,221564,2914150,229403,97474,208316,1944100
6548,5,2025,6,289783,269438,139296,499404,289322,361891,289468,1889379
6549,1,2024,4,242788,485705,194758,2657996,160374,87807,789017,4018526
6550,4,2022,11,898373,366722,220383,929775,207550,125671,445954,3266267
6551,3,2024,5,816575,356767,286774,2921583,197409,281478,1946644,1037633
6552,3,2021,4,701123,322268,356196,2770555,76487,278671,332578,3748063
6553,1,2022,11,467398,71007,59377,1534964,293706,229120,1929188,1310087
6554,3,2024,1,477872,303504,226630,1524732,65666,362909,757568,2829413
6555,1,2021,10,905640,293145,66003,1791177,145336,253901,1923193,1419382
6556,5,2021,11,227692,115323,165386,2171332,298827,93666,479471,3777863
6557,5,2023,4,154385,388643,192723,1284741,221581,274507,684390,3238249
6558,3,2021,7,190119,63314,74783,898308,78191,279005,1025198,2936581
6559,1,2024,9,755760,117101,178202,1049120,180676,60934,242377,4586092
6560,2,2022,6,685245,276546,306094,2270639,76725,90925,1585324,4275355
6561,4,2023,11,226705,318224,375530,1316549,289909,355698,1575101,2896434
6562,4,2022,2,214772,151766,126936,314670,243662,387419,507951,3190869
6563,1,2024,3,401510,472931,366972,984170,278327,53112,1018261,4132185
6564,4,2025,10,453168,189598,359583,737227,262662,159722,1981723,1190006
6565,2,2023,3,743755,215787,388097,2712236,181614,255140,791962,3032341
6566,2,2021,5,973302,156250,399551,1182657,240934,93178,1639391,3083441
6567,3,2025,8,507175,82234,247824,554820,237195,206155,893980,4512390
6568,4,2025,5,739246,365901,66868,2823911,241800,184958,798331,952258
6569,4,2025,8,554670,323727,137748,2845969,54735,379361,231972,3640224
6570,4,2023,9,871132,68700,152326,885149,132006,153001,1137543,3251689
6571,1,2023,9,143735,79435,143579,773927,196751,144806,1224129,4403320
6572,2,2024,7,992235,446417,101223,1368256,242603,337405,551642,4363311
6573,1,2023,1,377629,158279,360210,340007,167265,228916,1895107,2941147
6574,1,2024,2,933269,113427,192689,2796570,101592,341152,327730,3186237
6575,1,2024,12,187306,263834,341910,366949,178794,285766,1478255,1413801
6576,4,2021,4,756257,479404,212614,2230862,148877,170136,221777,4808672
6577,4,2025,4,394000,475266,395848,449010,182879,274452,1129195,2087819
6578,2,2023,2,360157,284674,56623,2754599,230515,318904,1739642,2904669
6579,5,2021,7,198177,426222,149836,1776872,126085,73927,280152,1069670
6580,3,2022,12,354490,203836,279349,2355358,183873,164468,371005,3784051
6581,2,2023,2,284427,306819,141844,2516868,232542,178490,615245,2429370
6582,2,2025,11,940619,117020,217450,391878,172905,355277,443348,2920730
6583,2,2022,2,619466,387108,110925,909976,271883,219744,812714,1354651
6584,5,2024,8,391762,497494,256045,426138,65799,211671,1223831,3274258
6585,5,2025,9,887550,150698,90338,1927907,113706,310598,1319358,3392674
6586,3,2025,8,155938,474570,355494,2440713,293236,370261,223088,1218429
6587,1,2021,3,786972,212765,112348,2382601,200337,247661,1645108,4988800
6588,2,2022,8,565784,316021,157188,1812833,243685,193377,894483,1457772
6589,5,2024,12,474103,208268,263288,1644846,150595,91039,537725,609416
6590,5,2022,11,931047,435647,91834,701175,77572,157294,1280775,4346502
6591,4,2022,1,146416,280475,299634,2229012,103597,72379,544057,4659634
6592,3,2025,3,436477,245442,86987,758030,129099,151170,786661,3142452
6593,4,2025,2,446027,474162,369960,2172260,145376,250535,361394,3259003
6594,1,2023,10,747294,184095,303203,2671698,274032,173878,978463,4272889
6595,5,2025,12,362992,173102,69218,1689229,286022,324055,676870,4110071
6596,5,2024,9,128017,127357,305235,1767146,61503,194231,615027,4762218
6597,4,2025,5,835429,123455,386633,2203615,143992,150531,446303,4414149
6598,1,2021,11,389517,392173,392191,666153,85033,288162,1309135,3087499
6599,2,2025,12,199820,496192,261430,628359,294971,235148,590399,529046
6600,4,2024,4,976470,66622,260281,1473976,276095,97892,1399016,1604399
6601,5,2021,11,993834,442680,366527,2522577,246892,272945,704378,2403601
6602,5,2022,11,507230,53886,346086,1388881,137364,228649,376895,4133469
6603,1,2024,6,721863,126590,324197,2108963,198351,268135,1242505,3113901
6604,1,2025,4,125665,374989,222380,519327,236510,393933,1420460,3572960
6605,5,2025,5,619534,279146,122565,1992832,78788,289286,1679142,2280492
6606,2,2024,6,536069,99262,70058,702596,233810,60111,939273,3823347
6607,1,2024,11,831795,165585,182893,2190334,186751,343594,574364,2040976
6608,3,2021,12,781737,313359,308639,2581777,203544,57220,1222525,1364842
6609,4,2023,12,318204,195167,75836,871670,91716,137513,974686,2739537
6610,3,2022,11,789330,433195,188945,2533123,134637,349811,352903,3351195
6611,2,2022,5,925254,216007,196190,2633541,248072,198633,710379,1809391
6612,1,2024,10,501269,102304,214766,2591108,249818,319282,889036,4847700
6613,3,2023,5,189140,436842,76492,2126709,101657,334466,1455854,1626578
6614,1,2025,2,939392,341998,148446,2531442,152246,265473,530969,1486593
6615,3,2021,9,629041,329156,162733,2440848,225257,224221,1010937,1952430
6616,2,2022,5,980061,400157,373456,832057,111952,259538,705018,3931114
6617,2,2024,2,333892,89314,76526,1962463,287728,297396,1791622,4197083
6618,1,2024,9,937506,311535,337992,649743,277406,255487,1826241,811146
6619,5,2025,12,773926,457352,88239,1215041,97777,387753,1444800,2842837
6620,5,2025,8,382951,349811,346262,2856258,273679,241969,439874,767158
6621,1,2021,4,435067,334355,108887,322662,122572,262838,995179,3874444
6622,4,2022,7,289758,416128,192480,984155,160833,335546,1872022,3019166
6623,2,2022,6,227278,129858,148507,2052834,79801,235080,870155,2347729
6624,5,2025,1,916466,70308,327868,2511508,299937,245372,1149072,3377256
6625,4,2025,2,483838,95279,96437,717040,69717,77220,483500,829839
6626,1,2022,3,264839,95860,77199,654135,212018,287374,985075,2098687
6627,2,2024,7,886677,364064,313947,675231,113759,270281,1555745,1439667
6628,5,2024,9,298640,322278,331437,1954748,89523,316730,1018549,3959788
6629,4,2024,2,158063,357423,325234,2568945,93679,212034,250774,4742982
6630,3,2022,5,556442,464871,287175,2882259,106034,199180,910731,1650513
6631,5,2025,6,774310,121801,285991,2623919,117206,127983,1187382,3779138
6632,4,2023,11,778533,175421,241416,2871343,121538,322446,1712112,671608
6633,4,2025,2,972198,208821,111478,706818,200862,226373,1143044,4214724
6634,4,2022,11,660894,362467,148637,2049456,95319,110961,1586806,4766476
6635,3,2023,7,890320,280337,112276,2313354,80280,87307,1539874,4519729
6636,5,2021,1,975793,461550,341863,2349234,278613,223487,275476,3985160
6637,4,2023,4,530213,362814,247152,2083624,181904,215339,1012822,3707532
6638,1,2022,7,932958,426201,219453,2789098,183663,128362,1282027,950859
6639,1,2025,10,745860,291563,186258,2929926,231630,292645,1811377,3463449
6640,2,2023,4,957612,115548,76840,949082,295237,358864,321550,2352548
6641,2,2023,5,508361,208196,244542,367027,164424,320341,1824812,4472289
6642,5,2023,2,633487,279905,159496,1160772,123943,137953,723271,1022556
6643,3,2024,7,884023,362163,281863,2311986,228734,135370,988237,1987076
6644,4,2022,5,745476,459521,158463,959701,199187,343281,565570,2982966
6645,5,2021,11,891291,327890,200692,1357627,159187,199502,494076,4929684
6646,5,2025,3,525886,409654,93961,1903541,73655,240880,1190598,872509
6647,3,2023,10,728108,296734,86221,862520,210551,208854,1002790,4396758
6648,1,2025,12,489261,108474,166827,1183196,76516,228330,1211895,1123316
6649,5,2021,3,369903,383696,287948,1122100,278619,350085,840356,1486339
6650,5,2021,11,500613,150780,214278,826474,111868,231154,582179,2309441
6651,5,2025,12,286511,163307,289039,1970809,183455,356595,1840160,4406681
6652,2,2022,4,974964,51917,168706,2785953,263920,183364,645745,4491174
6653,1,2022,10,767524,412876,324860,1011894,52808,202846,1978956,707094
6654,3,2022,1,706230,166791,320116,1655826,213878,190787,231632,4046218
6655,4,2024,2,678572,339598,319198,2290109,280588,58136,473818,3765779
6656,3,2023,11,752210,478996,339714,2289745,144452,289392,501941,3460436
6657,2,2021,8,866467,182510,122850,1520185,214222,125122,517530,2805221
6658,2,2021,5,855053,157212,306026,2735962,233161,79127,747273,3769108
6659,5,2024,9,486551,145553,204535,1523990,194669,215100,1583178,3733155
6660,2,2023,12,266706,376802,236220,2747130,117457,163773,1659028,1002179
6661,2,2024,12,891250,268050,83076,612645,225134,121932,1842029,2570015
6662,1,2025,4,216032,188929,338349,350475,180139,199086,978439,4770546
6663,1,2024,2,937333,220179,88821,2029040,108887,171243,1077509,4119778
6664,3,2021,8,605038,132308,358556,2055169,189615,265106,380013,1856018
6665,4,2025,9,723716,78757,304288,2961368,79359,82217,1087946,1180362
6666,4,2025,10,397063,473919,349825,1605996,256888,327334,442864,2862817
6667,4,2025,3,896755,447647,324848,1726287,108025,100247,785808,3385311
6668,3,2025,9,315505,293239,248025,2488120,164487,341601,313707,4589005
6669,2,2021,12,424783,229878,141606,1845050,120721,60134,1711713,3262477
6670,4,2021,8,899383,66484,288790,1205997,195787,188861,1524585,2957379
6671,3,2021,1,173089,176790,216473,2107100,240337,214579,1786805,3351071
6672,3,2025,10,101531,279291,260614,2367746,72978,295368,553074,4449682
6673,2,2022,3,825932,448999,178460,1955608,188394,160156,750937,2254057
6674,5,2025,5,190636,362029,361059,2328011,96251,319719,1932072,4309238
6675,5,2024,9,755907,497034,399071,1273265,177830,312839,1198332,701736
6676,3,2024,9,677756,137371,255681,2949436,209565,362256,980476,3828238
6677,3,2025,6,873749,213707,312929,951035,278634,251179,412230,722881
6678,3,2022,11,740667,349347,53763,1093087,151142,86376,300757,2057940
6679,1,2024,1,507169,250885,180663,2033818,131217,248260,1573285,884279
6680,4,2024,7,309151,399895,171054,1297683,178305,362075,287900,4706205
6681,5,2024,4,171681,180081,193766,1842442,142659,208635,1536908,1904513
6682,3,2023,3,783498,193320,58604,1984960,219065,237959,475511,3435104
6683,4,2022,5,392370,204810,216132,2032722,135798,130710,429764,1071538
6684,2,2024,12,401029,395460,180046,1527061,75122,95459,1733202,3390511
6685,3,2022,1,280294,270512,391661,2614924,196034,244658,841634,2871349
6686,1,2025,10,696607,277645,273883,555012,62936,217993,1416327,4100540
6687,3,2021,7,966370,163865,129908,2237578,247693,220160,752697,2418093
6688,4,2023,2,257461,383523,204777,956738,70445,74902,510775,4059170
6689,5,2022,10,703154,64647,181051,836067,216458,114323,348208,2577559
6690,2,2025,3,762743,444684,98160,2067307,174537,396770,1676362,1475389
6691,5,2023,6,577288,447115,239030,1426890,249644,189347,847612,1152882
6692,5,2023,6,748013,310867,348867,1943547,290361,74623,1307491,2956450
6693,5,2025,5,744490,177168,197841,1168865,289631,77611,1461159,4360164
6694,3,2023,5,303989,442586,55834,1143663,277020,170728,1318775,2715207
6695,3,2021,2,780496,247308,104676,2635992,134560,220716,1144636,4933060
6696,5,2023,7,567854,217170,162835,1151682,226738,213032,698562,4773325
6697,3,2023,2,976459,483260,304403,1130768,156590,395756,808023,4411279
6698,5,2022,7,464790,62205,277393,1947926,173794,370785,1258251,4118139
6699,4,2023,12,473121,127997,200186,1374516,196713,85329,1815160,3312080
6700,5,2022,2,927690,188054,302324,1031721,82014,79902,1023638,4537286
6701,3,2022,3,863790,449363,381249,2947810,190145,186428,706468,2068068
6702,3,2021,2,179452,172327,170991,1363786,285450,255842,205734,3614054
6703,1,2022,10,864245,484724,177474,1406963,250268,264880,1537408,946841
6704,2,2025,2,900865,214432,178465,1177185,124574,109633,1319610,4358230
6705,4,2022,10,132560,352366,331933,2249579,170401,173686,677158,4558661
6706,3,2022,8,276951,403287,231435,1361776,214554,110304,1344365,3542893
6707,4,2023,8,862544,326196,172273,1745450,205835,343402,1478844,796116
6708,2,2025,3,406979,473170,321615,859778,161476,298101,215058,4015014
6709,4,2022,6,200976,392484,78572,2339526,199511,157514,695820,667963
6710,1,2021,7,545004,263316,265221,1783821,106152,113133,661557,1567652
6711,3,2023,6,507409,101745,103310,2116896,51650,214449,1413648,3453897
6712,5,2024,6,518000,319787,366872,714373,179009,240599,1960624,2638045
6713,1,2023,8,721972,162695,278545,1774681,212485,152708,841790,1887159
6714,3,2022,11,177832,371446,60921,2700053,276497,370806,548605,4313215
6715,2,2022,1,219182,93383,182742,1940990,254802,160058,283848,4806781
6716,4,2022,3,233400,98753,113614,1419616,234213,296191,1990219,2908866
6717,3,2025,12,861933,419864,391293,2767866,77139,220938,218736,3745833
6718,3,2021,4,866083,165888,190199,850843,222568,385399,1708828,1436308
6719,5,2021,11,643871,67189,162519,1056759,205172,253092,625065,2058748
6720,1,2021,8,653699,82110,184964,2447351,129822,218039,1856996,2252789
6721,5,2021,3,237208,372416,286344,2361698,178604,182377,1501295,4167166
6722,4,2023,5,662914,53696,290526,2869025,250471,199141,1442562,2503803
6723,1,2021,9,692182,78349,256422,2865987,63824,363783,1065147,3254076
6724,2,2025,4,624792,79559,230680,1769751,189245,361754,651123,2646791
6725,1,2021,7,693904,425567,215014,1999900,263922,232501,1682894,3152384
6726,4,2021,5,821552,439085,129661,954152,89858,315594,1449779,4528196
6727,2,2022,1,645026,395967,66543,1130862,71095,262494,437799,653919
6728,1,2022,12,644926,262082,315955,2442180,154133,108294,1121440,1686158
6729,3,2025,11,126992,216341,55796,1636407,131426,355673,1129985,2713548
6730,3,2021,10,317030,388216,265752,2443699,284256,287349,304297,4037984
6731,2,2023,4,111468,276659,50846,982279,56639,186962,1039268,885989
6732,5,2025,10,271352,193286,50960,1890099,58841,372872,1986954,605256
6733,2,2023,2,464734,481642,378420,2510691,93397,181363,1081100,1877632
6734,1,2023,10,497031,204147,395054,1962952,183116,73345,1964555,3944758
6735,3,2025,2,840190,97033,124904,2134968,166637,367981,849021,1370550
6736,4,2024,12,677741,165696,155145,1327398,283520,177478,1692494,3558738
6737,2,2022,2,622509,197322,296010,1601388,155442,102176,1584019,4248901
6738,5,2022,11,328130,298933,385679,1671691,143029,87257,992196,1044801
6739,5,2024,9,878006,485625,156297,808622,227793,120586,1566031,551518
6740,1,2023,7,384303,217315,341767,2749537,227625,308601,232542,1957039
6741,5,2024,8,464569,386080,231161,1455414,276391,229780,591863,3002011
6742,3,2024,12,677433,325688,200513,487340,232879,79498,597744,3122204
6743,5,2023,10,682497,417457,226204,312267,224920,362254,1141006,1896330
6744,1,2022,1,911445,368052,316160,1309214,264694,308884,1526232,4203892
6745,4,2021,5,480639,297435,182461,2503803,265430,248778,1059141,804207
6746,4,2021,7,251351,168064,365046,532564,189769,127822,677544,1747350
6747,2,2022,8,757541,314838,163197,892803,197051,231963,763775,3412978
6748,5,2024,10,390468,422817,284935,1038543,294351,55498,1841426,1532648
6749,1,2022,12,762416,428548,211731,2326140,192678,67587,1279679,3639572
6750,4,2024,6,366623,188780,65160,1612399,197922,138981,571515,1741036
6751,2,2024,6,277422,315541,323177,2936180,292408,384788,855775,2730887
6752,5,2021,9,808678,183701,63410,848139,62336,163980,1019111,4839229
6753,5,2021,6,166869,145960,298827,2646907,166267,67739,396996,4692338
6754,5,2025,9,669287,222092,217836,2021031,293479,375933,666542,4665441
6755,4,2023,12,515403,478094,168603,2006074,155689,137533,1257704,4676412
6756,4,2024,7,244161,481655,129386,2555912,107346,139701,708520,4932211
6757,1,2021,9,223641,358321,155336,453333,162083,128663,234675,4625791
6758,4,2023,11,502745,481851,199258,1698875,255642,194132,1043179,4467495
6759,1,2025,11,532541,345761,125840,2096240,195183,195890,1507351,2959604
6760,1,2022,5,551200,489203,183097,863143,233574,135850,1737392,4672789
6761,5,2021,2,249441,249395,128996,1818360,62020,372109,1858707,3768888
6762,1,2024,2,719489,173933,346509,732987,209343,198612,799295,4550241
6763,5,2024,6,984112,423616,122500,1997096,181230,270136,1063577,2500831
6764,5,2022,7,529106,62137,373667,2994594,168640,86409,318518,3394189
6765,5,2025,2,258737,437058,234454,666297,260247,73990,564846,2896574
6766,4,2022,1,857870,356861,103465,2265694,196730,325363,863557,590934
6767,5,2022,9,820508,390640,283354,887032,112658,189128,664762,684518
6768,4,2023,5,764621,337375,155211,2454787,228968,304810,1350075,1577049
6769,1,2021,9,756103,209413,393077,1443958,86133,276075,397447,4964536
6770,5,2024,7,579467,101773,119372,1678735,113048,66188,858814,2602373
6771,3,2024,1,547912,471900,333281,1700461,233752,157886,1785585,539000
6772,3,2021,11,641320,159957,173589,2864435,261641,326858,599095,1736739
6773,3,2023,1,228027,82805,86794,2229181,260821,88047,1719361,4586987
6774,3,2024,8,373203,221939,129749,415643,182078,286708,1146375,4195206
6775,3,2021,2,123025,147677,101956,367032,160971,315996,1708753,1979408
6776,2,2024,8,708294,349886,111936,392890,82862,133751,1551615,4541790
6777,2,2022,4,662386,51327,149127,1490004,219232,377238,844619,763412
6778,4,2024,3,334813,224389,76989,1185089,99436,234029,1702547,4768341
6779,3,2023,2,681780,246837,246352,1356357,97790,328396,387180,2502622
6780,1,2022,5,586973,210798,277519,2456717,91109,157683,1198034,543886
6781,1,2022,8,650827,75183,319917,518285,248801,386157,1482636,2306552
6782,4,2021,7,139761,480105,276805,1322968,219925,162672,293042,3498145
6783,5,2021,5,317317,183086,274378,2662511,177262,337023,319072,1632137
6784,5,2023,7,192362,458081,99616,578130,194639,357158,1279994,4729520
6785,3,2023,9,459312,293036,343265,1362391,144175,339914,274786,4562582
6786,4,2024,4,575012,468542,252632,2940518,203768,141421,1346714,1574380
6787,2,2021,1,727308,168839,235446,621853,167979,255412,1022557,4843529
6788,2,2021,3,885373,245821,100250,2845853,203543,313448,528434,1832300
6789,1,2022,1,893168,115090,229343,1604619,111323,336327,1802725,1713810
6790,2,2024,8,335782,140770,281128,909730,143826,88977,407436,4264679
6791,2,2021,5,628719,56701,369372,968929,221005,209593,1692855,2061668
6792,3,2024,5,303039,66433,319266,1584034,299993,283374,287395,4914238
6793,1,2024,11,867668,205648,163227,1405792,156085,120785,1237086,3899951
6794,1,2022,2,137520,400683,300027,2971263,105993,56592,499704,1435546
6795,5,2021,4,197219,397070,210748,2767039,232727,223169,1329457,2664740
6796,5,2025,4,529378,492921,319358,1675201,50269,312719,1280118,4491538
6797,5,2021,9,341230,405025,399950,1724433,83584,195498,273644,3791589
6798,1,2022,5,531259,254048,370885,973616,107728,372982,1115603,2841582
6799,1,2024,7,249989,158449,185849,1073710,76593,364130,1132933,2522935
6800,2,2023,6,327235,166427,305433,1744191,247726,178431,1565048,1057031
6801,5,2023,9,972247,118887,69680,1021103,217628,384818,920556,4085114
6802,5,2022,1,393066,157502,64101,1810860,87960,287550,1077772,2342092
6803,3,2024,7,384764,402606,180728,2495020,150101,51403,1906926,4368928
6804,1,2023,7,963035,328083,267598,852384,195551,99010,398707,3256034
6805,5,2024,11,398616,169390,75144,746991,82533,234866,1169067,3879428
6806,2,2021,8,105123,438412,159377,2975068,216791,106661,502050,2043575
6807,5,2023,7,705428,242785,318713,1802306,213862,300483,883279,3838214
6808,5,2022,2,720144,184971,196189,2988824,238785,314093,1398208,2961470
6809,3,2021,1,817094,437973,279784,1339754,284287,153600,1135385,3571799
6810,4,2021,2,136809,231364,305636,616659,120073,345211,998052,2841464
6811,5,2023,6,988259,161394,187316,1554916,112201,71962,646261,744081
6812,5,2021,5,926905,296339,87180,711694,92560,130410,845662,3994374
6813,5,2024,5,767071,297666,79486,1709571,187976,52991,1352018,3150835
6814,5,2024,11,558173,123936,90509,1415277,129498,374921,1974547,786827
6815,4,2024,9,390348,309866,293971,1298889,86405,304453,508923,787856
6816,2,2023,3,852155,60246,281851,668771,64811,198240,1249005,1215085
6817,3,2024,3,257593,474812,131437,1475907,146746,378308,1821017,4105797
6818,5,2021,4,525822,137948,161850,778571,219099,105154,1320826,4381794
6819,5,2022,12,492950,73337,243534,1592688,78879,116804,450413,4252980
6820,3,2022,10,272664,233452,84459,1619994,127957,335343,1040903,4443499
6821,1,2022,11,849437,125093,211848,2011589,157397,110558,1717225,2250416
6822,5,2024,2,487526,455745,300562,1816477,99290,118557,1552802,4242067
6823,4,2024,8,682718,453951,292047,1600328,179486,257237,834477,2078465
6824,5,2024,4,163397,184199,328642,2385640,288975,245464,517299,2406665
6825,2,2025,8,304044,237300,185253,849448,74941,105479,1578156,2256984
6826,4,2021,10,884644,124082,396231,1380768,106258,173669,1844697,2270395
6827,2,2023,12,535482,259330,361146,1442537,163824,57407,1252309,3981381
6828,1,2022,10,889283,462853,263653,1220744,229010,333138,1445441,3129305
6829,5,2022,1,236813,82198,126634,1767719,121422,318761,1735429,2705327
6830,3,2024,4,789632,267463,188067,1433363,123711,353115,1574482,4889200
6831,2,2022,7,752943,453385,165481,2511517,93450,397210,1781135,660095
6832,2,2025,6,459989,290408,67201,2482791,89664,210581,858547,662990
6833,3,2022,5,817161,485388,378590,2090677,234693,251755,681869,3462831
6834,2,2022,9,934647,155713,363048,781288,121153,273764,412786,3667752
6835,1,2022,2,782164,347038,56324,2494314,121775,350117,1552833,4118304
6836,3,2024,7,210904,431859,382816,2100732,119242,166623,1937875,860198
6837,1,2021,8,376095,177013,326753,2211258,246560,112428,1216215,2198797
6838,5,2023,8,472092,143490,137910,558361,132198,104853,591723,2670299
6839,3,2022,6,500154,295880,176787,2932458,52944,385516,1995686,4422907
6840,2,2023,12,373918,482603,65469,638125,93436,273110,1496279,1697892
6841,4,2022,7,912954,276121,161815,2326085,57821,318780,541647,2048425
6842,4,2024,5,450619,463999,82823,1677879,243941,283061,912352,2632670
6843,4,2021,11,136032,479715,171548,370938,94889,258816,567971,4233205
6844,2,2022,7,955888,174945,351253,1548636,235065,378949,266259,3430055
6845,5,2025,9,816968,465803,200787,2670335,90299,80409,1139135,1506195
6846,4,2021,11,530948,158537,284495,2202575,97300,359616,1136574,3211951
6847,3,2023,7,666197,254340,115968,1497455,67222,319933,805652,983633
6848,4,2024,7,695437,331166,338558,891361,235854,301400,629696,2410694
6849,3,2023,12,261617,301646,376205,1748594,78619,148641,691893,4951856
6850,5,2024,3,399703,191789,155919,2171549,200476,198197,1099791,3888625
6851,1,2024,3,187763,432462,88236,2252878,217081,286590,1173002,589734
6852,2,2021,2,364412,308907,302249,1558553,298770,366819,865738,3391757
6853,5,2021,2,770904,357939,162830,333157,257812,389482,1120704,1732405
6854,5,2021,11,591216,185181,300134,1341003,143621,368233,1819118,1996646
6855,1,2024,10,879528,319487,179887,2729922,280971,305837,1482630,4924287
6856,3,2023,12,564869,359238,387114,1101782,117977,198269,1555519,4234103
6857,4,2023,7,453298,492704,238065,2962277,259096,381865,429923,4480789
6858,4,2024,12,981821,483645,264973,1262374,67008,317845,963928,1506521
6859,2,2022,9,881238,236144,159568,2117246,90407,329724,1077768,3616702
6860,2,2021,4,507923,135730,397966,2698532,261642,162052,586349,2760082
6861,3,2022,6,409339,345038,99900,2337743,248317,152752,1055171,1947048
6862,5,2025,8,430688,137728,138461,2760283,55122,280926,1255710,3004910
6863,1,2021,10,975093,432805,317231,363807,60078,283998,955574,3711645
6864,2,2024,2,963595,366136,79772,1366428,130110,341998,646305,3760297
6865,5,2021,7,197389,471299,79429,533310,108136,145776,427929,3851338
6866,2,2021,7,514142,175620,181820,2583280,139960,103965,1156622,3792165
6867,5,2022,2,118805,385780,86320,2834507,192284,149704,1448723,4736824
6868,1,2022,11,661236,480336,304161,2281405,164528,305534,1933947,3938809
6869,2,2024,6,722183,119074,223176,2008563,77359,95754,1544245,4357503
6870,5,2023,1,191047,269903,187777,940845,254879,145520,1704549,2151613
6871,2,2024,3,420247,159199,370249,2371523,121586,64360,1763932,1089030
6872,4,2024,8,578523,337556,299039,1507588,119172,314485,1343730,797817
6873,2,2022,1,268079,224019,165916,2312242,170603,293096,566500,1717810
6874,2,2024,3,699664,159572,256389,2888336,251341,179860,1723576,818688
6875,3,2022,12,130513,463451,348447,2857982,173191,227385,1690808,569737
6876,3,2021,3,866883,367754,242253,2919351,56257,343868,230846,740432
6877,4,2023,2,589660,278653,291898,1462983,74012,386090,1509618,3248018
6878,3,2022,1,191089,484487,342209,1058962,143569,278907,1314912,3247439
6879,4,2021,4,208456,407900,261981,986571,95228,359620,1786962,2243222
6880,4,2025,12,392470,245925,294407,2846246,154397,309013,321170,4261016
6881,4,2023,9,578230,440673,315553,765432,277693,378087,842827,798640
6882,2,2022,3,720836,434533,325288,2462968,206712,354089,1469466,3108055
6883,1,2022,6,948632,53297,314523,368124,141096,204227,1745969,1289154
6884,5,2025,2,536309,408584,173404,1920081,281142,114228,608010,2390944
6885,3,2024,8,244091,185029,138120,2407785,230591,325365,1697996,3046931
6886,3,2022,9,703082,306624,305199,823263,181421,174986,1110838,2970804
6887,1,2021,8,440349,391735,262939,2058958,233982,334436,1659460,4582330
6888,5,2022,4,857909,485205,300150,1996138,270910,116224,805863,3412431
6889,5,2024,5,134615,361074,152344,396750,234800,340015,1758010,3447552
6890,3,2022,6,735485,199063,236848,1493005,105670,181242,372880,2399134
6891,5,2023,5,725486,88241,342210,2960493,179023,195635,1343577,1457774
6892,1,2023,2,584514,186300,380337,1133501,296419,379383,1828411,1508803
6893,2,2022,10,208436,225341,82420,2063707,270738,367378,1616530,2618325
6894,2,2021,10,888987,319098,62278,1105096,199595,182694,1170842,2622927
6895,2,2024,5,949167,485232,236906,485279,104166,149559,1329873,3962995
6896,2,2025,12,987985,62905,127646,2912954,149362,368945,543886,2727426
6897,5,2022,11,155915,491302,345710,748104,256072,181657,1365207,2715506
6898,2,2025,12,646155,240582,344352,1428981,147573,127055,809050,2335419
6899,1,2022,8,956763,248836,332396,894661,233081,339382,560464,2847926
6900,4,2022,3,209982,253011,87158,838815,108531,331956,759476,3721883
6901,1,2025,9,744165,164736,128452,534519,90084,130079,547229,3649172
6902,1,2021,7,986273,136491,223940,1372163,82622,354329,249747,835735
6903,3,2024,8,224547,112484,68676,802883,85090,305232,1148668,2556773
6904,3,2025,11,746727,290980,381521,1075632,194750,134794,1527474,761012
6905,1,2023,8,544892,287243,342797,1145630,285619,242066,1556903,3994748
6906,1,2024,3,603537,131530,99054,537157,102043,309024,1002884,1214809
6907,3,2021,3,660489,148502,355858,718789,53742,71434,1849410,1931300
6908,2,2021,1,547633,299991,61525,980849,107560,397080,1328426,1519551
6909,4,2025,7,948939,381119,307814,2812041,113092,349637,591999,1558904
6910,2,2023,9,674752,166521,328448,322760,154654,278178,1129226,4786115
6911,4,2021,12,729578,245023,199206,1251276,192880,205275,686656,3063154
6912,5,2023,3,235801,334043,256111,2047720,107708,51000,807923,4989639
6913,2,2022,11,217962,430142,81173,1768605,245819,87081,640497,4382493
6914,4,2023,8,780180,279092,230288,1095111,202788,103675,1947236,3534765
6915,2,2024,10,141898,121532,351417,2183939,156640,368300,1977581,3511487
6916,4,2021,10,759067,493740,323787,2089113,281722,127470,482261,4986660
6917,2,2021,8,712996,243688,337915,2263257,198193,311245,588311,3833393
6918,1,2022,8,296337,447378,240572,682319,93643,52561,935954,1382634
6919,5,2023,4,294978,133463,124780,1533607,289303,298896,1707185,624742
6920,3,2025,4,970663,73499,184317,2411140,140374,218054,1711660,2316365
6921,3,2025,8,555112,180141,136528,2129018,150420,334420,1781429,538622
6922,3,2025,5,700730,175538,226150,1229794,103917,141194,978619,2014280
6923,5,2025,1,665547,475889,333390,2601024,154236,224987,1799381,1936207
6924,4,2025,9,821620,113118,155364,2019481,188708,211161,1969655,2586406
6925,1,2025,1,113226,414172,85494,892577,83632,88259,724995,1966050
6926,1,2021,12,892892,393213,394576,2190495,184926,52997,853914,1196946
6927,1,2025,4,117881,381462,138924,2283713,163803,219064,921470,3630590
6928,5,2021,8,299672,139652,279041,1565388,73415,50594,237784,4965216
6929,5,2021,10,617097,331091,67173,1514969,261788,167642,1852811,4381038
6930,4,2024,4,546861,95900,382497,2744218,210776,369947,1200872,820579
6931,4,2021,3,882920,214736,173744,2093780,175059,97487,1083484,3771230
6932,1,2022,10,321159,414469,181585,533936,207140,267941,1975240,1834242
6933,3,2023,6,459341,400769,328395,2724788,67449,136023,1185910,4098671
6934,5,2022,6,596465,147744,341936,1186125,218007,81129,1325369,4397145
6935,1,2024,5,511382,68071,138336,2211564,143732,330573,1793908,4383467
6936,3,2023,5,651788,196286,338936,2681545,219766,264615,1209367,3259737
6937,2,2021,7,153613,373719,267777,700238,113689,163610,1335035,925209
6938,4,2023,4,870027,421209,56510,2725690,165896,166847,270256,1326575
6939,3,2025,4,240502,188835,238374,2441982,277523,233659,1576066,1559914
6940,5,2022,3,907151,491173,54927,1523185,123093,322045,1656438,2902147
6941,5,2025,9,452347,274941,223450,2538547,126077,107297,896446,859598
6942,2,2023,2,170418,344787,356458,1949884,253558,322120,1351411,1759636
6943,3,2022,8,305240,309443,87339,2292073,176510,289673,788829,1315700
6944,5,2022,7,248193,112782,251949,798050,129461,353072,576124,2134148
6945,4,2025,1,126550,244436,148988,1341348,99120,337809,1520071,3168559
6946,1,2022,2,455302,326554,345779,2659364,93349,272865,658497,3942281
6947,3,2024,12,416928,55031,356760,762990,235436,238292,1233649,4358469
6948,1,2021,1,517849,480076,297347,1687828,236434,349510,881829,697469
6949,3,2025,9,357100,66149,84273,1854413,157579,391340,1711655,2913409
6950,4,2022,8,829530,350867,300809,2887422,215841,176486,569844,996574
6951,1,2021,2,672503,400974,393685,1681883,75077,165123,1001968,4973461
6952,1,2021,4,915638,495279,151602,728584,182372,96323,1314079,4051048
6953,4,2021,12,790738,220214,289853,1009319,68164,200897,1667507,3197734
6954,3,2021,12,534021,232590,107618,1256919,70751,309611,1060928,3633501
6955,1,2023,5,255650,351390,314659,1703729,174755,224507,954434,3561063
6956,4,2021,8,515061,456305,148529,1817510,278774,215271,422375,2506606
6957,5,2021,7,251883,230229,387143,1117722,203309,120621,350100,2822024
6958,1,2023,7,775562,269662,76185,1719139,109419,338198,812515,3544278
6959,3,2024,2,610968,151701,231188,755176,173995,353930,1118366,780595
6960,3,2025,12,618616,499369,76049,874519,87822,176882,512348,2656728
6961,2,2024,11,806903,384239,221005,1765707,112574,88757,751477,1969307
6962,1,2023,11,516696,187661,399421,2437136,110341,87887,1901982,1445792
6963,4,2025,2,196977,479697,206352,1605605,115656,318814,952963,1843586
6964,2,2023,12,459102,395293,366590,545928,50494,139876,1487022,1698961
6965,4,2025,2,866600,445517,153943,2695783,106566,288173,335276,3504971
6966,3,2025,10,421300,246393,247808,436887,156561,224935,1828343,3055689
6967,2,2021,1,377529,432870,338043,2974634,153252,394547,321932,1219054
6968,3,2025,8,640597,332796,348965,676691,154505,105607,670052,3223348
6969,3,2024,12,481493,73594,144208,2098231,62589,156635,537968,1868465
6970,4,2024,4,396154,418341,260199,1437573,63261,77544,818567,4792435
6971,1,2024,6,396538,343910,186178,2089747,277269,256138,1922743,4953487
6972,4,2021,9,725094,322952,106634,1600002,200634,102263,1661616,4774727
6973,2,2021,10,711662,230973,236413,775156,225612,143710,1342627,4097866
6974,1,2024,3,780710,278314,256936,2160574,299578,100656,1452096,2623823
6975,3,2024,4,884140,170121,72595,1302135,68202,346541,843305,1016961
6976,3,2022,11,414317,345030,89677,1617039,99097,252674,1008820,3582745
6977,5,2022,1,185591,330375,273321,1494461,51301,308254,835594,564458
6978,3,2024,2,335338,235836,167549,721592,114304,99305,1665210,3964788
6979,1,2022,10,674296,152735,355200,988738,125619,325715,820318,4012250
6980,5,2023,7,382548,206987,344815,682808,176693,302799,714277,3046306
6981,3,2022,6,556046,286586,323606,1756641,116571,232023,357509,2617438
6982,3,2024,5,278071,322847,334239,777786,127434,67429,338394,687375
6983,5,2024,3,960019,210651,378561,451559,156097,165891,1490891,4638025
6984,3,2025,1,454394,450644,71236,2471258,50757,309871,1026748,1149818
6985,1,2022,3,831430,212981,51194,1275338,73347,380959,441743,3194195
6986,1,2025,6,848693,101862,66647,1588587,85512,75201,1621965,1008631
6987,2,2022,2,795219,389777,69188,2258342,185103,352800,515174,1999732
6988,1,2023,7,624932,273719,264707,749199,275193,306409,959862,3207083
6989,5,2025,9,746702,190383,166137,712742,228710,319036,1830307,4579333
6990,5,2024,11,162086,154649,157540,1600527,99757,364106,1080516,3501279
6991,5,2024,9,848333,371387,284833,2973889,197620,138343,1361972,1390610
6992,1,2023,4,165690,177500,147169,966009,232642,280813,1305230,648971
6993,1,2023,7,499157,116027,247446,2796347,205088,106882,1945114,822424
6994,5,2023,6,823842,461746,69439,1676691,50654,317768,740485,2991947
6995,4,2022,5,183867,87347,307749,1378672,96221,98734,1185603,1338723
6996,4,2023,6,509987,483508,233947,479318,126738,391456,1078326,1700822
6997,1,2024,2,672474,315225,268926,1239326,146946,187635,1892628,1300634
6998,1,2023,8,749493,144504,117936,1038388,279194,301651,1511995,3286372
6999,5,2023,1,164386,124179,67038,1437547,283448,173988,390136,789510
7000,4,2023,10,496421,263626,301462,2913597,87130,157926,980436,3787726
7001,3,2021,9,739024,264453,300348,2028153,116385,183207,1120161,2269498
7002,1,2023,11,161249,323911,77282,1151566,106646,259139,882450,4370704
7003,1,2024,12,194145,289819,53578,2047627,62215,120216,1092474,1794494
7004,2,2021,10,999848,470280,312986,1737742,186276,107867,1322383,2331997
7005,5,2024,5,924921,388587,197045,1451193,241178,303742,588190,3546404
7006,1,2024,3,445878,179548,302647,2023843,172512,240901,1756483,3610356
7007,4,2025,3,990293,120281,132054,1206062,54253,179848,851129,3031849
7008,5,2025,11,813265,375217,376240,1712512,85029,191159,1689831,2281440
7009,2,2025,9,292328,278512,291137,1704143,176456,73186,617268,2602124
7010,1,2021,5,642883,264346,94962,1876361,258915,110525,1178515,1780230
7011,3,2025,10,154925,134513,197493,1606343,146952,324466,1547490,4017244
7012,4,2025,11,802131,361137,203513,2628872,299511,352185,1879614,1905703
7013,3,2023,2,176653,83422,281279,1548247,232102,250193,1534137,1565707
7014,5,2024,8,510642,56001,108308,2640908,53116,104588,1656996,733848
7015,1,2023,9,725433,112753,313233,2135528,259386,302147,219443,4976280
7016,4,2025,6,543077,404932,237547,2246293,217431,86353,620880,2319015
7017,1,2022,3,935441,439234,128020,2277775,101228,238795,242981,2638970
7018,5,2024,8,501569,347511,356362,649414,264468,378788,1633191,3014437
7019,2,2023,10,808029,332063,225629,2650369,60942,330666,359188,3100871
7020,3,2022,7,631949,288733,74598,1284804,253893,153998,1280851,2333235
7021,4,2022,5,112077,399738,320829,1434022,127583,92943,307465,2064098
7022,4,2025,9,628440,86308,191273,2752742,179295,321036,1025523,3055134
7023,2,2024,2,310308,301565,316944,2122921,125233,198795,909301,2133191
7024,5,2022,3,839341,475066,276546,1372020,167368,187191,972664,1978609
7025,1,2022,3,473140,109750,59107,565688,128240,181540,1890817,2472210
7026,1,2023,7,964810,227562,270247,2832562,223593,363237,271846,4733794
7027,3,2024,10,450431,284215,380340,973728,153096,329816,1531284,2102490
7028,2,2022,7,346520,378352,169494,1641422,110482,139221,955650,1795758
7029,5,2024,4,919028,406258,129566,1030825,173055,266264,1253229,3343954
7030,3,2025,7,538604,153511,142177,1944862,201452,373708,526830,3119587
7031,2,2024,10,490136,351313,352501,662728,251243,164003,1484414,1433403
7032,5,2024,12,483615,449428,335733,997552,133492,240864,900059,1807497
7033,1,2023,3,963761,474437,229310,704410,127332,237695,1417799,2583413
7034,5,2023,4,242025,236080,269203,1662941,157328,387913,1594554,2071839
7035,5,2022,1,131106,68723,221295,1685139,196180,287599,1594685,4989879
7036,5,2021,1,264207,98604,53626,2182286,240092,80797,1918160,3561625
7037,2,2022,5,452545,452232,202788,2130382,130388,283806,926234,642732
7038,5,2022,8,219879,398414,150359,2576819,275930,282598,1770080,1556579
7039,2,2024,6,520629,458266,337484,1116533,111977,391083,1992434,4722333
7040,4,2022,11,570409,309237,284372,1121013,120110,202208,1534869,2805493
7041,4,2025,8,718420,424798,336391,1605080,193702,110044,431177,3899899
7042,1,2022,5,937780,413437,99930,1935969,60958,215370,498104,970444
7043,2,2022,2,898863,82400,120531,1008466,151281,390839,813084,575179
7044,1,2024,12,618612,180830,285910,2748420,195064,111170,1977366,1896147
7045,1,2025,8,165172,184485,382834,2666979,211845,243867,977854,2645286
7046,5,2025,2,824936,411550,58182,1168343,194771,251111,601389,2433543
7047,1,2021,10,299183,166374,197815,466251,235162,363800,916799,1190386
7048,5,2024,2,388465,104485,158130,1335720,156115,301927,511745,3602781
7049,1,2025,8,447549,80569,239751,2417353,195021,191767,1276539,2315254
7050,5,2024,9,524014,149387,243021,1639320,265167,184969,333876,2657975
7051,1,2024,5,560720,385709,80987,936704,274478,183679,1497551,1599326
7052,3,2022,12,935796,118667,173363,1098465,298643,92781,1885677,2195586
7053,2,2024,1,981400,305862,67497,1911482,143007,126976,1527225,2918579
7054,5,2023,5,435404,415268,305999,1150530,288866,81701,1225685,4926575
7055,4,2025,4,227972,468790,384340,1980739,265520,364623,1797910,3909127
7056,2,2023,8,798937,387778,99255,1338358,64046,264357,1024095,2928160
7057,1,2025,7,229523,217347,83392,1236685,227489,395945,618078,4260092
7058,4,2021,12,130537,477300,201116,751571,158178,380613,1092900,894363
7059,5,2024,8,117899,292504,112384,2646299,81052,122663,228316,4207158
7060,2,2022,7,223035,447407,284588,717332,71981,237315,407495,1002028
7061,5,2025,4,311544,226029,233638,834661,264088,304552,1205969,1248336
7062,2,2021,10,307231,138354,189539,2541397,57871,230624,275143,4451038
7063,4,2022,12,246653,450038,264230,754585,274747,76378,593225,1277644
7064,4,2023,2,573027,96768,243490,1658509,227595,136145,1476397,1841529
7065,1,2022,6,901432,168463,172556,1311808,249608,281807,466039,1053852
7066,2,2025,12,651045,293923,282485,2459497,75990,253039,1249175,1318095
7067,1,2025,3,164162,98979,224878,2149823,121189,343994,635083,1092116
7068,2,2025,8,131234,65302,116508,700143,274339,304957,1673649,1313107
7069,4,2022,12,161553,395547,201078,1993947,135424,130315,515374,3203517
7070,1,2023,12,542815,369121,334488,1857480,239736,161633,1250971,1611859
7071,5,2021,5,191779,398173,331287,1004678,119869,85285,1684063,973111
7072,1,2021,11,283675,302372,131318,1822694,162418,105239,1879826,3096864
7073,5,2023,11,678606,367281,233163,2959331,206006,271435,1770694,4135723
7074,5,2023,3,185030,270467,93620,478663,127330,376772,1566082,3524431
7075,4,2021,12,213983,387139,161209,603868,180601,328714,1279690,841381
7076,1,2021,5,803776,133056,225163,1567648,63164,388273,1890941,1352974
7077,3,2022,3,452851,181443,60988,1850175,103011,55702,1351202,4467821
7078,4,2021,1,741007,277501,57528,1742298,76307,231472,1538469,4888499
7079,4,2022,5,668286,435367,109473,2442768,87744,349919,1867417,1523313
7080,4,2021,6,167075,204101,297106,2288308,115713,336300,1482304,4683733
7081,4,2024,11,954510,289268,362204,1688151,266787,57039,1646366,2113433
7082,3,2022,5,140352,264041,52873,2712703,112006,241730,1039824,889008
7083,2,2024,9,196516,417551,113462,2595118,272340,330996,945028,2323401
7084,3,2023,11,781597,290623,56418,2439812,217964,277812,435774,1093315
7085,4,2021,11,221190,220737,216037,1438919,151066,277791,571117,4031099
7086,3,2021,3,918024,273954,110179,1532451,140760,296671,335755,3811028
7087,5,2025,2,830343,458877,372830,1230141,294686,67939,939889,1938681
7088,4,2023,2,362719,454188,279319,874701,279942,127533,1218075,3577165
7089,4,2024,8,558668,154969,191922,678980,157014,112332,357762,838899
7090,4,2021,1,528436,131170,152665,1869792,292348,75423,966963,4850203
7091,2,2024,1,385978,231491,250736,2789985,251933,314933,346125,2501056
7092,1,2025,3,418992,264556,96400,1192003,280547,317638,1260757,4160504
7093,4,2023,4,240292,114003,199342,1633334,250289,156074,599575,4814992
7094,1,2023,3,149260,459754,394802,2813554,77576,299305,784919,4447656
7095,2,2025,10,239106,136736,117890,1985737,170991,318757,1025838,4798521
7096,2,2023,11,620767,237968,308217,1134987,189230,243333,1394196,1341765
7097,2,2023,10,843039,53306,271321,1017759,201321,82393,1107528,2438382
7098,5,2022,8,451163,302579,181865,2174419,297276,51877,753939,4649764
7099,2,2021,5,238043,92791,211254,1804848,265441,121176,1646689,1300516
7100,2,2025,8,819229,434840,57156,1413463,139590,200157,235878,2875196
7101,2,2024,11,320485,485305,192689,1145463,138712,303825,1079507,1054719
7102,3,2025,8,223083,397065,192819,625922,249113,239724,1595179,881973
7103,2,2022,3,260357,404042,113704,2439988,131161,368453,567526,1956651
7104,2,2025,5,278407,477616,288473,1817558,227291,399129,786524,2613781
7105,3,2025,2,529392,114385,371624,1501940,133151,233069,1300073,3675199
7106,3,2025,10,555532,187425,361048,2069610,143202,389650,759661,4306234
7107,1,2024,7,413007,182119,161182,919968,68012,234265,512500,2379873
7108,4,2024,1,177680,364215,89812,1405970,122521,265529,1655073,3018479
7109,3,2021,6,674436,494183,171581,2381270,59724,103761,1252772,1921301
7110,3,2021,8,300843,273473,367624,2749055,89817,297859,1581980,3384846
7111,1,2022,1,928493,374529,363190,2259490,75757,336018,1372314,4335718
7112,4,2021,3,928678,154591,89614,2485918,146967,88331,717454,4638515
7113,2,2022,2,646000,171734,238500,2531659,147605,259902,1797506,2917601
7114,2,2025,9,376013,387817,165893,687199,200332,87161,1639308,1140212
7115,1,2025,7,630350,179553,240235,483694,240955,128006,682451,2351672
7116,4,2021,4,113667,213023,68823,847277,102741,300715,1080729,2439123
7117,5,2023,8,654596,207027,289466,2894964,119122,288622,1869674,2761634
7118,5,2022,1,390889,179225,379062,2011271,176066,394749,400169,4551115
7119,1,2024,4,338774,350218,256395,2338525,235374,199325,621944,4658771
7120,5,2023,11,527697,432856,324528,1296876,192122,92019,291554,3191264
7121,1,2024,3,323575,128236,355237,2418176,64131,288843,1073181,2001556
7122,2,2022,5,109748,272973,315868,1053116,181589,305464,1001448,4749462
7123,4,2022,6,832989,120339,194344,836784,161739,199916,377545,894902
7124,5,2025,4,364212,488346,218290,2200629,189816,355771,420502,4278659
7125,5,2024,3,152540,441403,172963,1412972,237380,249330,1248090,1243369
7126,4,2023,9,699916,414694,61223,2716721,191940,270548,1646266,2460276
7127,3,2022,6,865340,230960,214764,1099598,272785,265432,783423,2604435
7128,5,2022,8,926800,427390,70527,1094755,58462,101371,249301,555007
7129,3,2023,4,563556,456737,83478,2433222,187272,286900,1694236,3139028
7130,3,2022,6,881081,378528,378826,2698214,153018,288689,761708,2298741
7131,1,2023,8,343908,316494,318272,2398671,199195,378897,1375196,1609652
7132,1,2023,7,446511,446764,381792,354483,195852,231111,1336146,4358666
7133,5,2024,10,851967,405672,231363,1064642,152081,160646,681854,3543230
7134,4,2021,8,646617,67661,305750,1142336,84077,296343,1617317,3489647
7135,1,2022,7,266605,237718,236505,782774,190362,66851,1151488,2444846
7136,5,2021,3,575975,346814,243518,1526032,101797,276621,1642721,4923050
7137,4,2021,6,263127,327447,358073,405210,141329,198285,1031134,807350
7138,3,2023,12,652919,231654,58231,1138418,151002,360854,621567,634331
7139,2,2025,8,782915,400058,89469,2999103,72669,259994,1986787,2882087
7140,1,2023,6,406936,297331,123907,993322,236183,390895,277560,4253915
7141,4,2025,9,462605,309881,188579,780866,238122,309235,1326772,1545004
7142,3,2024,1,855057,116640,122353,522139,292494,51640,1710348,3437992
7143,3,2024,1,257645,322008,327334,1250640,95531,138174,1968186,2832692
7144,3,2023,10,746284,371168,262848,1029925,279813,392878,564055,4782587
7145,2,2024,1,621554,119286,369241,858126,228173,382843,1323981,2982759
7146,4,2025,4,896767,106768,149540,2742654,147114,129725,274746,4423414
7147,4,2025,12,389768,291986,363349,1743219,289063,347749,1011022,4069908
7148,3,2022,3,439073,456143,84200,2294467,55895,220025,453883,1783346
7149,3,2022,12,386387,299035,233574,2296290,282408,296171,674836,2040936
7150,1,2022,1,775745,492496,109656,2375520,258289,387730,1135543,963592
7151,3,2021,5,207337,491515,272670,2928307,159626,282540,554320,4133642
7152,2,2025,12,873043,488453,212608,2013468,184762,258018,1020586,2080462
7153,3,2024,11,488415,150134,231986,1498844,145330,382154,1098310,1878748
7154,5,2022,9,957328,85496,201574,1844048,75265,155602,1887965,3309624
7155,5,2023,7,717711,293673,113073,1670796,155712,339661,626807,2524873
7156,2,2021,5,356880,93556,185668,505844,194321,261046,1066343,2480436
7157,4,2024,9,610120,156301,387119,1899655,82633,291924,1172488,4656563
7158,4,2024,10,104400,166474,64764,2714670,149813,212098,1123742,3478797
7159,4,2021,9,927240,494534,68810,1143425,204794,220874,1738877,1849607
7160,1,2021,9,971139,240858,176206,1427918,170235,131546,963293,3945249
7161,1,2021,1,189769,317820,388475,1276616,151431,392328,691702,1409105
7162,3,2022,10,591173,470745,218662,2785221,248364,152837,309458,4574723
7163,2,2024,12,620733,293659,285147,637610,289302,270274,316980,3919320
7164,4,2022,9,995084,60604,200744,461318,233141,92666,998478,3033083
7165,5,2024,7,845974,320993,79940,1742137,73824,188937,836970,4512051
7166,3,2024,9,865184,130356,356543,1658056,111616,320327,503081,1972147
7167,5,2025,9,933505,363947,133499,2041849,215493,280216,1916745,1510948
7168,2,2021,2,771480,490189,86468,2545534,179869,135246,498072,2117109
7169,1,2023,7,223532,291971,355335,2234957,263649,69832,1265010,3119880
7170,1,2025,11,903270,198990,189561,2082684,228246,210418,1046601,2094075
7171,5,2025,11,335161,145309,100708,2769893,128184,162348,1415089,3830638
7172,2,2023,12,772658,464480,361988,2854518,99700,137654,1816558,4526475
7173,5,2021,3,776733,112083,173146,1063590,87411,144188,1961949,963614
7174,4,2024,7,713494,400088,355862,620106,192047,291846,373699,2726332
7175,3,2025,7,507778,437959,360981,2151429,186791,367208,1320719,1511464
7176,4,2025,5,404565,52858,385214,2560663,146025,137045,763825,4751440
7177,2,2021,6,863446,244825,190749,852499,92203,328531,1957607,2978364
7178,5,2024,6,390598,459827,190761,2606239,247030,53568,977628,2323404
7179,2,2021,8,827700,480520,320658,2703088,147247,95453,1306623,2971505
7180,5,2021,10,475668,403216,258120,685721,88776,246379,488660,3731753
7181,1,2022,1,284701,93725,360853,667140,76113,67103,1066781,4768351
7182,5,2025,2,920176,90451,219712,1164732,129649,379843,1628516,4012152
7183,3,2024,4,214007,371765,193829,1435353,273934,148327,1630376,4690563
7184,5,2022,12,283250,461937,166185,1079220,146432,79825,964608,1042451
7185,5,2023,1,793303,242688,373861,2182344,89515,202905,1991297,2369874
7186,3,2025,12,949261,315735,314179,908357,287175,316167,809849,2935130
7187,2,2022,6,226571,443348,174735,1743762,50168,366208,374225,4537366
7188,1,2023,11,374345,307018,366034,2394992,251488,156494,355065,3289868
7189,4,2025,4,163447,318090,162038,2599177,145346,214543,1307734,4401537
7190,1,2021,8,382775,393587,272587,2439220,293586,222527,422394,3957422
7191,3,2022,11,857859,255070,151506,2440231,269165,155518,354308,2524336
7192,1,2024,5,960408,456206,192341,1647556,193623,317603,817008,4823850
7193,4,2024,4,495818,284720,230544,429780,88607,182618,286072,3730549
7194,1,2021,5,588038,394861,216340,1361125,120174,293918,710046,2090026
7195,3,2022,4,254122,476902,276211,1253105,115156,211733,519358,3323064
7196,1,2023,1,448750,104211,197703,2312222,74490,392406,1584724,1670758
7197,5,2021,8,734325,293171,331034,2498393,274520,135558,1642844,4562136
7198,4,2025,7,213151,120801,274047,338118,63241,309994,323358,4374193
7199,3,2021,3,419186,404835,237442,2723510,96499,372412,895426,2817632
7200,1,2024,2,753258,86038,261638,2446510,116266,268802,595353,1201676
7201,4,2021,1,334278,428674,388266,2947213,295028,207232,1735403,1086848
7202,5,2025,12,399597,65344,250453,2357956,188992,375092,293863,755825
7203,1,2024,1,927813,461396,392936,426353,218484,135034,1444145,3115252
7204,3,2022,4,161756,471682,380276,1998349,203835,275396,1876950,2914056
7205,4,2021,5,226241,392892,191566,2044908,150186,194078,1313343,2045132
7206,5,2023,1,920113,370191,346377,2629357,203621,381376,1678601,1141601
7207,1,2023,7,551720,243652,216593,1514273,287959,345795,1165315,1586988
7208,3,2021,2,871134,340621,202539,935957,242619,226118,1884116,3103914
7209,2,2024,3,206740,272367,260578,2737062,108647,118200,1701646,2922525
7210,3,2021,9,483851,443676,133609,2260221,289513,53873,1629472,4334538
7211,3,2021,4,522941,191604,187053,1143334,172020,243649,1587826,4992659
7212,3,2021,6,957505,433267,286446,2791271,273705,300933,1219329,1755972
7213,3,2023,10,418362,497060,60305,2350688,219581,367689,432236,4017371
7214,3,2022,3,366661,156074,247602,396339,140824,174661,764012,2952049
7215,2,2023,10,704286,260568,256361,1697857,208582,334171,882805,886680
7216,2,2023,4,138991,240775,104146,1508693,62365,366413,330568,3267477
7217,1,2021,6,419160,403633,187723,1085335,72176,342898,1324956,2758704
7218,3,2023,8,769714,53393,157142,2515470,270905,64674,423261,1527746
7219,1,2025,9,450171,346748,286213,1539888,108273,239095,1405583,1180480
7220,1,2024,7,131595,310788,349123,1479976,51178,360537,1768644,2539678
7221,2,2023,4,348753,384744,79190,2551770,101701,192283,1846042,2440883
7222,5,2021,1,719927,86161,262433,2432100,272621,327743,1171327,2463567
7223,3,2025,7,792916,484571,363907,2276162,198051,338056,905325,3627963
7224,2,2023,10,229374,453764,104142,1856351,86302,211250,464053,1714283
7225,3,2022,9,255860,401334,129580,424715,146302,55664,547315,4324435
7226,1,2023,8,900457,226185,320199,323836,153483,298706,563943,4805957
7227,3,2025,10,994700,151877,251281,2573783,220617,225671,814739,2746724
7228,5,2024,12,873421,77592,382030,2548796,221421,237173,1408159,843247
7229,3,2025,11,637604,255444,256314,1216861,226261,319946,877687,3495417
7230,5,2024,4,533586,149544,96988,2081150,96819,377944,1780810,2341256
7231,2,2025,2,886414,110648,347315,550299,112983,181633,249612,4344911
7232,1,2022,9,628153,140954,137068,678668,65955,186630,1821974,2748145
7233,3,2022,12,847556,170259,163087,2405097,69283,394273,1462900,2348753
7234,2,2025,2,875104,434181,299148,1567008,63931,333768,1815048,1155203
7235,1,2021,11,472048,448565,98763,2453970,61527,81838,1863501,2927079
7236,2,2025,12,300704,368911,72874,1720246,107264,372050,1304325,2172796
7237,4,2022,11,314666,180775,59348,1912765,284504,275061,241661,3755734
7238,2,2023,1,493196,306244,317895,2566582,275504,257226,1092786,3493373
7239,2,2022,10,882392,260756,64758,1303280,116957,300393,479817,3520302
7240,3,2023,6,544583,144878,294032,395016,235847,156775,491568,1290523
7241,4,2024,5,305995,398984,393854,2060901,197331,253442,828533,3962916
7242,3,2024,8,171646,485797,149565,2856030,214741,289858,1305243,4647661
7243,2,2023,6,141520,424042,73372,2707876,105607,83100,1469738,3089245
7244,5,2022,12,465763,222913,160071,2537146,154602,86586,1662469,4136487
7245,1,2025,10,238348,182543,237788,1745090,100753,70256,1763570,2799344
7246,2,2021,6,555467,154310,99375,929047,110600,256713,737036,1286935
7247,5,2021,1,383232,169830,143718,2471191,113252,200198,1279769,2844133
7248,3,2024,2,157965,51552,118591,2201929,233330,314716,472949,2677962
7249,5,2022,7,307360,264525,300730,1150307,271832,104188,1591059,4209759
7250,3,2025,12,155451,341375,234639,1066544,193506,328051,1050729,3450680
7251,5,2023,12,946148,122142,135578,583862,76062,117275,1344577,1017671
7252,4,2021,3,975147,418676,205336,1898557,263943,83174,1986126,2112485
7253,3,2025,2,575405,332466,318632,1551354,174856,236911,1590415,4080282
7254,2,2022,10,573500,372593,202326,1006477,146487,212540,1467986,1167766
7255,5,2024,9,926537,469036,92520,1105389,54125,310509,1633193,1469102
7256,1,2025,7,445186,136259,302505,1648661,181507,116279,909776,1754291
7257,4,2021,5,649787,283936,243494,2398818,96969,267337,1762178,3750635
7258,1,2024,11,971587,270930,116243,1044775,146592,221694,859711,3169664
7259,3,2025,3,517256,251868,204451,325784,188930,253897,1628361,751882
7260,4,2023,11,342785,180047,100896,893238,182906,66021,1685136,4765270
7261,1,2021,1,559387,462741,110616,2879256,128637,103316,393393,1986521
7262,1,2024,8,295434,378081,208567,2412885,231926,176782,1300550,4931446
7263,5,2025,8,100087,122610,382197,2296098,239471,361498,1120858,2699867
7264,4,2021,9,214770,489419,76460,2516940,153523,80785,675180,896073
7265,2,2023,6,823478,252526,381375,915781,147549,326129,613417,3780608
7266,3,2024,3,636166,419768,101179,2914889,56713,289316,1670818,2917657
7267,3,2022,7,945683,62800,65719,2045689,115497,59390,300208,2030862
7268,3,2023,1,314572,496552,148910,898307,50687,345516,1066961,2318524
7269,5,2022,9,709724,163674,230055,1940489,263947,268869,1513173,957910
7270,2,2024,2,726907,170045,366036,1396135,225727,84022,1759632,3329655
7271,5,2022,5,243138,183074,363137,2179560,136714,294352,823838,3485048
7272,5,2025,3,398591,342407,244037,2141173,55752,52141,323724,4217205
7273,2,2021,4,535387,309651,152533,793374,72496,280261,795218,3162560
7274,3,2023,7,643028,401548,281491,1913962,230195,391453,921672,4902227
7275,1,2023,8,138860,421032,107778,2966778,123915,129284,247499,1542360
7276,1,2023,1,531227,331506,368479,709414,137320,101172,1828877,1097362
7277,2,2022,11,628161,496108,317920,1352342,171160,166139,349200,3926563
7278,2,2023,3,676051,260486,333174,2028621,267714,310818,265575,2947811
7279,5,2024,11,767319,477371,131857,2831816,152837,138665,1642916,2452661
7280,3,2024,2,485103,296217,269032,1302266,88185,343679,709728,652243
7281,2,2024,2,415212,218238,127837,2702147,173259,130633,1365970,4488468
7282,4,2023,3,659380,425002,100285,2732346,102941,128603,1891607,4601805
7283,5,2022,2,350936,381898,279847,418257,61996,205119,630271,3851652
7284,5,2024,9,363046,66014,274556,1630216,75243,144121,1302562,2812263
7285,4,2021,5,103824,171055,394977,817610,132628,346150,1784223,1903075
7286,3,2024,3,269377,110203,90641,2426704,151788,282969,955174,3364899
7287,5,2021,8,265101,195874,394931,1758587,93517,192269,1047158,2293615
7288,5,2023,7,826336,97499,184375,1032536,173784,125019,1020351,1820619
7289,5,2025,4,102687,115852,373230,1695154,269171,142334,685781,917487
7290,4,2024,4,471948,203545,104254,1096303,173330,226444,1127121,4816307
7291,1,2024,8,420637,307434,138823,2726280,171552,357159,1895124,934651
7292,3,2021,7,601045,462390,106308,2972835,299337,354357,1661268,2589864
7293,2,2021,5,641242,146165,378113,563646,261076,51895,653111,4265388
7294,3,2024,9,882135,383051,103759,1942241,267086,212383,1014793,2527263
7295,5,2023,7,496595,483864,372850,1184608,133672,173668,1169338,2201027
7296,2,2023,9,422430,165213,296683,355939,196756,393172,441159,4668463
7297,2,2022,5,334019,337717,196021,741373,96602,374234,675242,4775552
7298,2,2023,7,897979,269428,255859,2792874,105922,393746,1542678,2014039
7299,4,2021,9,461286,190511,194208,773223,175178,74348,1345052,548129
7300,5,2021,12,382839,481338,107451,1578273,284563,104683,1883731,3859984
7301,3,2021,2,835781,248410,315570,1814782,214512,270535,727946,1374534
7302,5,2024,5,418273,409970,390795,1909141,139190,264544,1138780,4250054
7303,2,2021,4,314208,120986,57132,1290937,57590,333620,1057758,4776891
7304,2,2021,7,154988,314822,326176,1737735,204825,273331,1444274,4526662
7305,5,2023,12,180747,286600,159098,1274227,282725,270301,990916,2590505
7306,4,2022,11,803489,227622,227304,1562105,263184,199442,664511,1289356
7307,5,2023,4,186440,425709,223386,2347903,155205,121292,1240795,876034
7308,1,2023,10,186065,394675,307626,2559661,217205,225665,361943,1153209
7309,5,2024,2,134953,80045,235915,2015455,218597,73261,862462,1628799
7310,5,2023,7,478223,227841,133324,804798,163460,77139,1158825,3796843
7311,2,2023,2,275612,395016,352309,1890850,234833,373193,1466481,2450261
7312,2,2024,4,828215,263967,278208,1085390,289347,160838,1344768,2777225
7313,3,2025,7,659032,304240,72741,2518196,248731,390182,878370,2356785
7314,4,2025,4,196860,231114,191595,1033203,177457,272095,1003849,4417048
7315,2,2024,11,633228,75124,323799,2042303,90686,142005,1104376,927714
7316,3,2024,8,206806,310430,189289,2473831,157282,377626,1727058,4503976
7317,1,2021,2,991768,250896,192848,703891,53225,391014,1607037,3833215
7318,3,2023,1,883507,213025,222987,2068796,95505,189553,1383938,2448655
7319,1,2025,12,383001,183103,154213,1758603,101473,171597,1428663,801804
7320,4,2025,6,893028,324849,82576,587931,289049,76234,1868556,3350068
7321,1,2024,2,348763,473677,366852,2868747,129519,136081,710447,3977781
7322,1,2024,9,146768,319079,140687,1707285,209360,368677,909079,4989164
7323,5,2025,5,597504,195716,385443,1597866,269417,172300,1061571,2821218
7324,3,2022,6,211233,246253,286164,1325726,185278,350306,1995499,2763935
7325,1,2023,9,805636,93034,248679,581184,209102,265389,225282,1846517
7326,3,2025,9,122827,206870,130577,675838,139229,229924,935238,1790975
7327,3,2022,2,731546,98008,109053,1092944,255691,238599,1857192,4547732
7328,4,2025,1,821010,459026,325090,1229440,251759,172789,215199,3174844
7329,2,2023,9,520320,338489,334781,2615928,58408,50151,1493235,888900
7330,1,2023,11,728990,83823,308844,2215651,81826,145104,1241927,1366716
7331,3,2025,12,687036,461274,207458,2749556,200063,344612,227010,3671550
7332,1,2021,4,111348,381191,214520,2639477,254929,380862,631478,2316335
7333,2,2025,6,660001,88842,364575,2600845,148366,145924,808523,564988
7334,5,2023,4,500377,131051,310699,2409679,261258,87043,792950,1547095
7335,1,2023,7,385749,407782,205321,1324707,78323,146133,1793905,1021092
7336,1,2021,3,539885,146809,262477,2375681,188689,317939,1468469,3073124
7337,5,2022,10,415506,478706,164225,1090812,74053,273745,977708,613053
7338,3,2022,8,657977,365923,199794,1177978,160884,90515,1806839,2452876
7339,2,2024,11,692814,88800,222593,2666296,293603,320176,592941,2056711
7340,1,2021,10,904315,438870,246152,1759924,56118,128036,1500535,2962912
7341,2,2024,7,786822,359601,272651,1587971,53390,170282,1754234,2075493
7342,3,2025,11,965226,335186,222372,2118590,92028,265974,1438351,1614363
7343,3,2024,10,909392,349149,162313,1718543,125398,274648,1555354,2446108
7344,5,2023,11,266126,428339,285333,2001889,156307,224284,415060,4493591
7345,4,2021,6,695712,243682,332350,1404469,198640,159126,1414225,3431657
7346,1,2021,6,525962,74957,389869,1478978,186841,154513,677202,2599204
7347,1,2024,10,832300,465603,372236,1497643,190308,206605,364307,615671
7348,4,2023,5,104508,106654,154086,2790450,275804,102015,357583,3034988
7349,1,2021,5,509190,212830,399943,2094311,58350,278171,522106,970191
7350,5,2021,9,805274,352652,108699,1053436,249333,143525,1626795,699289
7351,3,2024,8,806999,161667,51673,1391615,290247,80171,1252554,1995202
7352,5,2023,7,938378,129895,123931,1183197,205647,81450,857523,3079364
7353,5,2021,9,800152,214177,190039,2027828,125259,255791,811105,4372619
7354,4,2024,3,158971,360272,217433,404465,61092,82423,1275653,3907206
7355,3,2025,8,177814,438247,98588,2344073,114548,156083,1809933,2364737
7356,1,2023,9,178493,338458,294436,413450,204835,151278,663035,3095430
7357,1,2022,6,237712,88626,204453,1362084,212210,99797,1984256,1803299
7358,4,2025,5,609181,446066,74517,2477715,123190,384338,773078,4492693
7359,1,2025,8,199696,134881,290400,1478428,283574,185405,1743955,2380732
7360,3,2022,7,898132,128996,324557,2796704,112912,143069,1428541,3046319
7361,2,2024,5,520645,85360,268382,1332561,72874,101586,268137,3350379
7362,2,2024,9,336320,392743,377767,778542,265368,119805,427073,921139
7363,3,2025,1,196742,111304,169716,1732028,59374,140690,1162342,1577108
7364,3,2025,3,801733,221027,99467,444063,210344,165335,1674885,3215143
7365,2,2024,10,789827,101743,332018,2871534,284173,386859,480522,630816
7366,5,2023,7,502340,188623,241636,2724171,142522,272028,1209725,4140367
7367,5,2021,12,491464,487993,126047,557275,115510,381760,1329669,2838766
7368,5,2022,2,483138,120174,385770,1988683,109995,353627,673475,1015175
7369,4,2021,7,433626,220589,104485,1010089,114815,126975,865589,1238276
7370,2,2024,1,935433,99490,50005,2575250,130700,355427,1372298,3919448
7371,5,2023,11,593321,435869,270166,1360676,238516,394373,632678,3804826
7372,1,2021,11,448453,282163,358459,1381243,234252,305759,636981,4836701
7373,3,2022,3,352891,474331,154210,1326778,214893,159583,1748235,1699105
7374,4,2024,3,213685,172707,110064,1017326,134469,74215,1257687,3521215
7375,4,2023,1,311762,312740,349784,1505038,96392,107823,1327268,3011940
7376,1,2024,8,500556,364443,309935,827674,114352,289710,1639346,3415137
7377,2,2023,7,908482,320130,380112,2729970,239649,288059,1175772,3391494
7378,1,2022,9,220145,279029,107564,2900322,64899,347840,1438834,3381834
7379,1,2024,11,845613,461043,84532,2679904,226535,247353,465127,2488084
7380,1,2025,11,934658,480693,215498,574422,54753,241814,309578,4672322
7381,5,2024,5,967688,53610,210117,809780,147409,317191,1965535,2668312
7382,5,2024,1,324977,185627,348228,579094,183192,337027,1199943,3364956
7383,5,2024,3,806555,149510,125351,732600,94561,364832,968493,1530228
7384,4,2024,1,675636,430175,210347,742000,211412,337059,617268,2218809
7385,2,2024,5,679836,498395,337997,698352,254104,367173,478280,4479578
7386,2,2021,1,343717,259947,221200,899839,225352,74418,1218669,728325
7387,4,2024,4,703121,252727,279622,1853289,138847,128668,1372259,1278541
7388,3,2021,10,837389,299646,258542,1914580,150506,95655,1196220,1136029
7389,5,2024,7,287231,164125,88648,1939530,169180,311111,558835,4532812
7390,2,2025,11,703643,51760,65953,453088,259439,254568,903275,1305015
7391,2,2025,5,463295,412880,310867,992595,244100,176018,1305445,3077231
7392,2,2023,6,414898,416874,380419,2887390,91722,83149,667428,2592412
7393,4,2021,6,745334,177888,301817,1342602,61694,144033,1320443,4182318
7394,3,2023,3,216719,355116,304644,1717890,290817,288516,1545580,1749766
7395,1,2021,9,734148,454292,305441,1962774,107923,114076,950968,1009142
7396,1,2023,9,829708,71942,335007,1414246,230340,105477,459715,873698
7397,2,2025,6,703897,370337,193670,1399530,149222,81567,449897,3848498
7398,4,2021,10,687254,489032,225038,2870682,85050,265063,776023,3281159
7399,3,2025,1,561501,245507,398085,1373219,197756,399483,1196402,4019977
7400,4,2024,5,622187,72161,199166,2977249,213530,138131,698714,1231473
7401,1,2022,10,617857,394588,368975,2853306,82983,307430,1902815,3069714
7402,3,2023,10,921103,147050,324782,372364,55976,323342,1599472,4960212
7403,5,2022,9,797663,146835,347922,792510,147576,106766,1605569,577987
7404,1,2024,1,169880,207806,300413,2034122,112370,69572,840126,3655335
7405,4,2021,8,764368,305248,130506,394496,188301,341021,927725,3447010
7406,1,2021,8,809463,273956,332602,2014042,286858,201746,1861413,3334172
7407,3,2022,3,765710,409615,79308,705952,147207,202329,476174,4582173
7408,5,2025,7,976370,321844,92231,2665460,81485,368525,661122,967802
7409,2,2022,10,728661,385359,334999,744823,115733,379362,1190364,701760
7410,3,2022,6,313739,134042,183242,1203688,144675,225752,221079,2175067
7411,5,2025,5,289340,276016,378748,2900045,231596,146060,1311267,1825231
7412,2,2022,6,365443,113385,330785,1465007,239582,144214,660909,3024132
7413,3,2024,3,400725,264796,392618,2322279,132589,283510,1541677,2266580
7414,3,2025,1,991216,109047,223711,2681414,173350,354177,1144008,2722553
7415,5,2021,6,896702,270202,245233,934123,87464,315391,1286663,3559739
7416,1,2024,12,880267,255831,130070,1339257,51797,97208,457658,861069
7417,3,2025,10,555787,63315,356419,2783386,289256,126973,1100011,1868172
7418,1,2023,1,706523,344694,284518,1457665,234382,272360,1480215,2463559
7419,3,2023,3,463712,441489,274693,497610,274770,83388,1774907,1472829
7420,3,2024,3,302891,462280,153990,869848,87004,341630,1111053,1152901
7421,5,2021,5,612235,261893,287368,2355942,217441,243328,1038150,1338065
7422,2,2024,9,305144,492445,124956,471287,66922,272386,358482,2424267
7423,4,2025,11,799493,61886,177174,2011137,91252,350999,521508,1134966
7424,1,2025,4,717092,403454,199481,2008895,68907,286183,951157,2936465
7425,4,2024,7,548426,412934,347675,2853677,66566,60312,1161615,3752190
7426,1,2024,3,323222,378331,123046,1600795,268155,64943,1517617,3290533
7427,3,2023,6,676492,278179,334418,1186982,70031,297826,1978803,876329
7428,4,2025,2,506626,358469,121053,557533,257851,117615,1326257,3235880
7429,2,2025,11,300139,133189,382227,961920,107388,207361,1539435,4295036
7430,1,2023,4,500689,266012,165061,1682696,286102,241853,253151,2756745
7431,3,2023,6,157401,128523,203883,1956625,142353,160046,1608031,1725769
7432,3,2025,4,797743,220391,300266,2988266,235698,300958,1641373,4986892
7433,3,2022,11,487542,62986,250769,2373976,58308,397510,383373,3062160
7434,2,2023,12,123162,99392,68865,413889,98116,345499,1308126,2837090
7435,5,2024,2,463678,496595,154584,760975,52319,285034,758573,3770787
7436,3,2022,11,450307,471769,240198,2591621,262834,291053,1175528,560125
7437,3,2023,6,353845,162663,391130,1384641,249189,288284,907621,4628913
7438,4,2023,4,290501,217228,181541,548850,299292,362453,701604,1776939
7439,3,2021,6,269708,166649,213337,683487,131469,99595,438363,3431312
7440,3,2022,8,417771,71455,399585,2838245,130868,133880,1751174,3746341
7441,2,2022,2,525250,295048,305001,1818565,57407,211855,887280,3888941
7442,5,2024,2,959202,202824,227395,666786,125942,229408,812598,2925572
7443,1,2023,11,188612,337339,310627,680524,156628,393387,372217,2558582
7444,1,2024,10,451700,104602,268056,2021252,221673,349441,244204,3926165
7445,3,2022,5,666482,476517,97866,2593915,196465,194689,1686807,800549
7446,2,2021,10,377310,452766,331769,2646497,201739,233525,202035,765942
7447,5,2024,10,112359,352957,197831,2798659,66451,396480,778909,3675439
7448,4,2021,9,528006,320389,142741,950122,234900,345507,1050880,1474578
7449,4,2023,5,331520,327087,231802,1487670,170557,304627,1664438,4413328
7450,5,2022,8,514433,450277,163947,666651,195567,167941,249117,537758
7451,4,2022,6,607026,293683,174886,779395,176469,381131,662671,4050770
7452,5,2024,7,846204,232474,218515,2691118,274191,78990,1777651,3340239
7453,3,2023,6,991490,403110,178058,1615733,210966,329779,998869,1795442
7454,3,2022,7,998654,450103,252975,321987,103682,92092,1508053,892202
7455,5,2021,5,551606,342315,184635,1891401,88036,392722,601949,2292105
7456,5,2025,10,449184,384737,217688,1660863,299784,201222,1734889,2294752
7457,2,2025,5,178126,340788,189984,2068391,220244,113919,426360,1135136
7458,4,2022,7,474512,128025,220045,1566124,91663,268605,1405448,1574746
7459,3,2025,7,552412,236181,67253,555388,195096,134530,1912288,776904
7460,1,2025,9,994015,495345,303547,1897060,107074,292627,1308989,4614847
7461,1,2023,8,162147,369341,214751,2525538,212175,350885,209970,942619
7462,5,2024,7,639506,273889,327346,1163546,134875,83030,1327559,1370747
7463,2,2024,8,759903,88933,383829,878740,182515,295906,416385,3035618
7464,5,2024,9,430668,193245,98974,1925312,256962,355490,908609,4332305
7465,1,2024,4,605018,309073,65369,380831,223123,162848,1313693,1376609
7466,2,2021,5,890699,459085,246412,336752,221024,140833,579423,4535453
7467,3,2022,1,904316,421908,280199,2912111,123107,154685,1431433,1171342
7468,5,2024,4,980865,369381,355744,1485676,217192,248381,1808747,4364328
7469,1,2023,1,888085,407107,167895,1983144,269603,115632,1354963,4981265
7470,3,2022,6,824537,391747,229960,1243357,211382,207412,871217,3397441
7471,3,2023,5,532672,302040,187204,1839751,262418,254430,1580153,2012749
7472,2,2021,3,561853,406682,266206,1655919,237654,149072,1612078,4159334
7473,5,2024,11,263275,121832,99704,627784,57349,88844,1711342,2385546
7474,3,2023,9,796953,219259,352717,1400128,252762,158783,240867,3940664
7475,5,2024,7,306517,234670,313557,1615950,145477,266528,1322512,3581423
7476,5,2024,9,877616,140570,174072,610579,212841,308828,1257350,1203355
7477,1,2022,7,510698,166228,206992,1234866,294574,98521,1968401,720003
7478,1,2024,2,222956,135052,197357,1158177,96050,145259,812819,3036408
7479,3,2022,7,217406,270994,220285,2798974,132421,76971,1838736,3113657
7480,3,2021,7,358085,67158,232900,1597031,102664,119621,579702,4267610
7481,4,2025,8,305933,251344,358479,2909768,85577,319252,530452,500266
7482,3,2025,3,138758,286477,304865,1494920,87449,81832,480719,3352292
7483,1,2025,1,879713,163569,50934,868440,264531,269045,503161,2186420
7484,1,2025,6,310583,80939,57516,1947269,264488,166313,846021,2637600
7485,3,2024,3,796433,73616,135265,515667,203368,157881,1427381,1484320
7486,1,2022,8,303594,251517,320100,1741480,261321,173166,1721228,1157152
7487,2,2025,11,740682,463947,325722,1341193,108087,274776,1093980,3014016
7488,4,2024,9,966023,171390,62219,1983800,290284,77098,1510189,1097379
7489,1,2022,6,944892,361054,302326,1074313,173509,317057,921257,4587837
7490,5,2021,4,378250,264290,52886,1476514,55550,172802,1258136,3874037
7491,2,2021,6,142624,94346,124748,545610,115877,262706,727564,3958062
7492,1,2025,11,254946,327000,312273,1674669,166628,118284,658184,3532851
7493,2,2023,2,589420,172350,397157,681915,153416,122643,1750151,1536428
7494,1,2023,7,339273,96247,316338,2044794,204171,127460,1507999,3493071
7495,5,2023,8,388032,222826,229966,2558855,198796,236320,1497211,3252295
7496,1,2023,9,216019,356842,274893,939981,113121,267558,1460230,3643505
7497,5,2025,1,526481,263694,345403,1741444,99640,118853,722539,2427838
7498,4,2022,2,622815,210179,173292,1923709,279808,178146,1764378,3024222
7499,1,2025,8,717640,319565,308185,1394508,289978,335621,1820463,1748185
7500,3,2021,4,187666,370535,275339,2170895,64805,218482,1925228,631447
7501,5,2021,3,639580,460885,303462,806091,225887,146898,1834752,3748313
7502,3,2025,10,716613,178016,261798,809431,209118,330981,1049833,1120291
7503,4,2021,11,661901,198984,316823,776040,142382,344107,916661,1064484
7504,2,2023,7,877038,483670,170639,1593427,109914,297870,237850,1882624
7505,5,2022,12,390505,187305,134671,1977629,138803,222484,1419962,2369177
7506,1,2024,9,293405,437520,84939,2487774,94306,292735,1560224,4741127
7507,4,2023,9,105597,162261,314180,2756261,89658,118225,1391370,2412894
7508,3,2023,8,665879,449319,393409,1352796,203181,236984,1953561,3263516
7509,4,2023,3,984616,359405,98591,1690929,186992,90461,1302665,567603
7510,4,2024,5,747984,126891,181290,400723,149921,197073,1032644,4332115
7511,4,2023,8,294858,179076,181271,830455,195456,133488,367240,2918992
7512,1,2023,6,429188,481536,53475,2456289,286701,201467,1791356,2673152
7513,5,2024,6,996559,229895,389684,959389,263480,126994,1876685,614668
7514,2,2022,11,277344,451770,282237,2244757,176859,186414,432407,4761483
7515,4,2023,8,189469,496023,61678,2278955,200071,84980,1336303,1930097
7516,2,2023,10,230316,315758,150162,1433695,109363,319669,540398,1825000
7517,3,2025,2,156199,436859,375192,2345855,223310,276749,1783182,4324768
7518,5,2025,1,682592,317491,208750,1276028,162857,242536,944666,637869
7519,5,2025,3,530113,105239,325016,2878039,67657,331372,1511976,1910026
7520,4,2024,4,745151,344431,58967,2959419,261364,79549,1276518,790771
7521,5,2023,10,427703,357227,353256,473031,98576,232708,1481459,3134656
7522,2,2023,9,764828,478489,361545,593058,152827,228976,1709783,583596
7523,4,2025,1,366777,410274,284235,1762489,229601,122436,1985058,2328164
7524,5,2022,4,305689,190010,81821,377525,68771,239935,845150,2788788
7525,5,2022,8,581404,218731,55085,578768,237982,253775,1618146,2783890
7526,1,2023,7,907167,441271,204927,1469292,132447,256289,543213,3431854
7527,2,2025,9,529423,186720,382415,895863,290292,172872,306230,1353877
7528,5,2022,10,704621,117152,193161,2941237,284099,398984,846679,3522836
7529,2,2025,6,658505,428306,244963,2995394,137303,165024,1012715,4728317
7530,5,2025,8,316070,198453,258235,2845770,283249,382460,1511909,4255127
7531,5,2023,4,546231,221728,159501,767189,162177,265640,524935,2602605
7532,4,2022,5,743359,203772,240806,1688464,67822,242232,232549,1009852
7533,3,2024,9,938443,297076,360267,415810,259349,273354,682051,2903806
7534,5,2025,9,782228,404999,281895,2761906,215711,52979,718854,981561
7535,4,2025,2,771777,448211,299342,571583,240505,169987,205665,4911665
7536,5,2021,1,642851,363856,172458,1850521,219593,341278,1400034,1715799
7537,1,2024,1,231729,343065,183066,2424584,158651,358307,1582477,2677559
7538,3,2023,11,901138,193153,303053,1367766,272336,71569,295669,3822369
7539,5,2021,10,857999,245377,263499,748746,147420,102488,629833,3294386
7540,1,2021,10,207577,428376,267004,2166808,126159,300489,889445,1074327
7541,2,2022,5,612015,211427,218460,1248565,65820,249254,1405661,3324228
7542,1,2021,3,411798,320313,267084,869693,142107,266869,569948,1834581
7543,3,2021,12,241533,91811,237113,2373096,154121,286420,341891,503636
7544,4,2021,4,198203,227086,174991,2499450,149629,376429,1804355,3391139
7545,1,2023,11,411450,496152,297370,1704987,88243,338073,692551,2264773
7546,3,2024,12,739350,461382,274111,1770408,184098,358214,1673647,613792
7547,2,2025,1,136403,185237,360685,2958382,155330,203883,1772874,3629691
7548,2,2021,3,714944,328814,261998,1427490,110790,277965,1747306,2427874
7549,4,2024,11,593692,331544,190100,748315,109984,294465,1192173,595495
7550,4,2025,6,685549,420305,349477,1978017,210247,78207,1861456,723815
7551,1,2024,8,124712,333229,358589,2956703,230561,109432,769724,1818358
7552,5,2021,6,845478,219427,311232,1442115,212559,212151,836441,4405342
7553,1,2024,5,660740,86363,55460,1281315,200966,176244,915793,2573364
7554,1,2022,9,126196,462741,168403,1493705,190904,386319,1160825,1621972
7555,5,2023,12,887587,448468,372083,2605394,197338,53873,274352,4264996
7556,5,2021,8,323630,63991,211363,1014505,60344,251397,357575,3299652
7557,3,2025,9,212456,491626,377629,2197340,67460,53692,1364186,4961320
7558,3,2024,4,939295,204331,150301,2201916,265922,298201,413927,2719428
7559,4,2021,3,213321,321508,318265,1402785,129712,303644,1059821,3052502
7560,3,2021,2,965211,138035,157978,1602012,193944,90082,1740413,2918982
7561,3,2021,3,544502,460044,363002,2610494,214589,121653,784410,4209626
7562,4,2022,5,438590,154554,251149,1219948,77167,89135,230513,3721015
7563,1,2023,9,979964,93943,170152,363647,212165,106865,1051885,706528
7564,4,2024,7,841727,239543,59539,1296378,167142,363410,516187,1525353
7565,4,2023,12,980147,406042,83755,1257127,150272,136894,615562,4048200
7566,3,2022,8,919809,240896,160940,961830,228768,202473,1933437,1745962
7567,4,2023,6,277721,297364,381775,1664654,80049,201915,935187,3835108
7568,4,2022,12,907301,160778,178117,752388,116359,379604,1453957,2808407
7569,2,2021,10,124466,370764,317783,1382980,228895,282068,1021168,2728360
7570,5,2022,11,719633,232500,241894,2007307,165466,229351,549425,3894348
7571,3,2021,11,603112,55397,146684,1688838,161493,80435,1343177,4709361
7572,2,2024,10,504494,105325,293790,732929,161590,232040,993045,4371959
7573,4,2022,8,549011,278892,221037,850154,292322,318345,881947,713596
7574,3,2021,8,479014,235669,361461,1279376,151306,348302,707958,3302560
7575,5,2023,1,765429,366229,340233,503875,87252,375139,1028776,4102768
7576,2,2022,3,666179,432027,101065,2006699,193770,88519,850107,2195993
7577,4,2021,11,546614,310088,79265,394633,169949,365589,694652,1206414
7578,2,2022,1,652615,339912,199715,1719201,274625,152878,1763781,940648
7579,5,2024,7,412037,416795,147922,673411,190288,330234,1250637,2006397
7580,1,2024,1,777679,153137,383438,1034288,202650,321698,298658,2537908
7581,3,2022,6,228686,340623,201811,1029173,187915,154669,1059600,2257620
7582,3,2021,9,694065,352142,213139,1160855,147752,338662,1001892,1992688
7583,1,2025,2,736549,295154,305657,2959135,278841,218361,1309549,4747133
7584,1,2021,7,376686,418275,206606,2450903,108688,155395,569247,2222967
7585,1,2024,9,286003,107300,162244,2138259,128351,285522,969838,977331
7586,2,2024,3,961289,83485,185359,1992038,116817,156964,1257015,4513973
7587,1,2021,8,636318,116644,100462,1119217,258453,302489,523602,1528378
7588,5,2023,9,275009,304719,89054,1786212,188046,198957,1527613,545465
7589,1,2024,10,687599,156711,191858,761122,211428,224028,203568,970317
7590,1,2022,11,841415,254408,261967,424437,270875,325096,1196260,1661613
7591,4,2023,11,586108,218130,359491,1120220,93839,201537,1481676,4422731
7592,1,2024,10,177084,490400,270947,943639,135033,204044,1176875,934930
7593,1,2021,4,929254,280496,244690,2373577,77624,142433,1231497,4999395
7594,4,2023,4,422185,92084,319832,1631842,292044,388452,922875,3623089
7595,2,2023,3,184066,492733,395365,1005422,76969,256514,1964496,3854527
7596,5,2022,9,799119,267759,118850,1389455,248290,390523,1211332,568237
7597,2,2023,1,229607,400314,397006,1828103,150389,97459,1507526,577995
7598,2,2023,11,209433,242165,351434,1327663,150107,210083,522348,2616093
7599,2,2024,2,533656,366717,138002,424233,131857,231591,1025459,2549136
7600,5,2025,12,606046,190756,322397,1947256,219452,165076,1785335,1975847
7601,3,2021,4,821017,236179,226871,814580,234876,210442,1286567,1903360
7602,1,2023,12,169388,124013,272334,1541050,162067,389397,1671746,3167396
7603,2,2021,3,603487,73867,135155,1458197,164128,188287,312266,4064360
7604,1,2025,12,277059,340222,190168,962965,130563,347238,752991,1348715
7605,5,2023,1,754406,334004,100497,519646,64726,388280,1612715,3592724
7606,2,2021,1,817570,409032,184469,538752,121693,55886,1556711,969203
7607,2,2022,2,666263,109193,158042,840947,261129,152188,1868505,2727685
7608,4,2022,10,242981,246678,91881,1670061,116264,290658,906493,2256602
7609,1,2025,12,923421,200945,347590,2938448,173742,277169,1384177,2757021
7610,4,2023,8,571488,453484,62119,2636199,87044,306196,1527667,2443106
7611,1,2023,12,329992,336903,291466,815090,191139,236377,1689860,3050830
7612,2,2024,11,189958,447311,204721,1338498,106808,392009,323215,1970593
7613,2,2021,12,593964,100445,158519,699950,165567,117799,428529,4316817
7614,1,2022,1,551105,66885,221718,1623995,57704,166500,549958,3923728
7615,3,2023,6,839873,89554,59396,1392242,71671,358090,993238,4491161
7616,1,2022,4,917526,431553,323513,1310959,160978,284161,1044445,1797678
7617,4,2024,2,420664,287330,75259,2443206,295900,83675,307682,4696682
7618,3,2023,11,194167,222663,53338,503896,115592,393665,788988,1115144
7619,3,2021,12,206737,464872,264956,1537483,261983,299236,1917366,1168555
7620,5,2022,7,281522,184631,326908,1337464,91502,116582,716677,1050848
7621,2,2024,3,697321,426692,122612,1141282,131827,399204,1882071,3766291
7622,2,2025,1,371605,70814,267537,332872,181070,146856,754879,3665159
7623,2,2024,1,515383,224790,323123,919766,280895,398458,1310523,4093195
7624,4,2025,12,448367,449351,392368,2399965,194610,313846,1598993,2084531
7625,4,2023,4,751314,234455,202112,918909,54021,86354,426176,1301166
7626,3,2022,7,237864,373973,174517,915426,140084,335560,1242842,4468329
7627,1,2025,6,719882,334341,86698,1137838,216049,354057,409585,904747
7628,1,2021,9,108943,299796,194161,454733,190211,117132,973337,1957543
7629,5,2023,1,556591,141112,366378,1346165,178197,280661,1603857,4867636
7630,4,2022,4,596641,281707,285666,2469499,95832,162378,1639645,3071561
7631,1,2024,10,793435,142823,148687,1117893,200589,154428,1915264,2608949
7632,3,2022,1,244160,438496,258691,1311464,75026,238643,1294102,4275538
7633,1,2021,8,681965,237892,324525,1418756,218035,338199,850608,3497460
7634,1,2025,9,828414,293685,177159,2597906,230072,300472,1244254,1382758
7635,2,2024,5,488016,116384,269088,428320,164675,157376,1347468,3928902
7636,4,2021,2,916875,155937,196057,559685,58671,327019,1959235,1003386
7637,4,2025,6,178960,454435,257738,1263970,255007,239541,1586261,3763477
7638,1,2021,6,948616,345085,296718,346088,225277,288794,1275327,982889
7639,3,2021,9,844731,123223,124968,1015481,74329,225037,650337,3460879
7640,2,2023,6,623848,145596,208807,1326551,297345,221435,1959565,3939600
7641,2,2024,11,788495,182872,216855,2815189,277470,241135,1469158,1956885
7642,5,2025,9,230830,421673,354276,921286,241589,140061,1442335,3712815
7643,3,2023,1,359505,194564,285762,440781,219094,66877,678309,4238718
7644,1,2025,11,870230,101277,166862,2524442,69170,75397,1921005,3207370
7645,1,2024,2,904457,431867,389371,1341170,273737,106227,1875399,1975419
7646,3,2021,11,136523,72887,159078,2210465,98748,278140,1426284,504846
7647,1,2025,4,337663,240448,64012,1681157,159348,167339,915858,3133486
7648,2,2024,3,670425,458268,118088,2609975,161508,305826,369865,609742
7649,3,2021,11,430271,483286,253229,634782,209769,97569,480975,585856
7650,3,2025,10,272119,461941,382485,1056754,142911,211133,1404275,541200
7651,3,2024,7,222137,482355,387897,773364,139706,165466,1004096,2660709
7652,4,2022,1,398111,187955,355923,696853,134042,381145,1937807,888251
7653,3,2025,4,985652,164949,347231,1627502,112689,201526,334017,4803816
7654,2,2025,12,714408,191735,248555,1861533,86246,272470,380644,3452396
7655,2,2022,2,545088,423922,281276,2464161,99712,211327,848366,2445392
7656,1,2023,5,434647,173486,306257,2090362,102835,187680,526954,4170461
7657,1,2023,12,611970,117579,175127,1845378,50420,102962,1799155,778919
7658,4,2024,8,163089,176237,141163,617901,97583,229319,712135,4249570
7659,1,2023,11,168319,491872,210363,903534,107589,99645,624286,1156553
7660,1,2025,7,821776,438919,156582,1930566,97116,114700,1263577,2317098
7661,2,2024,1,475345,491991,270603,1327279,134241,375317,1048778,2780815
7662,5,2025,1,213023,200810,346978,482470,91620,130741,1503515,3704675
7663,3,2025,2,652400,78469,158927,776268,153568,359605,1425639,3073967
7664,4,2021,7,506448,322077,346230,941714,131555,281754,1390062,2196169
7665,2,2024,4,144074,425410,216591,521069,68522,207268,748630,702860
7666,4,2022,10,102454,420022,388713,397731,263884,359072,1148738,3073674
7667,3,2024,9,641472,282127,338497,2200756,229214,77951,346784,2660622
7668,2,2021,3,268280,287316,290762,835607,130473,388853,1357797,1162246
7669,4,2023,7,570535,85671,183140,2220715,266157,275715,1612728,2518460
7670,1,2022,4,127981,229716,256859,2103971,229160,78624,645353,2264765
7671,1,2025,2,660025,161795,116298,2850613,120932,225702,1857867,4156853
7672,3,2023,1,601855,444393,76322,1857378,116577,231024,567259,4299369
7673,1,2021,11,695191,51119,325521,598357,96546,353172,390280,4693016
7674,2,2024,4,236328,493423,342957,2306003,261090,241196,387383,1933752
7675,3,2022,4,781914,454778,345097,1502475,234005,51026,1372369,876492
7676,3,2025,5,671483,223732,313494,721950,75558,126092,540838,3577039
7677,5,2023,5,900789,385129,180584,1190895,183977,306065,687424,2878902
7678,3,2022,3,601316,398524,132999,1246566,81647,300591,1643282,2757479
7679,2,2022,3,558660,54058,93746,2384624,118763,68717,681826,4201997
7680,4,2023,10,574511,488086,340692,442785,250869,371640,250395,717768
7681,2,2023,1,343235,229976,149239,508356,67859,293400,840437,4651868
7682,4,2023,11,631481,205734,339966,449249,147128,206579,1726585,4265359
7683,2,2024,12,443641,293033,297611,1208377,242676,329061,824721,4081688
7684,5,2025,4,675524,302665,376547,1019565,289762,176383,988793,2436033
7685,5,2021,7,859582,187663,238234,1047692,55414,305309,340794,3667869
7686,1,2022,10,517859,335539,393738,596901,128724,90236,1241826,508363
7687,1,2023,10,948580,445565,348492,1415827,288908,87985,405545,3146010
7688,1,2025,11,217409,210309,101440,1995777,135234,244614,1472622,1088167
7689,4,2025,7,389141,61588,361687,431608,273962,275561,1895842,4387619
7690,3,2025,3,388841,133690,286476,2920269,137797,267225,1644308,4677039
7691,4,2025,12,174681,332802,86238,2834237,83199,382949,1132746,2287284
7692,5,2021,8,521897,138854,228557,1070783,175249,333510,1437820,4328260
7693,2,2024,12,652438,388351,52643,2540590,188027,100508,1830160,1410563
7694,1,2025,6,572486,493541,339134,2643811,172102,199771,1602678,1906307
7695,2,2023,4,257923,493807,143631,838431,129580,290262,761248,1148946
7696,5,2022,7,450994,314009,140115,1164207,68723,135244,1735913,3034405
7697,2,2021,3,740106,405374,220383,1625233,135011,102933,1340605,3769479
7698,2,2022,2,473340,220626,98906,706814,263952,134927,371292,3920406
7699,1,2023,2,786202,401736,244013,2691661,291947,180727,954184,2208396
7700,3,2021,12,145777,445439,200099,677546,179922,393349,899835,3112049
7701,1,2021,1,241233,52700,193300,2821108,186777,362023,895158,1147244
7702,5,2025,4,937097,154092,354413,1365304,212844,136021,1615825,786593
7703,5,2021,6,426557,416074,255803,2051136,124142,328165,1803787,829907
7704,4,2022,2,633269,173170,55773,963377,156503,179683,709992,2083615
7705,2,2025,7,944108,491667,116810,1200233,96799,193224,1578041,649721
7706,1,2024,11,885053,499773,214201,892048,56432,108656,1515405,835435
7707,1,2024,11,755349,335720,55195,2764746,87058,218964,1640768,3230269
7708,1,2024,9,453984,85135,259500,2917213,239907,163505,897975,1516233
7709,4,2021,9,342133,232516,173044,2618377,116700,181190,1233276,586961
7710,3,2021,8,387178,338023,253172,1837017,287804,206671,1178575,2314086
7711,5,2022,3,177443,167226,374275,1160978,138404,394303,1109171,4876761
7712,5,2025,12,758866,157081,149484,1079260,117313,387442,1380954,3064906
7713,2,2024,11,382447,81739,182657,1132262,260274,395563,1283156,1790980
7714,3,2022,12,466196,117871,176007,1735287,247511,321699,1256856,539607
7715,4,2022,2,422546,447980,314453,1556187,134872,95662,1812577,1390960
7716,2,2021,7,591067,499732,59332,1913564,82609,63068,467578,4351815
7717,4,2022,12,443831,494178,346089,577553,228177,382808,1668020,3675182
7718,5,2025,6,652849,319215,340020,2066502,260915,147926,1681201,4188777
7719,1,2023,3,793432,105597,321743,1639607,106461,170655,637788,2042434
7720,4,2023,7,209288,252461,306633,1176519,155681,187485,379608,4581918
7721,5,2021,11,183011,210215,323801,1208299,246761,390918,255756,1810934
7722,4,2025,7,651552,297166,308802,1037393,102595,127969,1043863,2747569
7723,3,2023,8,897364,117774,364364,1807147,110723,351292,1400433,2022583
7724,4,2021,3,114707,105299,204550,1723045,121258,151209,527599,2943775
7725,2,2021,12,421857,258292,84555,1413723,193616,377837,604832,3323873
7726,4,2021,12,299262,288764,296982,789400,281097,141127,487741,806270
7727,1,2021,9,718876,157325,315075,2160776,265261,309567,270783,650245
7728,4,2023,6,865753,154229,208825,896712,218608,60802,990896,3557062
7729,1,2022,12,476607,430047,265217,1673279,216672,136588,829678,4198109
7730,2,2021,5,693699,57031,251875,1962957,280287,379555,615745,4750633
7731,5,2025,8,352362,138369,113895,1479561,199974,192095,1645714,4239589
7732,5,2025,6,444823,309185,204437,1547018,79737,182313,514315,3215983
7733,2,2022,6,293939,63023,270478,2828001,76734,73081,997672,1682379
7734,1,2025,8,717409,293215,169776,727512,109534,127962,1935679,3272576
7735,5,2023,11,737101,222141,137776,2638210,179528,272480,1792259,1705884
7736,3,2023,1,377775,81112,353510,2312245,143159,320912,1502580,4100461
7737,5,2025,3,572192,412474,187384,1615783,220508,360105,1961867,4718646
7738,1,2023,8,237072,389677,356638,1866113,64798,260989,852338,4830597
7739,3,2025,12,270513,428059,230262,2788735,102317,227239,617952,3168311
7740,2,2021,10,594823,137851,195463,1864082,147357,242316,1887876,1306607
7741,3,2023,2,889340,475563,344745,317047,106838,178246,1619196,3134343
7742,2,2024,9,448310,55322,188387,448148,124520,261507,1117692,1671884
7743,4,2021,10,174102,376123,143961,2909340,157801,394027,558471,2859052
7744,4,2024,9,885422,444032,68194,1739205,246019,311490,376699,629779
7745,4,2023,4,749860,452339,147021,2859053,91501,59913,287878,4692153
7746,3,2024,2,221891,337493,244436,612861,77079,352902,1747744,1455548
7747,5,2024,9,854430,424572,210582,2967051,241078,250143,475470,1134908
7748,2,2022,8,761295,427617,208623,837440,126224,155462,696671,979419
7749,3,2023,8,846226,373287,198156,2382846,177343,221492,832959,2112686
7750,5,2021,4,467560,111157,79636,1638666,84481,74968,322535,1848768
7751,2,2022,7,724446,389937,155216,2918187,294214,51116,872379,3878504
7752,1,2021,6,971895,437449,321175,483273,114591,347302,354975,1600666
7753,4,2023,5,598615,85119,186147,875406,78349,361185,580036,4527404
7754,1,2024,9,844151,77128,77654,515505,220503,141584,301533,1662785
7755,4,2022,3,187243,248625,199678,817678,196700,85697,737922,3758929
7756,5,2022,1,203611,172360,334900,1167124,172450,375457,1711568,4223504
7757,3,2023,9,426250,413971,135121,1764765,292633,381325,1261635,4616464
7758,1,2024,2,169291,144867,220041,709257,226501,391360,439762,2099487
7759,3,2024,1,832889,214751,55945,2299479,76452,50963,314281,4527553
7760,3,2025,9,382712,442101,245537,2973866,299072,55523,1219831,4949473
7761,4,2021,12,401868,206939,195822,2217070,277071,245928,667106,3389135
7762,5,2023,7,944612,336604,230146,2789603,156462,310122,1958060,2453959
7763,4,2025,4,641287,123609,242109,652600,232374,268137,1916868,2132938
7764,1,2025,8,452130,445632,324725,1102575,272669,133311,418662,3640873
7765,3,2023,9,702663,278057,263535,1389327,85491,243813,1586816,2885489
7766,4,2021,5,493812,400048,189570,961383,231691,70344,1901703,2067084
7767,5,2021,7,588236,381125,383141,1938759,165503,381291,815162,1848233
7768,2,2023,2,592959,75951,60688,1418856,205988,97678,294293,4745021
7769,2,2024,5,170074,315180,274442,2709614,230615,366638,1126611,4702610
7770,2,2024,6,206614,442194,180752,646668,155012,135485,1290649,1033515
7771,4,2024,1,141086,392959,214512,1664169,109824,277497,515928,2052641
7772,1,2025,6,854172,334960,61561,745601,232151,363266,942155,4411071
7773,5,2023,4,610858,396388,251106,1911495,126589,249125,910060,1277914
7774,4,2025,1,722280,179744,139463,2975456,152938,380658,1942449,2475630
7775,1,2021,8,624848,440665,63715,1580485,90344,102870,1089410,4046610
7776,3,2025,5,589958,190582,89461,1878874,181237,294693,814321,3441567
7777,4,2024,8,252336,110967,170182,967184,168426,272422,1934132,1531481
7778,2,2025,8,156803,302179,105789,342049,143735,53494,1657212,1246065
7779,2,2025,8,722164,201089,173118,702473,186391,318167,1874909,1005031
7780,4,2022,4,647115,213282,100334,1847844,168925,387054,1470389,4952340
7781,1,2022,12,117540,470728,155039,633646,80714,176249,1654049,2842982
7782,5,2024,1,939127,150518,89533,1053453,101992,68523,1410406,4855252
7783,4,2022,8,690511,317714,359412,2282284,196642,169725,856391,802251
7784,4,2024,9,677696,214430,345441,587346,260646,270549,608749,3404629
7785,2,2024,2,348767,333845,117168,2663138,119854,339646,1518534,2245950
7786,4,2021,11,799423,347583,232155,448655,180738,52242,254609,4530237
7787,4,2025,5,683322,315517,234033,639423,90470,109047,1819018,1886145
7788,3,2024,11,851311,211042,236526,302547,272493,88585,1474859,2096792
7789,1,2025,12,951088,445730,109283,1752241,231959,326606,971341,2013393
7790,5,2025,8,576027,431157,373445,1850436,226543,92056,854601,2643345
7791,1,2021,3,606995,103934,323923,1337998,258336,332734,1910267,1343583
7792,2,2023,7,313837,379637,133768,1986284,244405,219011,435459,3771825
7793,5,2021,7,453797,246446,399534,374191,65481,121214,1289804,2026246
7794,5,2023,10,608023,401312,242730,1264533,284870,280610,916003,2222447
7795,4,2024,12,362979,345982,195231,2395216,97169,179128,557620,3450220
7796,4,2021,4,994068,499709,342988,768014,254939,319970,1988657,734708
7797,4,2021,12,668754,137676,162426,2122376,291269,79426,1423435,3365895
7798,4,2022,11,603580,451578,378068,1584373,200716,290576,1171201,1568463
7799,3,2022,2,853569,195555,216524,2700330,105432,386300,889254,1184824
7800,1,2021,8,357758,372102,211554,1129143,261373,198434,694832,2709074
7801,3,2023,3,259625,406908,202001,2381836,224014,191122,1849007,3005434
7802,5,2022,2,593759,241355,231821,2559935,167592,396915,786600,573843
7803,1,2023,11,510915,117747,212751,2235571,147537,370122,742811,2089504
7804,3,2023,6,400936,315772,68240,2634561,156364,64782,444293,1518630
7805,2,2021,1,297073,383192,85426,1683318,97844,51999,560236,2344906
7806,3,2021,2,911635,484419,69307,1562089,114705,76874,1896240,4193772
7807,2,2021,10,590029,403526,215251,2548054,190145,363740,1083903,4483560
7808,3,2025,5,926559,407075,296089,2492809,246795,152286,759558,1002102
7809,4,2022,10,788331,253809,117320,2889212,53397,206763,268011,4130084
7810,2,2022,7,957391,401386,180403,2636373,262217,216502,653341,2111314
7811,1,2022,6,778480,497109,171827,1525852,223815,158121,900877,1264242
7812,5,2022,12,277159,426238,176976,2703335,209458,309706,1825794,3050042
7813,1,2024,11,564207,357480,249129,2730222,99361,201505,628084,2178274
7814,2,2022,1,575576,267140,143246,1609319,99093,237137,380725,4321517
7815,1,2024,4,436461,499616,107897,2294232,180956,218783,1564309,2996187
7816,4,2021,10,947333,340662,339636,1703280,214485,242361,1136522,3269982
7817,1,2022,9,394554,117765,106330,1089307,206375,122735,1241808,3957991
7818,5,2024,2,856198,346408,217161,2469750,60997,208101,1029485,682572
7819,3,2025,1,140065,410065,370111,1730709,106732,209949,1544482,2191229
7820,1,2022,11,534173,222435,71186,1024921,59168,281755,1674196,4657417
7821,1,2024,3,345599,431637,76928,1561340,120819,249692,1951809,1690351
7822,3,2021,1,956160,443183,272411,1465473,259349,134646,1582777,3701195
7823,5,2022,10,352661,328052,390537,1660462,245182,203822,1638011,4754629
7824,4,2022,2,189994,204420,249179,461686,90114,344418,490480,4166253
7825,1,2025,5,589516,212315,76318,625139,232334,236216,703669,1861474
7826,4,2021,9,501779,270579,116056,437971,119967,186834,232115,2959203
7827,5,2022,6,953557,140309,354321,2523202,62141,282021,1847378,4709343
7828,5,2022,8,563075,85756,306816,324345,175236,133823,1006434,861125
7829,2,2023,2,958946,473884,291067,2871141,217765,56225,548703,1852072
7830,4,2022,3,652736,159384,369173,424721,184433,213314,1873540,1805694
7831,2,2024,3,824767,429036,142747,644757,248489,171361,578180,805695
7832,4,2023,3,891929,202753,150127,1217845,233022,148339,679689,2746205
7833,5,2025,8,187579,196953,372670,2595524,91528,304496,356110,2683524
7834,3,2022,6,601656,267353,334073,755361,219121,249388,1966976,589344
7835,2,2024,4,700603,421411,53160,1889270,115868,282147,610115,3664825
7836,1,2023,6,526728,231371,291200,811318,153419,391257,775842,3334231
7837,4,2023,11,284942,495548,312077,305591,144902,332989,956877,3340705
7838,2,2024,9,706263,319719,378787,416596,78410,370559,988845,1692181
7839,4,2022,12,202210,464972,316446,1102709,279014,87410,1113097,2573826
7840,1,2023,9,794146,305297,361883,386808,149820,322396,1065395,1165155
7841,1,2024,4,816399,410164,337063,1213330,73542,331145,1409088,2635147
7842,2,2022,2,876503,146031,123436,973300,234142,221277,1327537,2483882
7843,1,2025,5,816927,391346,396867,2276708,146437,65530,1905905,3777796
7844,4,2021,4,817272,105072,284082,2362835,178718,378249,1867811,1971277
7845,3,2025,3,503450,181429,214833,2959195,115760,257616,1150770,2033698
7846,3,2024,8,237089,466515,395328,1567017,140972,194981,1646867,2451063
7847,3,2023,1,844600,350914,319758,848975,283204,275379,1683639,4423356
7848,5,2021,5,663310,272981,249712,2414942,290454,179672,1310548,1942033
7849,2,2024,4,364073,454983,89672,1522148,229767,327771,1797445,1247791
7850,1,2025,3,943178,235898,379831,2227825,81303,342063,1769623,3957673
7851,4,2022,4,423651,137585,285833,2593856,175882,259958,1671483,1356171
7852,2,2023,10,681374,269612,128911,1254887,61889,280509,801691,4537465
7853,3,2025,12,848829,187521,236758,2591610,256093,332150,899142,1937064
7854,1,2022,11,588448,90932,298691,342070,116840,292344,348796,3729093
7855,1,2023,4,811254,151263,358027,1211855,222351,90219,469421,4780988
7856,1,2023,4,860147,498650,64796,723930,117936,133860,918393,2351652
7857,1,2024,2,705949,458581,228593,604657,117758,215084,939661,3165393
7858,1,2025,8,559517,258619,148707,1255434,215608,116342,425927,976134
7859,4,2025,12,255353,110225,247167,397955,256199,131750,480612,4586413
7860,3,2024,10,125640,180811,279260,418539,122843,208184,327294,1996210
7861,4,2022,7,873630,347680,162821,2957401,199016,146071,1311832,2830620
7862,1,2022,12,268775,199086,247315,2970434,59849,324305,841861,4698589
7863,5,2021,4,947534,136920,215984,2599217,130289,224532,702171,1843469
7864,4,2025,4,503554,475290,351256,1584761,241412,388230,904257,1388103
7865,5,2025,7,542199,450388,77163,398278,173124,60191,835523,1507028
7866,3,2025,12,545161,70628,185651,2779304,106316,86901,538217,1318190
7867,2,2024,3,802267,425914,195229,1942841,266973,54267,1043774,2544801
7868,1,2022,2,298852,220734,82912,1893677,124518,221506,325305,1242533
7869,3,2023,6,187840,376185,354090,425299,190601,359641,1565689,3308710
7870,4,2025,5,280031,131077,239680,2615563,60347,350147,1727246,4963106
7871,5,2025,8,700858,262873,352358,1768592,84143,135949,328824,3737146
7872,2,2024,10,949583,76927,397131,901966,236627,339681,221527,1140113
7873,1,2022,10,163408,440228,197866,1461379,59802,256786,779816,1125494
7874,2,2023,4,651914,490458,127337,2962954,90990,224318,1289863,3752303
7875,1,2025,12,320506,447515,360656,831978,188174,56670,1997633,1013735
7876,1,2022,6,590176,299340,200466,2178427,108053,180116,1674528,3313175
7877,3,2025,12,751031,99385,216310,2302802,208625,360604,1048518,3437379
7878,3,2023,7,431529,406159,373971,1398440,64192,345675,1619080,4913663
7879,1,2025,11,449581,276589,112809,2400017,195425,76244,317651,4683013
7880,1,2023,6,695978,164292,358812,2788553,56423,319508,1553059,4905882
7881,4,2022,4,162319,91747,147553,1130463,87222,343079,221003,4553378
7882,2,2025,12,333046,314911,72419,2813417,145179,203246,1623353,3625745
7883,5,2023,12,391044,238196,78570,2031353,105301,384711,389037,1880055
7884,1,2022,10,457439,496742,115455,1046472,182957,143743,1936005,1563065
7885,2,2021,5,992285,409009,144514,2915004,180530,145457,1918351,1461706
7886,3,2022,6,723985,328167,290351,1721365,166135,261739,311770,4509086
7887,2,2021,11,809790,405902,170747,2114015,97052,58658,677394,1809439
7888,1,2021,2,143293,112413,105759,1829475,89042,314146,945865,2283690
7889,4,2025,5,170491,258714,91844,1318201,139539,370381,565251,2756893
7890,1,2025,7,414297,292431,308881,686627,64660,369268,372192,4475199
7891,4,2022,1,545843,82103,399192,1883599,262035,152657,321605,2905814
7892,3,2023,10,682785,88910,97979,686648,197273,242126,1093317,2530807
7893,3,2023,1,336705,380396,236887,357393,144947,167405,1954995,2129919
7894,4,2021,10,385414,116507,247993,2862742,189579,347511,999995,3663516
7895,2,2024,1,367587,370170,320372,2895425,253702,329647,668832,3935262
7896,3,2025,3,700917,171732,347354,332475,213785,357100,561211,2634716
7897,4,2024,11,498729,484994,84979,2261305,128934,86352,1109230,2788672
7898,1,2021,12,968605,114476,119424,567860,256063,254631,1669385,3561373
7899,5,2022,2,938508,468801,230054,1423265,73245,238831,512794,1411105
7900,1,2024,8,327911,456006,261857,2740748,147243,291939,1430174,1602372
7901,2,2024,2,409228,135118,115919,977235,281703,325957,1504021,1821184
7902,2,2022,9,476106,373208,154070,722635,140415,285852,1585483,4163139
7903,1,2021,10,770497,170038,177061,2708933,128484,124491,572356,4938878
7904,5,2023,2,532809,439324,105592,2939695,155086,91381,1982687,2131577
7905,5,2024,10,255075,105217,283000,585273,89262,318657,1072712,4389733
7906,5,2022,10,882973,141617,54873,555987,148383,377154,1379858,3196621
7907,4,2021,10,474420,114111,227682,713456,83112,74865,1766441,4098284
7908,3,2023,10,461381,439187,104107,1027904,107988,68101,363003,4054912
7909,5,2024,12,934035,131083,387346,1953501,262689,57428,897611,1922640
7910,2,2022,11,726738,476952,71457,1297986,133815,270902,1407144,2447044
7911,4,2021,1,930551,132265,277995,872987,170141,85201,1615664,3625283
7912,2,2022,1,313447,123760,294211,349982,101131,268187,918763,4345682
7913,5,2024,7,825978,107583,371277,1174196,225659,138939,1321213,4804017
7914,1,2024,2,740522,94474,223701,2838668,65652,157837,1552594,2159808
7915,4,2021,5,387877,302213,125621,1530098,66379,254950,1505289,1638262
7916,3,2023,3,148356,271258,373263,2204744,265790,79953,1189148,3525381
7917,1,2025,9,673772,258576,67235,1252608,137820,288476,1453709,4636557
7918,1,2024,11,393617,254880,284279,2858148,216670,130996,1923434,4392352
7919,4,2025,10,719707,365528,84682,2661382,78344,348500,997272,518207
7920,1,2023,10,219204,83991,66334,675015,94186,373857,653839,1231758
7921,2,2023,12,980093,141835,120858,469709,151753,311462,1338655,1436733
7922,3,2021,8,775049,365183,148781,1918328,112664,229037,859226,4612765
7923,2,2025,10,769518,80201,388675,2825377,133738,352204,812474,509001
7924,1,2024,1,271486,421283,317116,1790467,197794,250443,1242849,1227353
7925,2,2021,2,693503,414531,92113,2481799,167704,156058,608369,724692
7926,5,2025,2,918351,217560,273589,862193,75696,134634,1014533,1295476
7927,5,2024,12,993179,247907,66328,1418794,63341,347752,1077897,2128753
7928,3,2021,11,193760,390442,245150,2433803,197842,379064,211856,1358626
7929,5,2025,8,301131,62788,377337,1827354,238447,260231,1787698,928491
7930,5,2021,6,930372,75410,122975,2952217,168033,254143,1068465,2383778
7931,2,2024,4,664605,249696,107528,2165402,216608,303257,679820,3914421
7932,3,2023,2,350296,300941,338390,1086940,58690,175813,803671,4746244
7933,3,2021,9,869333,139488,183312,2990586,148742,174690,1180836,4989977
7934,3,2025,7,770965,54172,91960,2983153,53348,354948,718160,2486942
7935,2,2024,1,306388,390790,357794,510160,276323,196903,1632509,3645246
7936,4,2024,6,711070,229487,318853,2349175,152177,201310,1508776,3413507
7937,3,2021,12,300985,196756,144071,2731628,240587,135150,1909831,4650668
7938,1,2021,10,729706,189054,287663,412145,213801,360387,540646,3196016
7939,4,2021,5,958084,183758,145433,371659,110927,90001,1762430,1685730
7940,4,2023,6,488451,120222,60201,495479,61977,379398,1313041,4633037
7941,4,2025,3,233773,274052,97803,1592227,241813,138907,1596404,3207592
7942,1,2021,3,288710,280388,222700,2263451,160161,183308,1437890,2388602
7943,1,2021,9,178310,203332,378496,751345,169772,170158,868032,597471
7944,3,2024,1,262459,431584,361772,2831480,123909,271290,840846,4339977
7945,4,2021,10,847487,276290,299890,1446145,108717,321000,775683,822268
7946,1,2024,6,488610,440516,136636,1124397,113138,75732,1028306,2934109
7947,2,2024,7,134177,417364,82243,1919153,116417,323016,1821786,3957249
7948,4,2024,3,155840,440469,153032,1571408,50059,248056,872180,3107854
7949,2,2023,3,187052,365771,251241,930778,268150,72464,1574901,3474413
7950,2,2025,1,830642,464950,308442,2067684,52957,51605,303414,3951766
7951,3,2023,3,220630,402949,96562,2604965,142418,117678,586158,765421
7952,5,2025,5,695250,331845,326775,315194,86869,148252,987250,1722540
7953,1,2023,12,734027,475171,88476,1651268,176822,397412,740098,3765027
7954,4,2022,1,107337,226471,297577,2578175,290699,245184,415678,590600
7955,1,2021,3,602378,407041,352252,2528594,284759,101990,265201,1704174
7956,5,2024,6,928226,390158,119011,1958807,90380,157478,249309,2824209
7957,2,2024,1,291294,427607,85786,1239230,187692,161683,1526817,4571816
7958,3,2024,10,879619,478638,248605,2579293,182038,317914,952358,3790212
7959,2,2025,4,385990,99045,141262,2577020,52060,116410,1388548,2206276
7960,3,2023,5,256572,247416,306819,1468430,176284,134264,1260752,2929595
7961,3,2023,7,497545,55245,340535,2339906,96718,308953,708225,3583709
7962,1,2024,6,315934,494165,399509,496675,135214,84520,1387619,1364650
7963,1,2024,8,517989,219228,395178,581144,138224,314781,536799,2080079
7964,5,2024,1,576134,422896,391559,1314352,220326,117461,976030,2564143
7965,4,2021,12,896807,442921,381437,1285134,106076,271115,611716,3008093
7966,1,2024,10,440951,77230,220862,414651,83675,169120,1797091,2818966
7967,3,2022,2,633721,418396,79145,1481417,169184,68462,1538126,2301228
7968,2,2023,2,844404,351450,182320,1621841,67709,207375,315755,2191177
7969,4,2022,2,394559,499499,358167,2658662,286715,173648,1794484,3157486
7970,4,2022,11,269894,246606,246235,2454485,179021,77248,1472521,1488772
7971,3,2023,9,863377,65753,354653,1285142,177427,320202,1884847,3105286
7972,1,2023,8,358724,470435,97792,877865,85183,199579,1820123,984507
7973,5,2022,11,250297,195964,336072,1994775,76128,398628,1012260,4368239
7974,4,2025,10,899966,335445,255767,537656,139053,280712,856121,1147167
7975,1,2025,9,489373,90482,178641,2812868,56719,264511,1091239,2047081
7976,2,2024,3,567847,429141,210848,2129549,175473,295486,833257,2107033
7977,5,2024,6,998347,459527,114975,1987219,101588,304675,399241,3881454
7978,3,2022,3,559325,173990,254156,1058904,74280,137130,1219441,1571616
7979,4,2025,4,730989,287518,238067,2748271,142668,103923,1331437,4625079
7980,1,2021,7,643429,318377,270349,722315,61765,376543,1214394,557288
7981,3,2025,2,395483,70119,158740,2982513,258438,239719,1578147,2012448
7982,1,2024,8,412644,307721,328537,1439736,103928,356459,1982970,3549673
7983,1,2021,6,342151,351774,91337,821076,186223,388330,1205393,2471107
7984,2,2021,12,501807,272211,392761,2938284,224966,237883,615846,1152465
7985,4,2023,10,915243,100049,366110,1146707,260496,231687,227743,1661116
7986,3,2023,9,535566,150082,163110,2637593,187297,265971,364864,1721770
7987,2,2024,11,416326,442445,83795,985620,279113,378546,1466794,2545828
7988,1,2021,2,510756,165552,185830,1653496,150476,126521,760374,3151503
7989,2,2023,10,202427,127025,189425,2277359,281154,399353,509802,2084402
7990,4,2023,8,718291,199785,378704,1696584,225494,321016,303432,3057838
7991,3,2025,9,371536,162413,302298,2534248,297899,304111,832233,3450590
7992,3,2025,4,511921,482399,308310,452839,259623,235094,674207,4968744
7993,1,2024,9,107250,323390,360593,1923083,121891,338000,1275347,671519
7994,5,2023,1,731738,150532,379416,991066,290672,136506,364678,2496099
7995,3,2025,12,470319,368182,76111,1619364,122651,238992,946479,4784404
7996,5,2024,5,204222,386601,378485,2584096,81619,118415,1311628,3689501
7997,3,2024,2,365802,166088,293131,2897643,52477,54212,909294,4956897
7998,5,2023,3,566369,121311,388580,995765,75296,224405,1940081,1336925
7999,3,2023,3,595532,269260,385544,2610614,52912,386283,819538,2725152
8000,5,2025,5,619563,299287,305439,2747543,229922,87861,1387626,2604671
8001,4,2022,6,381797,360915,356496,2629327,114767,233974,329004,4688630
8002,5,2025,4,202917,412821,362490,2419658,262546,297242,895473,2216420
8003,4,2021,5,230647,247313,61111,2412248,284333,359426,695443,1337643
8004,1,2022,1,854769,188016,122669,2971256,161247,320448,1005342,570806
8005,1,2025,6,958281,491190,59735,687140,192103,87181,933190,516454
8006,1,2024,11,169700,470173,69957,2615655,111858,304423,1132409,3857722
8007,2,2025,4,252484,473242,61017,2893391,223949,327167,1257379,3554388
8008,3,2025,11,775560,296390,63777,764003,195638,130203,332706,4819552
8009,4,2023,9,688760,203402,158773,2265403,146450,361449,1906196,2987187
8010,2,2023,3,268798,404210,249693,437564,173539,214273,1711962,535472
8011,4,2025,12,292611,371639,369533,385838,227186,62992,245051,3263677
8012,5,2022,7,582338,354313,229568,2680798,79637,155199,1866683,1212525
8013,2,2024,3,552749,380797,161827,2868011,279339,273126,1933619,3280435
8014,2,2025,2,928736,161258,387179,431689,243875,157527,1246741,1749712
8015,1,2023,2,159750,75446,51575,766450,81754,319285,1458169,2692528
8016,3,2024,4,808419,451760,89154,1984651,260437,226270,835966,3177072
8017,5,2021,2,108591,369705,390848,1897777,179547,303582,1460394,1052608
8018,3,2023,4,383925,409810,133849,2944317,144949,393211,1228697,1220986
8019,3,2023,2,829715,292744,399130,2705486,117201,362713,1405117,1716899
8020,1,2022,11,692059,426524,296238,2169918,252382,323839,1331748,1265768
8021,3,2024,8,889055,408118,89485,362059,118434,385633,848683,3385340
8022,2,2023,4,214296,139614,339612,1827029,292446,322830,705803,3282643
8023,4,2024,4,153401,437532,316358,771039,295594,153154,386844,2496804
8024,2,2024,1,717492,301576,369372,2921969,154182,145630,1835976,3581219
8025,4,2022,6,113112,313624,50021,2043987,178494,395994,1519217,1538941
8026,2,2022,10,631070,172937,328333,959762,219663,212208,925215,2268022
8027,4,2021,1,871723,390676,347268,1107956,195226,109596,1995159,1465913
8028,3,2023,1,369980,281754,286774,1155770,222032,112567,920104,3489410
8029,2,2024,7,902401,88058,350104,1708169,142458,199778,1465219,3717194
8030,5,2023,2,589268,285517,88850,840934,88257,327196,1588943,2522623
8031,2,2023,6,836316,225405,271040,2788378,195875,381215,1325605,4276001
8032,1,2021,4,994552,180812,273839,1748118,266212,251615,815215,2604139
8033,2,2023,12,262105,283712,318338,869139,133674,394369,1319878,4069063
8034,2,2025,9,731318,186425,231922,1962194,83060,221497,1448356,3709198
8035,2,2021,5,303235,66611,191113,2129341,100600,165876,1196703,1943899
8036,3,2024,2,586241,129304,251153,1906492,88867,75852,1569197,1434350
8037,5,2021,10,972761,433151,325059,2768210,192299,164608,985159,4574267
8038,2,2022,9,810079,377037,302273,1158870,160195,103258,1142260,3004076
8039,2,2021,3,631580,353588,143424,1583015,257597,121321,997459,622647
8040,2,2023,11,205171,203195,329703,2182859,69119,152693,1876395,1885282
8041,1,2022,3,544667,323062,339414,312888,192613,165304,349029,3437860
8042,3,2025,6,162518,215248,388833,2693794,89754,393179,946185,4611430
8043,4,2025,12,438664,103579,386548,2388791,184074,193938,1195507,1844200
8044,4,2021,1,855366,118234,274109,2671969,68495,374917,1957789,2819677
8045,4,2021,10,790148,280761,231029,322981,78126,102345,370787,3176768
8046,3,2025,6,825124,303812,180480,2402309,261906,111552,1884548,2150418
8047,1,2021,9,501166,302075,242769,1373842,60031,234695,724882,4891579
8048,4,2021,7,785646,81783,261801,2122515,217590,168595,420900,3822546
8049,4,2021,7,400872,299613,378443,1479886,55416,362314,1578739,3835381
8050,4,2025,10,353610,142289,63222,2459558,293104,117293,821265,2284083
8051,1,2024,9,796691,365124,251638,750714,186254,102926,654754,3357075
8052,1,2024,1,557677,257672,380448,697724,270491,305776,1209934,1891091
8053,1,2023,6,721877,391720,57979,1712594,219610,317285,493745,3413218
8054,4,2023,11,902375,66573,181158,1606970,139905,56966,815690,2807406
8055,1,2025,2,154131,250854,360317,2779076,258592,302385,1274876,4278048
8056,4,2022,12,422572,105428,88865,2735819,113389,183148,1138525,3850379
8057,4,2021,10,974641,465920,232729,1125492,294845,92220,991950,1432509
8058,4,2022,6,943812,156359,180344,1316698,122983,51811,613290,3577613
8059,5,2021,9,315766,409147,349802,1758147,83100,262521,341665,2826571
8060,5,2021,10,420680,178936,186027,936829,87258,357256,547312,2124287
8061,5,2023,4,185416,280911,240530,1888773,134107,311662,1228292,3539046
8062,2,2022,9,431685,330375,103994,2256408,232623,201260,1200768,3019740
8063,2,2023,9,656663,304992,168909,2659371,237104,166167,727347,4337666
8064,3,2024,12,174856,351286,366211,2960944,147635,390868,761365,744368
8065,3,2024,12,714909,403264,216025,512432,172498,179134,648817,2114562
8066,3,2025,8,541364,122637,112480,2333870,234666,395714,1552012,4120777
8067,5,2022,11,231403,256799,197838,2966356,246864,102260,1622324,3555521
8068,2,2025,12,694078,424926,282703,2600288,129134,311699,1514815,3084277
8069,3,2021,9,307728,104583,318934,2302261,254870,230179,655313,660209
8070,1,2024,9,806149,421664,250605,912094,57212,371822,1591727,1290784
8071,3,2024,10,218669,352598,274763,1432221,242556,348084,932835,1110604
8072,4,2024,10,121087,411584,154687,2794521,70152,245780,1597319,3840424
8073,4,2025,8,684126,218829,218228,2313975,222350,180174,569379,3658178
8074,2,2023,2,119812,313661,319366,441741,67048,143815,1263780,2977347
8075,4,2021,3,954719,359442,60686,2636284,151899,64642,1887935,3092709
8076,2,2024,2,107598,213512,90739,2806987,200098,59637,552958,1192322
8077,1,2024,10,834931,150248,369675,2549034,166991,114325,268791,1352547
8078,3,2023,9,649591,90613,345958,2618039,71472,340718,420073,4103661
8079,4,2021,4,275800,401353,181001,874866,289894,336387,1416057,2144107
8080,4,2024,2,907103,414959,96893,1565250,259928,202549,1485283,4033412
8081,3,2021,7,696011,70961,295852,2034874,196347,201266,1296222,4713776
8082,5,2024,6,654232,202234,59967,499684,99940,305703,1167311,1658519
8083,1,2024,4,870028,304622,257158,2544869,254505,248257,1748229,3106440
8084,1,2024,6,901679,414925,268565,534490,72241,280476,933948,819165
8085,4,2022,5,848040,424707,363096,2911413,236676,55334,1746429,2958513
8086,2,2023,4,531376,387718,213334,763908,129702,317138,412497,4188300
8087,1,2021,8,737148,80076,371295,1492734,263328,110106,1905948,3876909
8088,4,2024,11,820551,373747,226336,597345,53494,162848,726607,4665332
8089,2,2022,9,888182,84477,147722,1389562,86741,258531,416238,1809389
8090,5,2024,4,706982,172517,272011,2688039,275630,55096,922514,4933886
8091,5,2024,5,652439,498309,195218,1845655,162214,328667,1507124,4520415
8092,2,2022,9,792164,66424,276677,1910373,159072,318985,598532,1999720
8093,2,2022,11,320934,459348,61754,426477,255781,287951,1878481,4224160
8094,3,2025,11,149883,312467,319116,1394595,252764,290409,1964044,3207453
8095,1,2023,7,765133,327694,351979,1899629,258817,108420,1923166,1074099
8096,4,2022,3,324481,216500,119579,2595183,221083,170128,557703,4134544
8097,1,2022,7,469800,186268,264381,2908673,248253,253504,1728185,1969274
8098,1,2024,12,123582,187082,57888,1674876,123745,126154,1089910,2392877
8099,1,2021,8,209213,372144,67317,976586,141648,136868,820466,2520157
8100,5,2025,2,765713,170786,256802,1991460,81785,236996,639611,2301687
8101,3,2025,9,366385,113645,130956,2177596,56492,65109,1828801,2860798
8102,2,2022,6,812224,319425,380501,1667948,88931,87304,450841,3878372
8103,5,2023,4,142679,85977,325947,514086,194296,391314,237572,1974183
8104,3,2022,2,718503,247814,279317,1300337,101753,230731,900487,1862182
8105,4,2023,9,230277,306863,81412,1156871,152856,284919,237113,1820481
8106,2,2022,11,989325,424063,155833,743620,116666,267298,1503663,2724665
8107,2,2024,9,462749,395120,360817,1035713,225216,118261,1565292,1064054
8108,1,2024,7,864324,98373,110308,695382,164682,359777,1683623,2051656
8109,1,2024,4,636848,368761,241208,994281,56053,274405,1554354,3936492
8110,5,2023,2,813789,284692,203657,960331,143683,271821,223954,4346904
8111,3,2023,5,356363,120836,375955,1907037,163454,67202,829838,3829161
8112,1,2023,7,810609,456769,96070,1190416,183601,326454,877717,3636969
8113,5,2025,5,360744,353738,121662,335818,207467,314936,931625,3717943
8114,4,2022,5,521515,334002,143787,895984,85829,268806,1518020,1675751
8115,3,2021,4,599824,262547,191505,1756353,156784,218679,1930295,2775684
8116,2,2021,11,203276,259339,115720,507931,178672,209070,1892193,4636815
8117,1,2021,6,199332,396429,388263,1728235,192288,390417,399241,3290660
8118,1,2025,6,460686,312427,193211,2060010,193178,349708,1591321,532173
8119,2,2024,8,297571,360111,296799,621349,133031,230020,719187,4636848
8120,4,2023,9,785794,93798,157614,321818,264169,76059,1200640,959550
8121,2,2024,11,945242,477295,229881,2898535,101839,266164,404854,4984192
8122,4,2021,7,971021,264443,196902,2253004,258231,347716,1811211,2251489
8123,2,2025,9,129385,167259,336806,891832,126906,397931,1985654,3921651
8124,1,2021,1,670372,207643,396550,1497699,281772,144853,563621,1825033
8125,1,2021,4,197876,239519,74080,490123,136522,293950,206135,846953
8126,5,2025,1,836317,346190,298605,1147119,103486,379695,1738497,2144413
8127,3,2023,8,627912,496636,170548,2840738,198992,329390,952649,661602
8128,4,2023,1,890448,177641,180622,2606064,251766,95485,1418274,569607
8129,3,2022,8,408082,228892,346299,2553239,210843,299971,592166,3182101
8130,3,2024,6,502921,143281,219460,917151,76345,376489,1127771,3938613
8131,1,2024,3,988947,250642,233554,1430301,87288,78882,691606,2813165
8132,2,2023,7,958774,424571,168785,509534,294299,106783,1697399,2426274
8133,2,2022,4,340269,413824,375250,2566611,219553,354142,286922,1775956
8134,5,2024,7,462729,362384,58741,2035786,281827,163033,945614,3428393
8135,1,2024,7,844855,342537,315381,1663910,283084,317293,895316,4563057
8136,3,2024,2,775226,375764,133259,2344556,77647,160806,1344412,2604293
8137,1,2023,7,970025,183171,152195,1052592,216118,177091,1576930,3104818
8138,2,2022,6,670441,360513,277232,2268696,176890,344907,1410923,608981
8139,2,2025,9,643199,460309,324190,2134171,268503,57624,1210618,4149972
8140,1,2022,5,751638,139584,70411,2761916,237017,103154,1808706,2727069
8141,3,2024,4,658939,108950,193018,2336769,91626,129258,1199293,1981592
8142,5,2025,11,194901,379039,231251,2957748,86611,59584,1934711,3252329
8143,1,2021,1,159071,210129,155409,302206,190934,374238,1933259,4545706
8144,3,2024,4,654833,202573,178847,1776139,204063,327708,1068054,1744007
8145,2,2025,5,804338,261587,92902,2430405,287607,168004,379586,4712741
8146,3,2025,4,625285,100349,298384,2319321,293769,315188,251186,1972983
8147,5,2023,9,948900,232335,382224,1988987,51868,56905,925575,765415
8148,4,2025,9,813438,146305,199631,589348,297219,92275,1675844,2657045
8149,5,2021,6,280879,208454,389590,1578169,101116,192044,989443,4462268
8150,3,2022,9,145469,309465,89506,1973924,106923,125332,867655,4019144
8151,1,2022,2,548451,146076,236387,784643,251873,257412,602266,4164804
8152,3,2021,12,820674,150613,315335,2263218,193327,124468,295629,2348916
8153,3,2021,12,718952,196307,394935,1837770,56993,223237,642864,1146557
8154,2,2023,6,675776,329241,160787,1419534,282051,123105,1982617,2406970
8155,3,2022,6,911443,443168,72645,379231,143514,107278,449841,2418949
8156,1,2022,4,808228,467885,301893,1097668,124507,338583,836948,1395772
8157,5,2023,4,718579,204033,171075,1587937,51870,337808,471515,1386695
8158,1,2023,7,142834,57635,356942,1670271,50408,360961,1854453,4601557
8159,1,2025,4,791358,275379,228025,2858477,292799,166645,518729,2483296
8160,5,2021,8,496232,52597,141152,542772,76343,110972,1295265,3601372
8161,3,2022,8,296639,498655,99618,2890612,152350,304984,1923083,2624351
8162,2,2021,10,629742,60410,106952,1109374,277887,392168,1783480,2616846
8163,3,2024,4,662746,340020,120880,1930832,223110,270341,1717915,4139293
8164,3,2021,2,329705,499981,329243,1503805,182227,305051,1417182,2662297
8165,3,2023,5,510930,147494,55781,1892398,190184,150756,1066890,3818410
8166,1,2023,8,229347,57619,92185,840645,95683,293346,800704,4036766
8167,3,2025,9,763421,430410,65542,2462927,137969,252163,813827,1686172
8168,5,2023,5,210800,88094,397481,398389,170495,272175,1223309,1779515
8169,3,2021,6,636975,434193,74951,1412223,224807,122721,996373,3101572
8170,1,2024,9,844010,444319,63075,652956,61206,231836,1797543,2269034
8171,2,2021,6,303700,415166,221084,838923,51713,317586,1390246,648163
8172,1,2021,11,315066,362519,225673,2767567,219857,365092,1567337,2199703
8173,4,2024,10,581265,323185,94311,2374504,67750,283011,787432,2455407
8174,3,2025,7,483842,281075,346119,1249941,222951,362320,1225572,3336929
8175,4,2025,5,750230,349768,353577,2548697,222377,65516,1436304,4241252
8176,2,2025,9,401108,247846,246161,846700,246748,310773,900999,3583115
8177,1,2022,11,389447,421897,333913,1835114,239272,314434,1334345,1021264
8178,1,2025,4,852177,169069,300361,537582,293944,52793,226796,1629262
8179,2,2021,9,814830,238745,201406,1428398,102037,255656,293501,4266108
8180,5,2022,2,261423,379791,286571,1770655,245380,97969,1162699,736185
8181,1,2023,6,454234,329693,317962,1031900,208673,112474,1044989,4588464
8182,1,2025,9,543477,329467,290801,1011023,58054,89496,1778452,4732042
8183,1,2022,9,415148,467353,185432,694516,74622,368170,310246,2871110
8184,3,2024,6,799708,125156,263632,345206,105072,72580,1810885,1704992
8185,2,2024,1,374711,140852,235016,2561850,163929,62589,1384716,1449682
8186,4,2022,10,432459,339903,242414,2417639,280737,350565,650738,975743
8187,3,2025,1,577686,214674,277127,811680,144432,326932,1830899,1052536
8188,5,2022,10,458318,350785,62273,2089754,236581,207832,288220,538752
8189,3,2022,1,997336,316428,75968,1590652,275111,336446,1862187,2371624
8190,3,2021,5,124569,485569,161762,1067902,179952,284402,818607,3851814
8191,3,2021,1,495155,147564,276219,2608988,72087,339391,437755,4170964
8192,2,2024,10,454113,84212,102886,828747,88030,214915,301774,2082689
8193,2,2024,11,244373,250254,52023,2118556,216148,300989,1803716,902679
8194,5,2022,9,342440,302592,130291,1825899,163676,379782,256024,546126
8195,3,2024,12,509226,240161,241323,929908,104737,270883,1874441,4898484
8196,4,2025,5,425985,131427,390574,1600730,269333,377862,370131,3211003
8197,1,2021,6,717724,180591,299549,2296886,258362,140416,1423037,1940948
8198,1,2023,2,237197,58079,217844,2265898,57880,320557,385201,2652970
8199,1,2021,9,473655,94333,393099,382802,178816,163719,1057551,3777850
8200,3,2025,9,972488,412582,274350,685684,254760,145548,1401253,3537504
8201,4,2025,4,404844,102736,123602,2442108,128188,59931,1472747,3126757
8202,3,2021,8,182936,344999,338859,449227,61675,319608,1243686,3297332
8203,5,2023,7,998753,240526,248395,493143,141975,297944,1680191,946467
8204,4,2021,4,748959,498993,137153,1394058,157449,343624,1107174,3761916
8205,3,2024,12,641843,136655,114958,2945539,139574,83813,1039469,2787303
8206,2,2023,8,563879,372882,130100,753412,74274,201778,1374457,1910630
8207,3,2021,9,393355,91613,308117,2455397,58498,342737,256914,4926861
8208,4,2022,1,257526,121078,304095,2791544,99967,218248,760177,1399796
8209,1,2025,9,697352,320657,325169,1565955,119625,100010,1731812,4719062
8210,4,2023,2,288300,302990,83802,421435,160088,373482,1494638,1810621
8211,3,2021,12,912454,279783,313733,2352518,77612,225635,962087,3978056
8212,2,2023,12,116794,218033,184888,901623,206903,152325,644639,4963830
8213,2,2022,6,744653,344625,278158,2259650,77180,257092,1847148,1134782
8214,4,2022,2,738058,82714,113106,2745514,153499,236682,1093964,2468527
8215,3,2022,9,552764,387059,291617,1533927,154111,251467,1140344,1707123
8216,5,2023,7,324803,263785,269208,522275,234252,118026,932875,2719428
8217,4,2024,9,808171,464024,271740,2010929,94215,384572,1571404,999430
8218,4,2024,11,416734,141061,189610,1813631,128801,339854,674885,2854053
8219,5,2024,7,986087,89017,158943,1290769,213137,259857,1888025,3204461
8220,2,2021,5,481282,343089,178869,1731783,71429,203326,376229,2563393
8221,1,2023,6,775708,403665,232925,967541,268873,245744,1223851,4141436
8222,3,2024,4,389754,470607,158491,782860,193234,155987,922064,4453359
8223,5,2025,2,473593,69610,207189,1601107,132373,181225,393624,3460238
8224,5,2022,5,500273,276755,142147,770236,198064,97302,1749625,3979814
8225,4,2021,11,423867,440136,280589,1912062,198046,304761,968641,4162376
8226,4,2025,10,984563,120173,376809,2793072,226717,238719,718742,4406891
8227,3,2021,1,414258,456094,82530,2685970,166284,385533,1922539,1187281
8228,4,2023,3,112706,52883,157554,1221652,212650,224897,1428063,1783289
8229,4,2023,11,680916,136375,357529,1358539,154511,370434,463570,2793028
8230,1,2025,9,599699,481661,278142,1951243,197586,295419,494858,3965052
8231,4,2024,2,196920,76123,288030,1502289,88195,189436,404095,3516814
8232,1,2022,3,812797,470130,292269,915510,55985,120724,1531847,3188046
8233,4,2023,8,106565,269754,257856,2823288,195384,351472,1973286,2468256
8234,2,2022,9,546422,60774,295437,1967636,206028,379300,1022951,3725086
8235,1,2023,2,605115,141097,114719,867810,223869,395318,209325,1622671
8236,5,2021,3,819757,308939,234077,1841064,291561,81612,1673129,4751521
8237,4,2022,7,856716,240199,219111,896545,159226,353353,749894,2052367
8238,4,2024,7,401797,358945,106812,1501462,100150,278213,1318238,782346
8239,5,2021,4,637044,185922,189802,2633358,218478,75116,718571,3733164
8240,5,2024,5,239248,457924,142622,796117,298798,64643,1737964,4975313
8241,1,2022,9,623956,493574,219163,2975274,178594,228128,1267184,4267148
8242,2,2025,6,342410,337791,242008,2983731,211474,83373,1751422,4058392
8243,1,2021,7,927070,156987,275556,2941532,121689,213530,439015,4153966
8244,3,2021,3,149635,297145,106513,2853486,296730,389236,1951332,4160782
8245,1,2023,6,102335,479911,171089,2082432,83183,155612,1509474,2632310
8246,3,2022,4,386340,120891,200758,728198,235985,272257,257799,3860101
8247,4,2023,11,985891,453418,392005,2829269,117263,264204,1551414,3595448
8248,2,2025,3,620003,81211,60164,1315376,99188,91233,265567,1363943
8249,5,2023,10,686364,319088,360716,1084656,60089,179074,1275999,3066494
8250,2,2024,12,289152,172218,131579,2587033,192895,394955,916506,4645923
8251,2,2025,2,164762,218140,133354,2135651,66900,339765,702424,1069511
8252,3,2023,4,681201,184762,161252,1141459,256003,257169,1119983,2825313
8253,5,2024,5,346748,362109,76440,956169,93752,334307,852969,1812615
8254,1,2024,10,781406,268433,309071,952530,257145,306668,1345337,1304074
8255,3,2022,5,721916,118194,117410,557055,120078,298831,1529640,2569482
8256,4,2024,12,591027,495459,118459,928860,79887,67436,1134719,4644743
8257,3,2023,12,186464,498739,56325,2498949,254359,236471,1645374,4448895
8258,1,2025,10,751825,400031,57942,2905285,250451,379115,1819670,2504291
8259,3,2022,1,204899,390024,214659,780668,131203,108860,333167,2620044
8260,5,2023,3,196844,162416,73968,1898381,136319,285639,1881366,4690576
8261,2,2024,11,946844,287815,70050,1570926,217003,153445,1840446,3136839
8262,3,2021,11,364427,461433,367027,660612,275774,85004,1640816,2460281
8263,5,2021,9,986741,200453,147570,909795,197569,268678,475241,1807967
8264,5,2025,6,412924,145843,347980,1804845,62364,205894,1430806,3382884
8265,4,2025,4,466367,390281,260852,647725,295990,256333,1975685,808509
8266,4,2021,1,123765,57171,136281,382115,87426,82958,1727456,2549138
8267,3,2022,9,444827,105513,255733,395348,167360,157815,350133,3000065
8268,4,2021,5,943344,324219,155998,2524251,113795,159405,1750840,2085833
8269,3,2021,8,233797,331274,279570,2720676,108003,315214,935513,1362731
8270,2,2025,10,740283,83900,71389,1316752,64560,148432,1568959,3458911
8271,5,2022,10,305470,149873,334290,321661,191488,381024,312545,3945107
8272,4,2021,2,885694,257097,169077,689894,171968,219227,684549,2795833
8273,5,2021,4,824048,348402,331110,1888685,94106,107324,1601072,1747390
8274,5,2021,6,572375,59370,271317,2132843,60919,361789,1251447,2667678
8275,5,2023,4,324098,158484,339053,959555,54630,277182,1490668,4886896
8276,3,2021,1,139873,53635,389786,512801,109152,196266,835867,2128823
8277,2,2024,10,594751,315001,266721,1717564,161446,386499,1664231,1860877
8278,5,2023,4,741007,115276,367186,720437,290029,321839,879194,4779585
8279,5,2025,6,952847,175289,203655,1845945,219027,165603,916164,1281726
8280,5,2021,5,924398,339588,78933,1942234,163693,210517,333237,1936016
8281,5,2025,1,118779,462191,54460,2692287,125419,392356,635318,2427025
8282,1,2025,5,651332,410794,149285,1250337,138818,353523,874996,4021918
8283,4,2025,4,336972,488327,164662,2294911,224137,236174,733291,4707695
8284,2,2023,2,974733,221278,268473,1836784,288434,334966,566516,1838363
8285,5,2021,4,553418,198762,211265,2378469,278209,85337,828895,745831
8286,1,2021,10,106453,236876,241640,1094683,237285,348239,818682,4399285
8287,3,2021,8,302010,213620,109274,1911684,222948,75396,1140397,2234216
8288,1,2025,7,548287,133497,266923,1258136,72561,365028,1266744,1920410
8289,4,2025,8,126133,478475,105848,1752492,256503,306069,434281,4565060
8290,4,2021,12,430125,117685,355809,1248258,168559,136360,598268,1178309
8291,1,2021,11,286736,57616,385767,1296637,247153,274597,896834,2826700
8292,2,2025,4,304560,447854,236161,2078196,222569,195979,1255875,1339350
8293,5,2023,7,769461,319434,228302,1234032,149718,279071,1154870,4312851
8294,3,2024,6,669499,157264,105332,385482,286185,327652,1433561,4264374
8295,2,2024,1,178422,383066,114083,1818141,256290,117271,415782,4807293
8296,2,2021,8,331137,158261,275566,731733,173042,267665,1660652,1891663
8297,3,2024,6,507305,463093,249563,2125593,67535,383656,1898536,3976086
8298,2,2023,7,441051,141560,52498,1020246,172848,241883,1648169,4116775
8299,5,2021,6,721977,375015,231908,716433,202382,296198,465328,1620138
8300,3,2021,1,404206,151750,140965,2693838,180434,370956,1996847,3480451
8301,5,2023,6,809753,269164,339879,2751562,271532,66814,1000363,4512602
8302,5,2021,1,709373,481030,366976,1377178,216626,272696,1992206,1301183
8303,5,2024,12,526571,186324,298923,2789327,176961,238018,286930,3094799
8304,5,2023,10,231519,404311,94426,464355,209943,333997,683611,673773
8305,4,2024,8,741533,109959,50015,1879156,170104,296397,793748,4653590
8306,1,2025,9,263577,216893,340910,755558,157330,303403,1746481,2453816
8307,4,2022,3,820754,120751,246885,2705209,74708,320134,1211341,4788789
8308,4,2024,1,365084,77420,84975,1785777,178552,340821,665058,655774
8309,4,2024,8,177713,269147,365611,1081054,158045,337347,1562899,1456081
8310,3,2022,10,127715,217736,278436,1309877,59037,164867,517932,1723188
8311,1,2021,1,417001,274127,382165,2645612,96622,359560,1684097,2506605
8312,4,2021,9,898197,128584,302356,2006615,77142,64436,1414938,3171050
8313,5,2021,1,149694,116306,219236,1930162,213103,139910,1412238,4759319
8314,4,2022,8,573477,475547,284988,1999593,160489,259211,739163,2305626
8315,3,2025,7,294914,295958,167687,2590970,95374,70197,1198847,4744681
8316,2,2023,2,576253,469687,110705,2309982,98713,205557,1419538,3118616
8317,1,2023,6,671420,144046,378634,1542401,262545,300441,263603,4267239
8318,1,2022,6,692650,456434,360266,656582,225008,175749,1648459,4715602
8319,1,2023,10,111135,60419,280915,2950355,104708,132878,1370946,665892
8320,2,2023,11,876938,202362,131336,1171961,204927,68966,1638228,4352905
8321,2,2022,9,252441,469813,314168,914614,216695,211786,887427,3081043
8322,4,2023,4,244974,124132,228764,1771188,84342,226454,1507569,3378473
8323,4,2022,2,591396,458721,297821,710267,175628,220058,1764074,3022647
8324,5,2021,7,299409,164735,53818,730333,121216,307208,1310899,1605016
8325,1,2023,9,170375,265434,89173,418295,131650,352140,1708618,2498931
8326,3,2022,9,987674,55404,381816,2573477,67503,94322,671632,1405479
8327,1,2024,7,676276,409920,93763,2918270,235602,270527,1047490,3875669
8328,3,2025,11,864410,114068,354465,2703752,64873,397667,1864180,2505693
8329,1,2021,6,423637,479089,264415,1815040,170435,121087,1680798,509992
8330,4,2025,5,777867,358474,160497,2336711,159420,59576,1423301,3069754
8331,2,2022,1,627671,119095,160410,1374408,153588,92838,1390722,3464414
8332,1,2024,5,914390,386868,101011,1525120,117544,365307,1087728,2858159
8333,1,2023,4,765077,412034,237413,2101727,260675,228349,442803,1298543
8334,5,2023,10,384520,118137,309691,1747668,113191,375776,927074,2538099
8335,2,2022,7,301845,200696,104093,1669548,83774,321592,1057236,1945947
8336,2,2022,1,619559,121188,269491,2231228,160797,62788,1479974,1784332
8337,3,2023,6,592467,440953,304217,1081864,209882,97306,702714,1189017
8338,5,2023,3,147660,202052,58785,2221592,80297,165854,1479543,3836586
8339,1,2022,11,531786,95957,192159,1132431,224321,124252,454517,4788845
8340,1,2023,9,144780,62640,367799,2261187,82429,331843,1275369,2082975
8341,2,2021,2,782820,355018,165656,1545420,59896,300929,513361,3100833
8342,4,2021,12,211644,376526,367938,2187571,60421,190111,671678,2420585
8343,1,2023,8,871936,54120,243430,377555,173744,297502,353576,4148449
8344,5,2025,4,640645,281422,374512,605208,258325,348911,296262,3464973
8345,3,2021,12,417975,330192,304827,401960,70845,87283,224522,3484756
8346,4,2021,11,331043,276807,120205,1232789,151352,314136,989748,4092102
8347,2,2025,7,307712,250292,92642,1084414,224203,180489,1409660,2425041
8348,1,2023,10,220040,248548,388302,1908637,240910,159487,1727282,4077600
8349,5,2022,3,654836,341753,105588,1803272,212607,287029,890341,4998517
8350,4,2023,12,879241,134569,85452,1314109,71268,349854,1525013,986598
8351,5,2024,8,224593,51201,355656,445662,257568,197695,1922469,1729647
8352,2,2024,11,863901,267322,103321,2707012,147608,350566,515084,1122926
8353,2,2023,11,865583,499427,360863,881913,187225,65904,1922389,1290008
8354,5,2021,11,416268,64886,381559,2829075,175450,176196,1250603,1538332
8355,4,2025,7,194613,202006,372042,750283,115576,392791,1406473,3533001
8356,5,2022,2,943982,402574,290692,2718428,155353,188658,1104330,2279596
8357,4,2022,2,509492,348853,147907,2893074,80627,318945,1546016,2979983
8358,2,2025,8,138234,154570,78537,1035353,57572,382174,1812407,4718703
8359,3,2021,10,872642,147326,369246,561484,268478,107927,770691,807665
8360,4,2023,8,583958,411193,223727,1842262,193801,128250,1769770,2430643
8361,3,2023,2,810261,473551,392711,2287888,274487,277113,421409,4036585
8362,4,2022,7,153642,391013,222073,1582808,147228,213832,1238325,2717380
8363,3,2022,6,681908,446653,380118,2349501,186342,216990,553232,2323231
8364,4,2022,6,555618,461674,209495,793771,219975,220611,542510,2486657
8365,1,2024,4,729299,127009,88026,1375160,152803,270958,286754,2489304
8366,1,2024,11,869147,233803,157161,2523779,168012,265035,1911257,4237506
8367,2,2025,12,923395,129825,62121,2910852,264654,312632,639317,4343678
8368,2,2024,2,592991,316835,168565,1941344,208087,158289,915124,3058143
8369,1,2025,7,897706,380507,199788,1182394,74451,208064,719824,2332099
8370,1,2021,8,562362,347846,272496,2880324,129453,131410,1099415,1633466
8371,3,2024,8,286705,117173,118310,2076922,201420,160882,1941930,3292935
8372,2,2024,6,992145,58787,99299,1046932,175423,215955,554389,3394829
8373,5,2023,11,596319,481851,218330,1232697,186325,132582,1741041,4315451
8374,3,2022,6,374683,495470,384611,1311127,81825,390183,210146,1819355
8375,5,2021,5,180469,259533,359980,453635,191174,312049,321420,2422533
8376,1,2022,9,391175,182566,154652,1408918,251345,210020,833668,4424768
8377,2,2022,11,962029,450733,212003,1169525,241067,284115,1882993,4290047
8378,3,2025,6,933923,229713,145670,2873095,94759,220853,1488395,2768413
8379,2,2024,2,845864,381106,159863,1060724,296553,247081,1757768,1356850
8380,2,2021,5,926923,494191,320385,2837674,211611,398093,1825402,3625794
8381,3,2021,5,721861,427248,98053,2204422,240071,293726,1286225,3734019
8382,5,2024,2,852088,452628,225417,1877856,272503,362831,997195,3327566
8383,5,2022,10,237914,59886,392122,2495328,164517,157157,1914228,2399193
8384,3,2022,9,295153,345223,377071,2309735,96481,269590,1137712,2803633
8385,1,2024,4,591534,405955,313277,2242613,186094,66794,847368,1914571
8386,1,2022,8,668607,188175,112523,2450680,276555,183422,643219,4750250
8387,3,2022,11,309310,320439,157181,2706342,201394,234041,320954,4906262
8388,3,2022,11,998130,277563,210796,1212879,257268,285015,938249,4210697
8389,2,2025,7,825198,196374,206296,1472545,66268,81068,1051777,4374946
8390,5,2023,7,455912,186248,230825,1738864,294555,146442,392846,3214825
8391,1,2023,5,863394,354575,314933,1818835,224907,395208,1060027,2911700
8392,1,2023,11,903710,436282,124292,617619,246676,277105,716817,2047796
8393,4,2024,4,652675,313233,185731,1766149,98218,196101,260516,2828999
8394,5,2021,5,702390,402532,346491,2047310,213416,228615,1002083,4285377
8395,2,2021,10,861640,390875,138780,1230592,215411,394310,1437399,766677
8396,1,2021,5,510939,137131,174923,2206133,99443,325613,1426184,656588
8397,1,2024,4,491346,210504,197832,2228363,296047,356123,910366,3514773
8398,3,2025,3,729088,494947,139284,2562700,138617,371594,1363355,3305707
8399,3,2024,7,293786,95279,136434,2396818,237465,247690,476615,3497390
8400,5,2023,6,777324,438080,243796,723564,60114,335265,684633,1160230
8401,4,2021,7,198369,481778,124171,393812,215453,72720,1759218,627763
8402,5,2023,2,534910,71788,83328,2517815,208312,222444,659083,2315039
8403,1,2022,11,959706,289859,351729,1092756,169484,376925,583780,1114009
8404,2,2025,12,649506,303213,155742,379927,148736,394068,692551,992404
8405,5,2021,5,193902,256458,354066,1082387,75249,393667,509361,1852695
8406,4,2024,4,646612,333116,147638,551966,73326,354493,309366,3432550
8407,2,2025,6,930930,285240,312347,2934269,104140,157252,1806155,2602501
8408,3,2022,8,968080,119662,180702,2971491,280731,388613,1715606,4989968
8409,1,2025,2,627073,204107,271080,1311246,80130,133188,1560788,4147369
8410,2,2021,9,263597,106848,364819,2988914,279991,175408,1100155,3939380
8411,1,2023,6,809221,337103,146134,2341125,286443,298735,262559,2331444
8412,4,2022,10,831763,408427,141870,302498,197095,251169,1051118,1331394
8413,1,2025,7,996481,318133,100665,544569,183150,238899,515632,3433504
8414,4,2023,5,932453,467579,271890,2810507,171711,147841,1563456,2841748
8415,1,2024,6,628676,258313,232869,445140,90479,129106,1185763,1761649
8416,1,2022,9,149694,179410,229191,1489901,101291,132546,1240130,1730419
8417,1,2025,5,295461,353227,218061,1062266,169185,387751,757920,750612
8418,4,2021,11,157758,221089,52114,562267,210556,289020,1348742,2108297
8419,4,2025,11,924832,298131,129523,568611,80357,118729,361008,1618515
8420,1,2025,4,438516,368820,315686,2034780,105572,201388,421792,1123884
8421,2,2021,5,454722,194054,274776,2585290,86231,307398,359732,3421003
8422,3,2023,6,634095,365942,278546,2805997,245058,154457,1364689,3893962
8423,4,2025,3,327626,269560,201574,2455251,130122,73617,1626707,4423904
8424,1,2022,8,161652,299426,283529,2023144,55959,139887,1695503,4168569
8425,4,2022,5,759269,269165,125279,1673937,97735,286444,268569,4185563
8426,5,2023,10,108336,490026,360723,1705394,126007,286292,1689444,4727630
8427,1,2022,7,589068,332839,254656,2119243,289910,167613,1509153,2220548
8428,1,2021,12,794716,482875,398614,1556320,100707,284082,302209,879099
8429,5,2022,7,439141,125391,211979,508061,122690,107753,1512317,4017221
8430,1,2022,8,888403,486538,351213,2164197,107889,271792,1528986,1593697
8431,1,2023,4,803139,61283,233555,1462806,179213,218235,1519995,4064086
8432,1,2023,11,977281,82773,221288,1845631,178478,129556,1674590,4896952
8433,2,2023,8,417124,83968,125186,1782130,266757,154123,1408977,4182478
8434,3,2025,10,549663,54971,148614,1263605,191574,92274,1606799,3848375
8435,5,2024,11,935528,424963,300313,1597838,70118,98625,705659,1613621
8436,3,2024,5,239926,439100,105768,2530924,93293,300877,599089,3633093
8437,3,2021,1,263968,76585,82102,480421,247788,166651,1225056,3193777
8438,2,2023,8,677829,61948,275237,1181244,261660,264877,622682,3300116
8439,2,2023,9,872996,405095,316872,516337,273886,92688,879199,4403555
8440,4,2024,5,930131,195626,78119,2738348,199209,340683,1175104,1900618
8441,5,2021,10,930349,248329,103859,374352,281004,277520,1354846,4293741
8442,1,2024,1,708767,412886,245153,1169944,246432,378371,962236,1091547
8443,5,2025,6,859603,151289,219257,348796,239314,74118,585518,2395651
8444,1,2022,10,570977,437292,355533,1142530,77000,183403,1096835,4301980
8445,2,2025,9,915402,304643,119856,2933700,153463,192293,1704026,4955441
8446,1,2022,8,572103,114230,369559,2413709,104197,143313,1679703,2873000
8447,4,2024,1,789911,494920,297589,1676592,148298,80325,1844710,1680743
8448,5,2024,8,489555,406043,159964,1528627,63770,335797,478186,2720077
8449,4,2021,7,165540,425799,332716,1620328,80853,377442,1729717,3992319
8450,1,2021,12,597720,349961,230277,478161,106742,74526,1627056,4979982
8451,3,2024,11,617741,275141,238400,1359846,143208,238494,393294,4008850
8452,2,2022,6,704197,146471,389519,2985224,201113,372018,486950,3013119
8453,4,2024,12,489406,248756,197522,976629,106011,144600,1426718,3258679
8454,2,2025,7,567971,354729,143621,1055755,142419,127278,1182091,2890702
8455,5,2025,6,879813,78148,194392,1205633,264656,91275,956093,1178282
8456,1,2024,12,998729,59774,220633,2010990,185115,182504,1098430,651141
8457,2,2022,10,231914,60347,62737,1445283,89048,292220,1013386,3210488
8458,3,2025,11,272227,189286,125206,1643331,65743,387706,890397,4004461
8459,3,2024,6,698744,432574,128143,2737848,166325,175264,1798006,2300165
8460,2,2021,6,481568,205056,159181,2114782,162186,277349,1564415,4692966
8461,5,2025,7,781106,164735,356388,2229547,185997,154387,1406511,4404468
8462,1,2022,1,957772,217810,289004,1179501,165695,317244,590756,2056727
8463,4,2024,3,453704,288609,388170,430194,241056,187294,1124307,3155914
8464,5,2025,6,950034,437845,121392,2256980,251586,348619,1816900,2205910
8465,3,2025,3,600828,419857,121786,2994357,298047,218453,1374784,4132452
8466,4,2022,3,147365,466004,325884,2863510,80078,62376,811140,2307940
8467,1,2022,2,258220,246389,339357,1974683,280481,341595,890143,4117172
8468,3,2021,11,973377,356455,258040,2273507,274157,274358,1360336,502697
8469,3,2021,10,855830,218881,274137,2845903,231745,140708,1421520,2117059
8470,4,2025,3,508957,431259,298685,2093661,86298,232449,1214204,3456629
8471,2,2022,12,798776,171493,220319,1510080,55284,70141,1700388,1104860
8472,2,2025,1,366761,287593,215985,627419,153060,120317,503901,4476363
8473,1,2024,9,635121,62852,87629,2370328,124602,199811,675460,1522751
8474,5,2025,12,383236,361514,194688,1604858,235947,395327,1971166,3704951
8475,1,2025,1,674779,382881,388899,1416386,160254,250788,859462,3684185
8476,4,2021,2,832198,201379,73678,1772986,182732,344224,361294,1188805
8477,3,2023,3,158331,52250,350614,370105,132348,88659,1514510,4587478
8478,4,2025,9,282201,252487,346225,467864,114514,209448,1220957,4244390
8479,4,2023,6,301885,172585,328865,1994566,212974,274359,1782287,3966587
8480,4,2021,1,210185,192871,360245,1440319,251786,100919,1981541,4978482
8481,5,2022,6,991521,117863,65200,1801879,134555,149614,1116932,1538172
8482,5,2022,4,234564,395101,134336,1833291,203222,227816,301069,3861376
8483,1,2022,2,421339,286482,346602,697123,141230,366058,1680976,3874303
8484,2,2024,3,712783,109980,128247,834190,242908,336819,1754427,1856143
8485,5,2025,5,436225,462934,82339,888860,219285,65986,1220308,1375837
8486,1,2024,9,340615,337944,192793,563702,101883,266524,620540,3886502
8487,3,2023,4,538365,150877,377181,357691,130786,212822,1592283,2703713
8488,2,2023,8,232709,95558,325564,2944559,105475,142784,584138,3646271
8489,3,2022,6,214987,201126,336871,981352,274423,137164,1436672,2649014
8490,5,2022,7,911939,197526,310200,906451,97051,245681,1684745,725304
8491,5,2022,1,491745,222251,86018,2011806,265981,304686,839761,2068310
8492,1,2021,1,846370,452419,249824,2940550,110169,275553,1043244,1860774
8493,5,2022,5,427325,232102,337480,891625,103738,188767,1873700,1828425
8494,2,2024,9,673048,392277,205372,648781,266865,78154,1655189,1027449
8495,1,2022,2,507175,485902,67109,2861132,227177,179349,1396061,1789180
8496,3,2024,8,989776,157296,303389,1630551,78429,140617,402683,2411399
8497,1,2022,2,658350,237987,86020,1986353,104041,308724,1227824,4443677
8498,5,2024,12,972312,466908,186746,367085,241078,361755,457543,2955951
8499,5,2023,8,154649,370648,126481,1945414,180901,132248,1385442,3419138
8500,3,2022,7,804238,78447,175542,2885076,88371,175413,337241,3708130
8501,2,2023,3,976043,127913,278959,847246,248194,182095,902920,2834515
8502,2,2023,9,777548,269770,238982,807653,163634,268820,1747606,4988619
8503,5,2023,4,201159,448762,167692,386481,199820,130533,399486,1773603
8504,4,2024,7,877413,336311,139163,2729507,100847,380608,1837904,2011251
8505,4,2023,2,967102,283511,352911,1047925,98701,257870,1301746,4905294
8506,2,2023,8,957098,320050,196456,1097271,252275,123925,1415451,2366774
8507,3,2022,1,799711,498888,184728,1221062,159227,164103,375929,3822575
8508,1,2021,5,426852,63054,66970,1261031,169856,295352,1678788,1037621
8509,4,2022,10,853525,478332,138114,2097902,99891,162157,1341835,2367098
8510,2,2024,1,408703,168053,379354,1591981,207014,71450,1049059,2357786
8511,2,2024,6,757033,163144,269379,486419,226067,360026,363546,1942509
8512,5,2024,8,725090,343276,324282,474302,162486,153935,444685,3060178
8513,4,2024,4,595186,138402,78177,942586,251045,337133,537402,1677777
8514,1,2023,10,561396,366039,196180,1762214,78675,66050,1508015,2874707
8515,1,2022,12,910817,50732,235917,1026902,250787,379380,306093,3320774
8516,2,2024,3,448059,259810,253729,1944739,133172,97002,738510,1279903
8517,3,2025,9,376684,319096,246247,1419667,279539,331369,861281,4459727
8518,2,2021,6,888656,88510,250210,355614,64085,290171,945872,4897877
8519,4,2024,2,436786,268786,225076,712363,176089,289929,1277226,1712160
8520,2,2021,4,887964,178653,236933,2829786,254791,188622,301844,1191690
8521,5,2021,11,982287,272459,271173,868728,152773,237046,1937810,4133990
8522,1,2023,8,964108,89796,121965,885083,234991,304512,443514,1189647
8523,2,2023,10,624214,465394,218294,495397,150767,315963,1170535,1577000
8524,5,2024,2,861824,157277,86245,724981,218309,313049,383957,2428441
8525,1,2023,3,306138,161178,311481,1030536,222312,332003,520233,3588588
8526,3,2021,7,503703,127768,59177,1015616,281278,244273,1281768,1209003
8527,1,2025,2,767751,161156,264297,2133188,187256,392254,1340927,919750
8528,5,2021,2,660394,411324,366377,426399,224065,303964,294892,711144
8529,1,2022,10,121154,485387,135820,1732708,214190,253127,1341875,4178939
8530,2,2021,4,384904,490656,59762,527819,119069,312940,212172,919029
8531,4,2022,4,945803,221850,193167,702750,75921,118736,341767,978617
8532,1,2023,6,948006,238366,207610,422186,67739,118994,628697,608193
8533,5,2024,10,870647,92465,205113,2131414,66634,76395,1950894,1577932
8534,1,2024,9,546917,487110,107209,2544572,146542,265870,656109,2299888
8535,5,2021,4,398722,257197,205289,1906678,236198,82140,1427606,2078984
8536,2,2022,3,919513,406088,209089,1295037,202177,218577,791769,3585482
8537,3,2021,5,227533,253303,149341,683948,287869,60837,563597,2154822
8538,5,2021,12,505869,65051,140150,320645,70337,260762,675360,1238861
8539,5,2021,10,659876,98633,208295,2681932,268554,385139,1740393,1848366
8540,3,2023,4,329940,106664,262383,2412386,57218,210024,1607705,1984136
8541,4,2024,9,466094,181291,289058,542924,253463,81923,1397850,3669589
8542,5,2021,3,380287,163423,295122,2487736,187564,326509,1690384,3579951
8543,1,2025,5,497902,81394,334976,1062047,172894,161388,907312,1440859
8544,5,2023,10,644553,386858,121614,2423544,80766,323991,1068340,702974
8545,4,2023,3,893127,477750,90968,1914966,136153,382464,1213159,4226354
8546,3,2022,3,944369,359585,127813,1846973,129637,391856,732316,2352079
8547,1,2024,7,145699,229011,200981,957563,149056,390474,560747,1570204
8548,1,2024,10,224430,240568,276513,416213,294333,69541,970433,1920739
8549,5,2025,3,651363,140082,90413,355730,261995,151980,1237761,4836101
8550,1,2021,4,836514,74334,367259,2723238,104470,201656,1449467,2126420
8551,1,2024,9,923990,259839,115891,541939,124583,295926,268557,1095170
8552,3,2022,7,986565,372360,225604,2490951,257988,192671,868647,4467852
8553,1,2023,10,658871,131212,216096,1233268,198237,241045,1194705,522764
8554,1,2021,5,629848,321274,190287,781022,286809,103399,831404,1661753
8555,2,2024,8,382500,178683,313789,2844684,80330,167855,885798,4310977
8556,3,2023,7,552057,218910,285934,1045572,77575,139180,709372,1391080
8557,1,2022,9,566336,487207,330067,2353566,201514,278501,1147975,2509893
8558,2,2024,6,946175,217084,306871,1440370,202381,365362,1412398,976508
8559,1,2024,10,402183,149187,152527,1512833,149879,247414,1738802,1427234
8560,5,2023,12,555014,484745,393513,2021681,210817,368360,748293,1218258
8561,5,2023,9,817310,163339,219642,2669698,189109,253041,725372,2068778
8562,3,2021,11,961592,356783,341332,908879,78633,77730,605522,1412511
8563,3,2024,9,386856,262210,300991,1737255,162720,316297,1243248,2648666
8564,4,2022,2,192876,261721,173773,1413103,88138,395167,1074784,1539881
8565,5,2024,6,767964,181108,289866,1682872,297769,348193,1410976,1958972
8566,2,2024,7,225693,54131,212392,1699595,246284,361477,204900,1103857
8567,1,2022,11,928321,71914,52301,1356516,117110,79608,1855436,4580051
8568,2,2021,7,420903,366221,97460,1456320,158090,157238,313728,4439896
8569,4,2023,11,549390,426461,331423,1614301,98684,176947,235969,2458132
8570,4,2022,1,122772,321372,270800,2011571,155688,137716,1132191,4085836
8571,2,2022,12,314824,388646,274288,2788514,107663,332322,517891,3588581
8572,2,2024,6,158104,366290,68514,2466522,292506,79844,619452,2913681
8573,3,2024,7,353931,396390,176688,477970,141209,120636,1018272,764633
8574,3,2021,12,483022,328983,59704,644972,68494,318620,248956,4157359
8575,1,2025,7,695584,163536,133519,2260028,107795,237480,1614922,3396981
8576,4,2023,9,308256,400019,290843,1572762,202453,238459,1235374,1877746
8577,5,2024,2,973375,357089,135944,1865197,141852,136685,1386655,3596540
8578,3,2021,8,869618,366379,170895,2264478,225017,346762,1898940,3567718
8579,1,2025,9,139092,330170,306069,2937930,169233,132211,1078542,4102105
8580,2,2021,9,310395,415620,100269,600021,217023,269656,1636410,2064254
8581,4,2023,4,154578,347886,59017,2362469,56881,393954,1101478,4784062
8582,2,2023,7,842954,340431,185957,1699645,152733,279239,579368,1084271
8583,2,2021,4,635485,51643,114338,388072,187570,155251,740595,706494
8584,2,2021,1,334219,458659,343812,433390,155912,187802,371252,2106622
8585,2,2021,12,943159,184993,311763,713532,50742,259046,1436962,3762630
8586,2,2025,8,994465,310824,241086,1919276,176928,393793,1872942,3633470
8587,3,2021,10,398796,464847,162374,1541427,279464,375615,1085097,2113292
8588,4,2021,2,326208,362981,183533,517463,59535,108183,1547234,767684
8589,2,2023,2,343997,302733,376579,2131779,273675,52159,1424362,2080096
8590,3,2024,2,734421,137127,368568,1608772,143954,381658,770761,1442623
8591,1,2025,7,539964,462849,270782,2954692,219375,185016,1131981,3966908
8592,2,2023,3,148919,479605,264110,2133424,121728,389389,972022,3960550
8593,2,2021,7,145049,216090,133091,879265,123540,146484,1224268,831986
8594,1,2022,11,215341,130233,299837,1016690,291840,265221,827242,1032395
8595,1,2023,9,356607,341489,174353,1874353,170676,278204,1551390,3828936
8596,5,2021,5,582254,148807,275287,1612616,253786,170600,1133752,1965973
8597,5,2021,12,143192,106275,148185,2457126,227208,187719,1721409,3181962
8598,4,2024,4,686451,108944,354065,2234510,50535,68172,1910420,3963116
8599,2,2023,7,801387,444906,151169,1373987,110330,76104,558981,1061410
8600,2,2023,9,938455,367529,93239,2371694,82492,207953,1124616,4120816
8601,3,2025,5,619387,148451,110887,623813,143747,312336,944621,2429701
8602,4,2024,11,118682,98973,344299,2699779,84965,208303,266216,1640746
8603,4,2024,4,325541,182382,150525,1080115,143556,315709,1145946,2263586
8604,4,2023,7,700734,337369,316408,2566551,294589,156567,561000,787037
8605,4,2022,8,743316,451257,343425,2504072,166414,331733,1270536,4022865
8606,4,2024,3,113784,196208,70513,2651598,114877,168481,721813,2130949
8607,5,2024,11,252555,495315,219092,688187,106480,50912,786192,1185452
8608,1,2025,12,845968,350980,184232,698711,139798,77226,879131,1355408
8609,3,2025,9,269855,394624,181951,489361,108696,124580,1777972,4774100
8610,4,2021,7,399074,393163,258692,1070177,174940,54694,1259286,3225304
8611,4,2021,10,320244,107784,362345,992860,166341,369688,1072889,986286
8612,3,2025,5,987785,407351,66847,1923463,52803,181584,1968915,1178385
8613,3,2024,2,116405,212885,198390,862513,194103,312345,1022583,4857938
8614,4,2021,5,580501,260729,397625,1309165,263596,237807,1056506,1155162
8615,4,2023,1,418427,114467,194391,1936917,245303,162551,1678580,3455405
8616,3,2024,7,293443,316626,229098,1294903,182221,239399,1435840,1516974
8617,3,2022,6,476378,280614,271038,722904,193204,50236,1468819,624393
8618,1,2024,10,292052,316719,141159,1961130,171282,168573,1214974,3970507
8619,4,2023,9,515350,382250,158108,2292989,284853,288961,1979318,1327181
8620,4,2022,8,575121,492646,100986,1946163,266610,388180,1211042,4514088
8621,3,2021,3,252982,211371,255757,2615454,80699,275116,1785157,2920706
8622,3,2022,5,767826,61502,205814,1507921,226686,360434,1387515,4484961
8623,3,2025,12,530179,438026,256528,2999056,83229,146947,607902,3305567
8624,1,2021,12,569429,441034,299748,1941073,74506,167083,343495,2912995
8625,5,2021,1,826075,163931,200283,2908484,120233,377232,1179258,3989545
8626,2,2024,11,325051,65019,62412,823904,245697,98011,1406848,4265812
8627,2,2022,1,683413,369479,309248,1183210,116255,275518,1940573,3610827
8628,4,2024,1,764588,175930,174444,884702,233608,165898,1100458,2723274
8629,2,2023,4,211912,282486,92673,807953,169434,110988,1156989,3047753
8630,3,2024,3,864914,391089,308097,2633330,92234,274580,1280646,1850936
8631,3,2022,7,335190,165574,122041,1901987,186653,204459,1786388,3750341
8632,5,2024,6,912148,443445,303339,671093,92672,347735,1206605,908679
8633,5,2022,10,434440,135318,319504,2852126,167952,230902,653975,650387
8634,1,2023,8,403913,354581,118806,1567194,235697,370788,897277,1095171
8635,5,2021,8,338956,158136,93970,1887017,195108,160134,1932039,2803079
8636,5,2024,6,931875,300076,79774,2884902,278546,303884,533911,1629705
8637,3,2021,1,258126,107023,82706,1848000,292969,281665,1381937,4498507
8638,5,2024,5,247153,122598,383974,315201,289717,91269,911464,2593467
8639,4,2021,10,554777,402421,328506,2551096,218724,136809,260306,4258822
8640,3,2024,3,582401,264121,309550,2343369,57555,382403,1457385,551736
8641,2,2025,1,361530,349108,176181,618961,212631,235251,467431,2604728
8642,2,2021,5,565811,56764,141029,787177,248529,126961,1228414,4414445
8643,1,2021,9,936228,174708,94817,1579383,57593,321889,1706737,3100232
8644,3,2024,2,124499,60922,287594,2119907,102327,91565,1710717,679852
8645,4,2025,3,835133,131055,312360,589231,177375,147565,1606470,3615296
8646,4,2023,10,174973,332321,253765,1767143,257299,201448,276855,4962841
8647,3,2021,9,348585,118444,219217,784860,295702,393613,1295208,2717622
8648,4,2025,1,491382,56128,268374,788957,113299,325717,832684,1177142
8649,3,2022,10,813158,301054,277741,796198,131431,380636,1305563,4179481
8650,5,2023,2,387827,124257,149710,861151,165454,294633,413445,2977881
8651,1,2022,1,402467,333708,114147,610592,241249,306756,1461286,2455365
8652,3,2025,2,857529,370163,358849,1161543,78227,305065,1960123,3589689
8653,5,2023,2,277009,386896,64971,1385402,146741,300653,1888968,1436422
8654,5,2022,12,850276,243324,177463,608014,227723,74173,1989720,4082828
8655,5,2024,7,361814,154944,309751,1676608,50200,71429,1991632,1550938
8656,3,2021,11,290010,123293,177023,471959,132428,183334,332036,4468391
8657,2,2023,8,947212,60649,361238,1576133,193674,231842,478043,957625
8658,3,2024,4,889561,123834,130005,1793923,287316,193826,1590965,2637571
8659,4,2022,6,474596,377232,157044,648708,98303,82181,329453,3218709
8660,3,2022,1,712003,199592,105312,1767250,202105,91447,888586,2130570
8661,4,2024,11,701569,276474,163768,1439090,212699,247852,1783193,4967287
8662,1,2021,3,877445,194041,313903,1585199,241539,126217,1108612,2377933
8663,5,2025,8,700139,339557,134623,1915326,163358,356203,1855303,2413640
8664,4,2024,2,958305,250550,165846,567031,285426,262058,725119,2622767
8665,2,2021,11,621960,60416,121851,2399155,97310,137745,264378,1600352
8666,4,2024,10,774531,204514,91944,2989241,195810,380713,1538027,891913
8667,5,2021,9,260183,286727,253369,634040,213559,86492,1410783,3537389
8668,1,2025,12,274582,94158,214710,542729,172499,148874,1235930,2516785
8669,5,2024,8,987834,362175,286162,856657,61920,150700,200365,852234
8670,1,2025,12,951105,185241,81552,1444549,58239,392873,1659278,2959329
8671,1,2023,9,588248,242387,202705,1938515,136398,227446,1473994,4456065
8672,1,2023,3,377858,83733,55606,332454,231291,321633,1717402,777381
8673,4,2022,7,932446,51507,170394,1610243,111794,142244,1158313,1526256
8674,5,2022,9,922625,75931,397524,1240332,61608,144002,239591,4862947
8675,2,2023,11,701060,124316,347210,1146398,166168,158055,1000183,3838918
8676,1,2022,8,382319,286779,78071,2999938,61204,145317,1930871,504377
8677,4,2022,9,650374,399614,169097,2325513,108653,162016,1871160,3361325
8678,3,2023,8,133134,367418,388273,1568189,213751,165640,1384906,3134428
8679,2,2022,3,799525,133720,111482,2086116,283325,326923,416557,4667608
8680,3,2021,10,758524,319742,145817,2849587,255624,320957,970344,2571494
8681,4,2025,4,953718,135803,166425,2871829,101804,212285,1830833,2111151
8682,3,2022,1,599980,82050,387177,921266,53721,78467,1704325,801142
8683,3,2023,6,994669,294989,168393,1296238,185825,231112,1000052,2312018
8684,3,2023,2,925854,168056,149134,1415030,268500,297365,994297,1982886
8685,1,2023,3,686424,333694,318710,793143,198910,352465,640286,3742895
8686,5,2025,12,487439,321946,198379,2631238,255821,182698,1250592,4547522
8687,3,2024,2,324188,295728,364351,2911484,290992,335915,1500101,1559618
8688,3,2024,2,663288,106861,278490,2504582,81290,255406,477947,1194661
8689,2,2025,12,589398,172020,352962,2343960,194601,94436,470784,527721
8690,2,2021,11,846885,95233,300856,2267989,189579,77116,767101,4358500
8691,4,2023,7,947366,300595,273332,1056096,261943,391153,1403466,3507679
8692,3,2023,12,183418,438420,322417,1531505,60587,256805,1719278,1338741
8693,3,2021,6,725437,493448,134916,2405495,170579,221263,481457,4294112
8694,1,2025,10,384930,485261,103167,2239586,258820,98668,1070948,2675065
8695,1,2025,8,171289,453698,51587,1553152,83334,206364,320408,4010715
8696,2,2024,5,327291,159910,242279,2967287,254846,373971,1478055,2295732
8697,3,2024,4,129255,354730,125238,1551371,114798,218592,278384,2032980
8698,3,2023,2,121864,82678,275230,2274411,207944,171344,1520284,1166288
8699,4,2021,3,780399,233686,176083,2590600,155917,374487,1098979,1612582
8700,2,2023,7,666031,476792,266163,2128739,271916,150530,921989,2292226
8701,4,2025,12,709206,410229,154412,489754,232688,361468,1639847,2949816
8702,5,2022,11,605999,307862,323702,492062,228186,310503,1647847,1440988
8703,3,2023,8,333305,426202,373502,758158,198740,241871,1920302,1639834
8704,3,2024,1,643764,152147,288445,1027662,91679,291055,1396482,4845245
8705,5,2022,2,722032,242748,198715,2270304,285519,255963,588915,4228601
8706,4,2023,6,872392,214289,236818,2336090,222491,212240,1485318,4286120
8707,1,2025,6,697937,368854,355282,1275624,173274,56346,467250,644953
8708,5,2022,2,171503,482050,393379,1856174,103791,102354,746674,2844093
8709,5,2025,2,829329,301998,382177,1620651,240073,139533,1251483,4661979
8710,2,2021,8,768517,411304,114932,1040559,216479,359709,860474,735521
8711,3,2025,1,870652,232488,395463,1581023,257053,80662,1624859,2320655
8712,5,2021,9,924802,261241,123210,654736,236095,185484,465493,1358021
8713,2,2021,4,122595,156226,151050,452280,106113,208266,409567,2591789
8714,1,2021,6,955698,304921,359722,2464183,271515,61454,1258191,4291302
8715,1,2023,8,603958,242917,339093,2441923,123911,282679,688263,961478
8716,2,2024,2,125367,212298,339764,1837786,198065,190521,675452,4372475
8717,3,2024,6,440816,156374,292433,2979885,109142,260829,1771871,1260790
8718,3,2023,12,123137,209896,115133,1665551,78602,209557,1549514,1299383
8719,4,2025,4,601625,324064,391377,2700513,102037,137971,1857884,1260799
8720,4,2025,3,603908,444339,218068,1103102,155531,117973,598392,1896584
8721,4,2022,5,842594,280472,79527,2574429,189721,232603,1747497,4626395
8722,1,2022,2,550823,328722,333821,2403403,163622,228419,813881,4118654
8723,5,2021,10,259155,180190,140714,608701,111405,220014,638146,2179687
8724,2,2024,1,290424,471979,56403,2232847,106597,322408,238945,988485
8725,5,2024,5,984483,424049,352667,1554260,146168,286390,1052825,1749551
8726,5,2025,10,388330,114419,106232,862812,282673,363225,575343,3856262
8727,4,2023,6,869982,436216,93056,733039,138917,131096,937903,3441166
8728,1,2024,6,963398,372712,173990,1834288,212469,132335,297571,2601740
8729,4,2025,5,474320,380459,392746,1493174,179725,160898,299455,2285431
8730,4,2023,9,602366,371116,199749,1346855,271899,258755,1202312,3508102
8731,4,2025,5,404124,153975,250653,1951762,170435,329684,244659,1457723
8732,2,2021,5,439401,436821,175585,708528,240224,338641,1855443,4967506
8733,5,2025,4,373127,284561,144965,2020853,74153,82596,319863,2634247
8734,1,2025,1,831782,485759,163134,1947744,128878,293445,891470,1604229
8735,2,2021,12,612223,483513,243980,1287740,225795,364086,1814674,4133952
8736,3,2022,6,112802,437982,234693,2119882,184561,237499,914982,4647598
8737,3,2023,7,729456,153842,105896,1767115,261752,71107,689701,2952570
8738,3,2023,7,954796,433881,225505,384376,233547,298722,1212781,3827900
8739,2,2024,6,587717,324137,254080,457351,234933,88676,1992719,4712960
8740,3,2022,11,992631,361499,350798,2437106,281551,313108,1050165,1399563
8741,1,2021,1,759013,193880,286742,831688,185489,252167,220822,554665
8742,5,2025,11,999247,344794,78003,477134,227576,322423,1562019,4142018
8743,2,2025,2,517909,167918,234862,2026597,61631,152897,1524324,3564838
8744,3,2025,11,882147,74129,216348,860798,145646,87738,1541721,1833425
8745,2,2023,10,322820,397688,266341,2700937,168322,206349,1443490,1876362
8746,4,2023,3,697670,320695,284011,2919518,135215,149550,1029688,873105
8747,5,2022,7,165051,386520,204806,2936041,185660,106984,1639822,3202768
8748,4,2024,7,908995,321588,347800,1041478,66659,260059,1037983,4812529
8749,5,2024,3,419805,351810,113630,1344731,63772,195489,297758,3150639
8750,3,2025,7,486786,279887,95877,1263534,114247,233115,270950,2428953
8751,3,2022,3,383539,284852,138337,2888001,163161,135450,502353,2255814
8752,5,2025,6,249093,419590,146422,1648284,172273,233604,756056,4984182
8753,4,2021,1,206071,383014,360775,2605126,177951,370511,1151171,1269174
8754,3,2024,6,547543,151834,378542,1886438,297392,373479,287717,910205
8755,2,2021,1,438631,153616,358745,2137302,265800,194511,616911,4223097
8756,3,2024,2,742413,60167,398470,379980,102429,395462,941480,2999344
8757,3,2025,11,405617,285163,372201,2851172,204096,116645,1271596,1664532
8758,3,2021,6,492118,138584,292231,1342208,88222,251044,945068,3536982
8759,2,2023,9,308376,157223,152018,2045010,108950,289768,1133463,3332069
8760,4,2021,1,712918,109649,354497,2530081,238104,394549,402778,3524032
8761,3,2024,2,297678,420371,374007,1302882,275668,172069,1500554,4812507
8762,4,2022,9,692711,415032,286864,2066606,279570,106441,295192,2623383
8763,2,2022,12,767031,408429,81909,1574131,149400,154440,1473970,3590612
8764,3,2022,1,336956,367240,297784,2103018,200124,58185,1016472,1131863
8765,4,2023,5,509839,164021,343817,847281,236609,358146,1980318,4504161
8766,2,2022,2,677686,94193,165091,787192,145283,171643,1700064,1211192
8767,5,2025,12,543858,128041,137925,727506,267301,250500,705049,1684227
8768,3,2023,10,686763,394995,183419,2827538,124706,202458,826615,1634101
8769,3,2023,8,722911,370485,379062,2791074,221432,312943,1267478,1546399
8770,2,2024,8,950153,429268,245400,2447532,180959,207865,661634,1869174
8771,4,2021,4,396252,486190,141731,2148401,299795,344127,1772235,4208499
8772,4,2024,6,974083,201797,126065,1196884,140121,330575,1777944,3090067
8773,4,2023,6,999203,277914,323193,1204718,56181,265965,1495460,620110
8774,3,2022,1,630308,248949,342037,967479,210629,284106,1354394,3391670
8775,5,2023,12,388684,476859,111977,2268764,259187,268086,1872784,1484186
8776,3,2022,9,833604,119390,274250,1343947,156237,184464,1161298,3040946
8777,1,2022,5,126224,337518,144338,2357995,192273,280433,1794560,910869
8778,4,2023,4,156808,269340,64847,843880,209560,394578,614172,2535482
8779,3,2025,6,468335,384446,203609,1804090,199828,263949,783854,4974303
8780,1,2022,12,847770,257541,206872,1175857,208103,316219,230025,4131219
8781,2,2021,2,445793,335560,362862,1004242,214268,237994,966740,2102555
8782,1,2023,6,542268,367692,333901,926040,202108,359747,1976281,2433782
8783,1,2025,2,865987,196936,248665,1920242,275529,384439,1007670,1298479
8784,5,2023,10,975349,387665,151300,2896034,89780,203454,480063,3548161
8785,2,2021,11,868636,294401,319055,1336458,106151,397774,1114453,3828813
8786,1,2021,1,469951,320028,290331,423157,97538,332417,1825553,4166631
8787,3,2024,2,540580,481041,187101,2116528,217714,341230,1118502,3810882
8788,4,2021,12,864133,222083,173186,1998461,151972,212266,1324720,2438815
8789,5,2025,6,978938,480594,374457,850807,257111,398723,548670,2707035
8790,1,2023,5,318874,421506,187359,842744,255814,57885,1258783,1727493
8791,2,2023,11,182669,295940,394763,327926,178397,113910,1295330,3696390
8792,2,2021,5,485511,380723,150594,650929,216928,383285,1515057,1829316
8793,3,2024,10,890739,313317,51329,2489889,165901,187083,1774437,3438924
8794,1,2025,7,824027,116241,76094,1243852,103552,305251,709421,2415898
8795,2,2022,5,484837,245707,360681,1144058,222000,121886,1798763,4023939
8796,1,2022,5,752558,436465,85684,2903609,149559,317588,608442,762094
8797,1,2021,9,942312,52744,89431,2915179,188707,61894,950938,4415557
8798,3,2024,4,676949,193757,383741,1923319,160460,125129,633853,2796182
8799,2,2024,4,237089,174854,360458,2136162,95383,371742,827619,1313280
8800,3,2021,8,691269,415090,236864,1997048,299841,351614,1607093,4009928
8801,2,2022,2,915260,417374,265804,538618,252049,146140,313763,754786
8802,4,2024,2,581843,303349,100919,1080518,230316,163767,1740267,928975
8803,5,2022,12,601175,57285,187347,1439034,223137,72201,1741440,2816991
8804,1,2022,12,930898,173001,364087,1207600,169391,70308,1548708,4997824
8805,4,2021,8,561721,280838,390288,2392086,80785,324435,816141,740716
8806,2,2024,11,261588,137348,156626,706314,280116,323557,1113451,4947824
8807,4,2024,2,375879,170649,176714,2275851,296610,94534,614673,1179083
8808,4,2021,10,486652,113124,124335,2332655,131467,77044,244589,2190275
8809,3,2022,5,371691,397611,385260,813159,71239,339453,1695761,4136226
8810,4,2023,4,516974,66710,312039,2422349,246826,71809,1076129,2996867
8811,3,2022,4,794873,458637,264702,561492,270581,164247,722028,3353614
8812,5,2023,8,741435,103364,233603,1414306,252320,264304,1083038,4465930
8813,1,2025,5,149227,54530,316858,1483384,235842,184318,1652661,4308818
8814,5,2025,10,218808,99188,82879,1252243,207456,279615,747982,2029073
8815,5,2021,8,594099,166458,290382,484062,194590,374168,1553225,3897975
8816,1,2023,4,193561,359958,116130,1332564,222576,123308,1538675,574871
8817,1,2023,1,370734,268503,148016,1038698,180634,366828,1598899,4915057
8818,3,2022,10,943693,322793,212414,2395972,240099,373231,1946579,3113733
8819,4,2025,6,999562,222602,58253,1189162,224282,52381,1120022,1622598
8820,4,2025,1,405823,249755,82129,1668372,229031,331146,324358,2302177
8821,4,2021,6,128545,156722,381926,1051418,114239,165951,1635387,2980882
8822,4,2024,3,836508,223688,380910,2917565,125075,297197,228742,3163881
8823,1,2024,1,720400,438232,313528,1266803,183648,286853,1036668,1131674
8824,5,2022,12,922973,110858,58451,1301512,142509,236764,1934628,1451459
8825,3,2023,7,584994,359815,399225,2824833,67974,108650,1301989,4443363
8826,4,2024,3,680866,453453,331378,1529963,92209,56055,1221449,2011646
8827,5,2022,12,782222,365158,98531,1751909,89404,191891,222351,876640
8828,3,2022,4,143136,233793,117777,2980694,115606,60907,391944,4540018
8829,3,2021,2,121094,283705,377816,1695023,117560,324339,449274,1127955
8830,5,2021,5,246341,159440,228091,2152279,205372,329400,1265827,1617264
8831,3,2021,2,547669,374808,315221,895131,158433,79183,1795355,1033084
8832,3,2023,3,667434,359613,255911,1948353,251245,135956,1837693,3687476
8833,1,2022,12,865569,121517,269843,2381483,86253,237046,1185659,695874
8834,2,2023,9,938804,457386,269014,859794,244042,72332,1116727,3080040
8835,4,2022,10,153112,489174,104077,2139365,240644,294268,304194,2870337
8836,5,2021,2,683409,321515,83850,2653638,135134,231818,1616128,3038124
8837,4,2023,12,607901,61648,356510,745426,98097,244099,1246587,668206
8838,1,2021,11,467683,298087,243567,337819,105664,282244,1095921,2673831
8839,3,2021,12,633330,169183,298346,2031620,74195,200095,531646,3794552
8840,5,2022,6,565624,51795,68951,2337416,124867,160167,563403,3620693
8841,1,2021,1,253110,477779,359692,2972562,259885,52250,854650,2919060
8842,5,2022,7,646392,383481,158116,1751878,103105,250199,1932436,835535
8843,4,2021,9,397227,352471,391756,815636,273230,249562,1492596,511263
8844,4,2022,2,930437,494350,84843,1071367,213650,161897,212599,1992722
8845,1,2022,1,964546,373137,328044,1501099,126688,199986,450494,2930820
8846,1,2021,10,149554,127024,194524,2963835,294644,183717,1412233,4417801
8847,5,2024,11,852587,287834,215545,2615038,226008,372278,1026434,2601960
8848,3,2022,3,964509,305003,244214,753977,257855,89091,1386458,4005350
8849,4,2025,5,698761,169804,352665,2436866,186238,296455,1727913,1861989
8850,2,2024,12,912321,165223,238457,481126,180325,292446,1035372,3785820
8851,4,2025,8,997202,246089,78520,568547,255884,387247,1241731,4217288
8852,5,2023,10,460310,139677,78978,440966,244932,133159,487328,4911032
8853,2,2025,3,293832,442181,167070,1099607,240671,303545,1720132,2736163
8854,2,2025,4,632224,117432,193017,1519476,295033,377383,1212072,3108078
8855,2,2023,1,771965,215842,205035,2265866,252891,73845,1396937,1931909
8856,2,2021,8,834071,377790,399761,2852444,281316,69403,1452716,3043783
8857,3,2022,3,101207,181100,343646,1788963,178287,232317,794009,2355729
8858,2,2023,8,584540,278299,176344,767556,259818,236098,1746236,2222308
8859,1,2021,2,582658,366983,398657,1513650,104630,89162,1648587,3550057
8860,1,2023,9,843105,170103,194463,2485908,257397,122568,1209240,1958341
8861,3,2023,4,686169,286761,381219,1103654,274450,286487,1239656,3271696
8862,2,2024,5,811416,273966,317478,1376917,267952,156157,1996488,3399092
8863,4,2023,5,146815,317394,264623,2595980,180608,134298,335326,768725
8864,3,2025,2,821569,214613,178651,2448339,157301,69432,229512,3399446
8865,5,2023,3,820528,456261,241478,550053,69781,184196,983002,4339628
8866,2,2025,3,860763,422146,258973,1350420,119969,245713,369950,4401985
8867,2,2023,11,816549,76726,354695,2366683,55656,315473,1843212,768027
8868,5,2024,4,256351,222524,100184,1480383,298816,372953,1769919,1420653
8869,1,2022,10,364136,58922,82831,1331711,223072,288576,1951876,3292671
8870,4,2025,10,187003,55127,303656,1171230,118662,394520,586707,4771569
8871,4,2023,1,898534,204302,277132,2850835,129047,304657,274598,3404662
8872,3,2023,8,191138,171266,182591,2768308,274716,344953,1766181,3232491
8873,1,2023,1,395648,268018,260205,1034316,58315,167888,1920666,3747730
8874,1,2023,2,615472,307307,203621,2087090,158335,249028,1317783,2367256
8875,5,2023,5,696189,82570,254295,1516912,267744,269222,614188,4543818
8876,2,2022,12,606244,370772,236210,2982058,121660,350928,681843,1011852
8877,1,2024,12,249662,490266,328117,2158792,222258,243882,1835967,542943
8878,4,2025,4,955741,258403,151213,1306603,209748,255918,1264502,2016035
8879,3,2023,6,907606,271214,313562,1927507,273461,156143,643531,1903259
8880,1,2023,12,770448,165217,278667,2467073,285536,156767,1846801,2407420
8881,3,2022,2,376187,158760,391986,1907371,100127,193992,1825948,3472983
8882,4,2025,2,698483,242884,172076,618846,250867,163976,1487107,3329696
8883,3,2022,1,627165,290103,164396,505908,105230,387464,1047738,1416857
8884,2,2025,1,190311,272381,362014,2665561,89045,363048,1602075,1275124
8885,4,2023,11,730224,205812,264109,2013867,94694,315365,1921582,1184758
8886,5,2023,2,801995,271605,194839,2972422,118961,316283,1056769,2591325
8887,2,2025,1,920235,247726,143819,2017732,198019,373284,1223995,1712648
8888,3,2025,5,498539,317283,296180,2497354,279643,254201,1854147,2058792
8889,5,2025,3,560674,413332,339714,1704817,106230,121840,1062999,1438143
8890,3,2024,9,436134,111310,263583,2574431,237917,226712,507602,3968973
8891,4,2021,6,309574,256684,222153,1024239,91725,181840,610883,4907963
8892,3,2023,10,468274,264456,312699,894897,142622,248363,1670401,3879650
8893,3,2025,2,492702,276602,336558,2636555,203633,132273,384682,1164682
8894,4,2023,11,427376,87640,238411,1350864,54248,350635,1174211,4869797
8895,3,2021,5,607285,401115,78578,2692478,199386,52810,1198567,624806
8896,2,2021,9,656011,76778,156601,545280,143117,111723,1781915,1993527
8897,5,2023,11,446027,183623,248393,2409965,258511,148744,368554,4335599
8898,3,2024,2,456250,289871,102222,797062,209047,164848,1130329,3984781
8899,5,2024,4,693615,51437,278893,341461,131545,234162,1095322,2924046
8900,2,2024,7,317437,128367,64028,2165233,134502,291456,1748285,1021607
8901,2,2021,7,726149,331395,287128,379434,133236,260604,1837660,1297350
8902,4,2022,12,136358,306885,218830,2147702,141190,322706,1995661,3032898
8903,3,2025,7,732317,421089,143326,2673662,239262,100142,1557398,1048710
8904,4,2023,2,245588,129608,85314,623023,135173,58298,675436,3780638
8905,1,2023,5,347992,143264,378607,1948716,234177,388035,539213,675783
8906,1,2022,6,850122,88601,323649,1700101,224511,113421,1726409,1773801
8907,1,2022,12,632697,353255,332263,1081897,171005,338041,1965338,3504291
8908,3,2024,1,220954,95092,224284,1975237,212880,88121,1167634,3555680
8909,3,2021,9,832037,362830,223511,1745371,150933,77452,620477,1550082
8910,1,2025,10,622388,134103,319902,2379810,132128,368483,753575,1566043
8911,3,2021,12,542262,233891,295178,303111,256163,87132,1967670,787944
8912,1,2022,5,817568,360850,80288,2969490,286059,313204,215446,1671316
8913,1,2023,3,399975,149468,350969,2842003,100188,97637,1829271,1283412
8914,3,2021,2,105234,444654,288699,2130195,156114,241856,1613838,4654011
8915,1,2025,4,827682,378976,275936,712982,53230,299880,597786,1492521
8916,1,2023,10,956305,117991,225208,1926958,128083,387448,299930,2750633
8917,1,2023,8,742851,310287,339916,2187683,172832,398231,1528194,2362103
8918,5,2024,3,119024,267255,187527,2360162,199860,298406,614404,2433495
8919,2,2023,6,578640,293429,115814,949341,191959,103308,1476375,2856105
8920,4,2022,12,137441,145097,158749,2945705,99437,251061,1527201,3792246
8921,1,2023,7,859217,374586,196225,1926178,168406,250910,604059,1811188
8922,4,2025,5,229690,99570,379917,908911,174401,50025,252890,2482158
8923,4,2025,12,391210,365673,394616,1013220,276797,155164,1289931,3854412
8924,3,2025,3,269307,411714,143224,1648684,283035,149797,1335766,771164
8925,5,2021,8,115710,103361,104607,1760154,223797,67390,1082387,3426389
8926,4,2021,2,773088,335833,316217,772984,113105,84950,1157329,3730092
8927,2,2021,1,569537,361395,323184,732948,79292,57227,1041984,883965
8928,5,2024,7,380661,480902,222555,753843,153720,314406,621813,1640887
8929,2,2021,4,715261,421965,131714,1950068,284152,291468,353311,3084251
8930,4,2024,3,499615,55853,103285,2456873,144353,340797,1674594,2358723
8931,4,2021,10,651657,57594,82722,2694213,201082,292516,1529671,1377884
8932,4,2022,3,109330,422584,125333,2733019,180695,266048,337571,972894
8933,4,2021,5,561220,153543,207570,2852360,165997,232928,896425,1802368
8934,1,2021,11,699160,167317,64720,833779,149104,193729,418355,3158926
8935,4,2022,9,919358,62493,381450,2387459,118206,371052,1565224,698217
8936,5,2023,3,601320,449184,55577,2454179,214265,294500,1770422,1934012
8937,1,2021,9,742276,244333,143053,2690539,59827,71453,1036087,2792208
8938,1,2021,2,390992,350604,331562,965606,77203,219827,740132,4610565
8939,2,2022,11,697077,275565,304045,2624988,213241,179820,1549652,2333859
8940,2,2022,3,583810,499032,271025,2662237,224187,199215,255162,2342011
8941,2,2025,10,150578,479572,198908,2469620,208650,219883,1795255,732269
8942,3,2025,4,658063,253621,281234,497635,105176,227971,300479,1701612
8943,5,2022,12,318808,154080,62775,2435262,273189,146864,918987,4157054
8944,1,2025,4,738785,397533,205798,1093018,146258,398241,1904177,2984184
8945,4,2021,6,323829,476750,336987,1878792,56854,195360,537195,2333577
8946,5,2023,6,677961,363850,239618,1078315,177922,376212,212302,995452
8947,5,2023,9,223871,384467,393018,300997,146159,380125,1287976,2903349
8948,1,2022,11,874582,406120,298129,1618475,246323,332206,1430892,4406443
8949,5,2024,12,770104,101330,65749,1442754,189388,118669,964414,2192557
8950,3,2023,5,347853,124719,62146,2844447,148428,228598,869105,1903070
8951,4,2024,1,661223,370854,92104,2647180,86714,310764,571081,2780383
8952,4,2023,6,968387,499907,223291,1215226,56116,262166,981954,2293074
8953,3,2021,4,635456,248813,275731,2062153,59380,344856,1982682,2202494
8954,4,2021,8,460224,466880,286499,2518247,91089,82937,1750438,825239
8955,1,2021,11,738612,190438,263004,691832,101671,64545,857046,3613122
8956,2,2023,12,881284,235492,257416,1797739,171460,264894,1723256,1405048
8957,4,2025,4,648911,449867,92374,975979,190157,212898,1289597,4569548
8958,1,2025,1,363778,142741,281998,2742420,232581,149672,999587,2706255
8959,5,2023,2,724198,420957,203595,2227086,111766,388777,945775,1796070
8960,4,2024,3,968950,378393,127238,1141532,279630,101190,531958,3129672
8961,5,2025,9,653908,351244,399665,2742349,152168,271626,708376,3192907
8962,2,2024,7,445979,232742,271636,1955560,118123,123076,1194504,1128355
8963,3,2022,8,966968,106951,133965,2756985,91800,332064,796935,3685776
8964,4,2025,8,204440,158048,142687,2727365,125826,189389,991516,1488265
8965,1,2023,9,215183,339167,388081,1811845,159387,131858,425419,1993274
8966,1,2023,9,195514,486166,347639,1118297,157341,380046,220182,4451524
8967,3,2021,7,918511,53781,392371,2797379,142352,75378,1046806,2618195
8968,3,2022,9,604265,388135,96721,1248396,97476,187529,1998922,2794655
8969,4,2022,5,690944,216323,216237,2568384,119917,134848,1176114,4497249
8970,3,2021,1,622828,230513,264721,1648922,284490,292989,1927477,2006850
8971,2,2025,6,930617,298764,53223,1273906,268886,84686,887024,2490284
8972,3,2025,2,604759,201780,54144,711236,227897,236306,779275,2793606
8973,1,2021,5,198570,263131,244309,1431317,222429,359220,726285,518545
8974,5,2021,5,650655,139168,258573,507816,186053,182174,292704,975098
8975,5,2022,11,371828,263338,112333,1269034,252540,313486,916962,2292398
8976,2,2025,7,509256,144004,306416,329503,88011,275607,640213,1031913
8977,5,2025,5,721806,139021,211333,2144096,255308,63314,498393,963758
8978,3,2025,9,784340,398884,149078,1507051,259294,399066,890076,1902899
8979,2,2021,1,125718,102379,255753,969051,197697,101055,672504,2859717
8980,3,2025,3,594167,288671,213646,2261330,176370,232404,263721,966470
8981,3,2024,3,659383,331337,179337,2673830,298669,206374,1854033,967024
8982,3,2022,10,366210,238478,58633,1752281,295314,370183,388370,2934258
8983,4,2025,2,520923,404531,286978,2206054,113997,157015,881215,1873589
8984,2,2023,5,471370,236036,84107,1328805,115495,149065,721318,3218900
8985,1,2025,4,624831,146015,82415,563809,275122,300446,1220005,2978012
8986,1,2022,1,816258,294020,91158,874343,67824,282806,1663762,2923483
8987,4,2025,3,830458,416448,142447,1468016,194791,204606,714099,1291108
8988,5,2023,11,420669,271644,314609,2477322,174113,75459,427257,1218388
8989,2,2022,8,207068,95974,268685,441802,140402,95332,400259,511471
8990,3,2021,2,792002,399775,279134,1806567,98318,285253,1549020,3889011
8991,3,2024,6,315903,390420,204169,1736922,95617,96015,1585302,4749793
8992,1,2025,4,605462,458113,359552,486366,115051,319187,575020,3191960
8993,3,2024,10,411768,74708,75983,1208379,98015,127746,1098378,4103310
8994,2,2023,4,425030,270669,371053,2262661,260756,325524,400309,3309614
8995,4,2023,7,876396,342025,355577,2842316,105321,270389,885868,2475378
8996,1,2021,10,525685,339858,118298,677573,73282,198990,304003,3620668
8997,5,2021,4,215910,117861,78311,1570785,278094,327706,1625555,827601
8998,4,2021,7,942388,217288,399753,2199009,141796,76231,1555320,4710094
8999,3,2024,4,798654,402680,379860,2462397,280787,76092,1362383,989250
9000,1,2025,5,677594,308427,67954,2111952,296733,339824,478876,1143423
9001,4,2023,9,614631,228913,379690,2061944,171476,384742,384698,1846304
9002,3,2025,1,131114,116825,327328,2318087,60291,376628,686431,1827513
9003,2,2023,12,501330,187688,129085,1329899,96428,216002,806331,2638730
9004,3,2025,10,142960,53901,262535,430714,188555,279547,1382377,3548411
9005,2,2021,6,927536,338310,154620,1901360,150129,307016,1940507,3212112
9006,2,2021,8,339681,246872,150063,734689,227296,215849,1535614,3930313
9007,4,2023,4,914931,149545,175047,1742588,76543,259585,1242580,3657740
9008,1,2024,2,740848,66065,163613,506074,198811,165884,1629556,2021464
9009,1,2023,9,551134,149573,241258,817345,137041,242015,835364,2415883
9010,3,2024,10,599697,251623,326882,1543275,155164,88155,552037,3964252
9011,2,2022,10,159933,489020,163718,1403276,259525,161825,1544012,4911166
9012,2,2025,9,738424,73683,63426,2812467,70097,157595,1085508,651198
9013,2,2024,11,926342,197412,149016,1296285,279218,66400,1689590,582144
9014,3,2023,8,342485,197164,199580,2605886,79490,104998,1980700,1928492
9015,4,2024,11,886200,231700,132696,1796604,51646,178159,1392210,2801644
9016,2,2022,8,378316,421806,208386,1713250,217508,135137,740289,4173951
9017,2,2023,3,293236,130820,287907,2286046,69237,154623,795388,4400811
9018,2,2022,4,767222,350911,186372,2499470,251409,100180,1454496,2179691
9019,1,2024,10,983117,106397,133934,1674967,180033,150109,1564435,3174513
9020,3,2021,8,539475,438184,54273,1983045,81815,244440,739172,3561635
9021,5,2022,12,284523,469134,73058,2637506,76915,52180,1276073,4534765
9022,5,2025,6,884188,279065,99207,1783915,207739,185610,1463467,755828
9023,4,2025,5,447780,119572,51601,2148337,155466,245187,466292,4797601
9024,4,2023,9,990052,452028,194679,2850062,118287,373208,701358,1255226
9025,3,2022,12,163320,400492,107190,1515038,187509,118528,1774984,2699428
9026,3,2025,9,850246,209533,148475,2983290,51462,259869,767281,1144781
9027,3,2025,3,237101,109172,188301,2020950,288485,180174,1297825,1668841
9028,2,2025,3,156193,394140,289613,2010455,90036,94257,1956084,1502993
9029,2,2022,2,763148,477579,286792,2047330,282684,198530,310076,4699101
9030,1,2021,4,522389,201282,178971,2242207,193085,235925,827229,2039060
9031,4,2022,11,867036,176184,126522,316133,258262,376273,1501455,4513199
9032,2,2023,12,475750,140964,119151,619701,143576,369213,549672,1119543
9033,4,2022,11,981098,226385,282486,1062603,236225,348136,1611109,4990089
9034,5,2024,8,860233,269005,218691,1956589,159857,132357,1464884,4730736
9035,1,2022,1,164377,119092,325147,1494442,116270,70600,552552,2244002
9036,3,2024,9,319292,195686,264691,796880,164354,266203,1037855,3464136
9037,3,2021,4,243891,181701,170113,2071039,135591,51260,315932,3503015
9038,2,2023,2,747397,292150,338368,2726119,101056,138909,492955,2667901
9039,1,2025,10,176628,452895,305094,2833578,246235,195721,1111689,2586755
9040,2,2021,10,189892,297611,182817,776099,260414,355119,1791232,3005674
9041,4,2025,6,132405,495717,397749,2362624,213360,339834,1876632,4175921
9042,4,2022,5,379477,377798,307824,912587,61442,371633,1351774,3531411
9043,3,2023,12,362594,472209,66861,929332,92841,363833,1213756,3841104
9044,3,2023,6,498726,199044,382921,1797724,190777,187448,1480966,2070315
9045,2,2024,12,191944,173529,74677,1050579,230060,345167,1339638,4653163
9046,5,2023,5,325682,65927,263437,2716878,123787,332485,1794577,1050089
9047,4,2021,3,648598,111916,340009,1819667,117290,386825,833437,2861895
9048,4,2021,8,124162,364785,306441,1881641,148588,98640,1083629,3691804
9049,2,2022,8,901783,408255,383979,1628825,74256,388760,1416054,1339167
9050,4,2021,3,911231,348816,336055,2347824,264643,102067,625278,3164088
9051,5,2022,2,812767,456293,224915,2963118,68072,77370,550335,4829492
9052,2,2025,7,793543,162052,276298,2676144,167398,112391,1626393,3295458
9053,2,2023,3,861570,177539,357634,689328,205256,192569,1804046,4019391
9054,1,2021,2,714637,375444,256049,1427855,128342,145985,233957,3472949
9055,1,2023,5,678921,165642,167705,663739,251065,98817,211532,1293437
9056,4,2021,10,677267,472685,63312,1778653,263009,156729,1243143,2421130
9057,5,2024,8,416949,282469,133706,1181066,188941,263320,1085443,1861603
9058,5,2022,7,368236,117635,319124,2579127,175327,114571,1039283,2311265
9059,5,2024,5,983145,295749,110335,502929,120402,112828,1188446,1370071
9060,2,2021,12,851599,399991,88720,2201871,287087,62096,1350950,799754
9061,2,2022,10,133223,337830,92163,1889221,118488,358955,727946,4874720
9062,1,2021,5,969005,312754,372286,1467658,91544,184823,291193,1725391
9063,2,2023,10,243727,489674,90953,2610845,127312,98367,1557185,1804260
9064,3,2022,7,562016,269281,103437,1604477,126410,55114,1656917,3656654
9065,4,2021,1,395595,63007,378375,2495566,96077,341162,458440,2399145
9066,1,2021,12,116978,176522,265220,1435179,195134,252351,1724868,1003122
9067,1,2023,9,391975,223252,120908,363376,57549,169204,1899274,1076543
9068,5,2021,4,856583,400101,78070,2193297,113395,180863,1242289,4146640
9069,1,2021,4,920508,464496,298256,854583,140951,122505,1531464,4179814
9070,3,2022,2,317334,449598,188763,1751538,58475,216734,697359,4026272
9071,4,2024,9,512838,70048,197151,2147506,188787,269138,997616,2472292
9072,2,2022,12,805312,407304,297818,2266240,87453,368981,1397589,1812391
9073,5,2025,5,387489,240954,367573,2882851,85416,345122,1624273,2541157
9074,3,2024,6,708986,474493,313615,1299623,283900,120548,447965,4823809
9075,2,2022,11,333454,102509,322547,477903,116453,117655,632710,713788
9076,1,2022,10,812754,269674,252216,1002117,256981,154021,1725057,3763075
9077,2,2025,4,296308,142135,150783,2895552,122559,297944,602126,4179683
9078,5,2024,6,752180,464922,278512,1037136,113777,175031,1301778,4424880
9079,1,2022,12,540823,401577,318802,651778,240797,231341,1048882,1893905
9080,2,2021,3,724781,234993,164693,1563291,152303,223779,690760,1747890
9081,4,2022,10,260830,467898,136013,1862533,246541,133776,438030,2179323
9082,4,2025,12,530539,336369,240332,1044248,105900,132709,921771,952342
9083,3,2021,6,980651,160415,341338,1367886,270397,376114,481965,2421721
9084,2,2021,1,686795,416274,195571,2597722,142672,348565,793486,1798513
9085,1,2022,5,437859,363824,244673,518520,285260,81272,925933,2114055
9086,4,2022,1,772884,238315,203559,1454692,297542,328841,1187050,3307591
9087,4,2024,10,979235,208629,360043,645088,259781,365631,461450,929377
9088,1,2022,3,451181,401961,205031,1728402,112252,396658,1194898,4346756
9089,5,2021,4,141961,56493,91710,942693,186937,121556,1079585,3323058
9090,1,2021,8,842534,385421,277235,2449032,262754,144425,1752508,3982983
9091,5,2021,3,876761,438162,92061,1226792,295469,160085,1998148,4583266
9092,1,2025,11,643209,91697,203050,2556514,261749,132227,1433577,1632601
9093,4,2025,6,906821,217138,130285,562670,286172,288597,319515,1528321
9094,4,2021,11,462888,100076,207247,2410084,117962,178225,1406673,3977614
9095,4,2025,1,578636,247774,123707,903017,142605,398988,932295,3311196
9096,3,2023,8,300248,63610,281483,2663692,156986,77980,1216149,3199011
9097,1,2021,8,301323,237942,281846,2731371,267859,210059,1651167,1665935
9098,5,2022,7,971209,188273,293828,622841,259972,352985,1352873,4119392
9099,4,2025,7,720431,363862,84204,2500353,201703,170234,1637533,1646275
9100,5,2024,7,412265,329776,367039,2136866,225358,380380,702601,710077
9101,4,2021,5,217538,236926,143036,2587769,185010,52113,1678517,2701183
9102,5,2025,6,219860,133580,113316,2988902,142639,292799,1357333,1149794
9103,3,2021,7,930314,75199,310793,1091133,110539,259611,480941,1383932
9104,3,2024,7,203890,221743,343695,1479174,97071,331170,1154100,2284199
9105,3,2025,7,468199,288749,242340,1850075,116827,104504,1985008,4311492
9106,1,2021,7,623325,322644,74929,1104585,194636,253577,427242,4285099
9107,1,2024,9,842836,137346,77177,2324599,159482,314986,424928,2393359
9108,4,2025,11,423729,69028,293872,1087577,65932,215837,957336,2173102
9109,4,2022,2,425832,319991,174486,409168,148643,221299,600956,2219352
9110,2,2024,8,610034,69216,74455,1106223,105353,293652,504084,3831485
9111,4,2023,1,787509,260761,311507,1896079,294325,152042,611587,2071521
9112,1,2025,11,830202,230376,256541,987379,194338,274605,1501572,3673038
9113,2,2022,4,778085,182855,367030,2156947,141596,178981,982693,1698950
9114,2,2021,6,196016,403244,164371,2894340,126564,253178,668974,1336934
9115,4,2022,8,585160,271669,114631,1016667,171413,81505,570022,3941824
9116,3,2024,11,392611,472840,105294,351999,255000,309701,1185981,2265774
9117,1,2023,6,150454,247592,129331,2081228,123554,79878,1919340,1809190
9118,2,2022,9,792831,187701,72281,1845653,181339,174499,903427,1829735
9119,5,2022,9,855394,197320,160321,697072,73795,372936,1814616,663195
9120,4,2025,5,566386,453228,370685,1051479,153303,237108,1778963,4422161
9121,4,2025,11,683151,212390,52606,2041536,222816,55693,1939584,1170189
9122,3,2022,9,821009,184562,352037,2608111,135318,397160,933938,4241834
9123,3,2025,5,699575,249581,223437,1879946,216261,187002,822335,4571218
9124,3,2025,3,697437,222322,180207,988548,106733,193364,1422826,3969424
9125,3,2022,2,862775,276031,312910,2334814,189998,122854,1016687,2586815
9126,3,2022,2,402396,285015,379316,1169766,137941,105362,1191715,4825015
9127,3,2022,7,473009,309818,95940,2899072,85971,123739,1168912,4633495
9128,2,2022,2,969610,291217,374226,1432941,170335,233247,443458,1424476
9129,1,2022,6,333537,56997,139228,539121,235222,75625,1714826,4560052
9130,5,2021,2,151670,274781,73105,1388529,135892,314762,806657,3440743
9131,2,2021,8,834701,162909,130579,1390240,219004,349002,1606184,3220107
9132,1,2022,2,275526,81429,191012,784262,274640,165613,312058,3259943
9133,4,2021,6,563148,309866,246017,1204880,186599,121195,764087,4962725
9134,5,2022,12,180917,195949,337394,2460072,186826,286117,933519,1950877
9135,2,2024,5,435482,126873,175132,2614847,189626,89350,328024,1943426
9136,2,2022,4,813154,186563,332686,2868230,152442,253193,318917,4831762
9137,2,2022,9,971075,131037,136177,2515993,191119,392172,497044,4350423
9138,2,2025,5,767797,50355,103969,1422451,233946,278243,1360805,2082147
9139,4,2024,10,711960,133618,233833,2740601,248114,189658,1390603,4511192
9140,4,2024,7,687932,299435,154496,396170,210178,69479,1457190,2083090
9141,4,2024,5,317448,199617,114803,2193368,182290,76054,1936484,4355574
9142,2,2023,5,584818,339423,61057,2542821,51614,378768,1116531,1658647
9143,1,2021,6,742876,238238,230305,694324,220352,216388,1226285,1253343
9144,2,2025,7,937363,422272,157104,1119178,109212,213034,1475949,4565670
9145,2,2021,11,810378,466359,296949,1572276,279088,109810,1386598,3304571
9146,2,2023,1,313088,383359,306225,646159,192573,121223,654512,2121085
9147,1,2023,7,385688,424714,121641,1961948,60747,355560,600044,1993652
9148,2,2022,5,177263,134429,335091,2177080,77534,205752,331308,1504930
9149,2,2021,2,342908,112345,321518,2104573,191016,129408,1209921,2860129
9150,5,2024,9,980018,454012,306299,1715926,296088,275875,1624656,3069362
9151,1,2021,12,582808,238178,140086,877829,194845,390305,1093637,1189660
9152,5,2023,12,448153,378638,353552,2677919,165122,329614,433253,3639177
9153,1,2023,11,369249,68704,305411,2959641,166638,182151,304998,3743043
9154,5,2023,4,623006,200506,396509,701340,164877,90709,277167,4962189
9155,2,2024,12,483219,293116,182772,310672,88534,259847,442868,4216470
9156,2,2025,6,889609,190341,181980,485838,109282,94713,1683126,1178212
9157,2,2021,8,185557,232339,178110,1688152,210985,230641,1361258,4417131
9158,3,2021,12,876122,86392,317363,1008203,259525,372955,1663332,4974746
9159,3,2025,5,533836,259819,126818,2871513,68859,236220,298864,1980180
9160,4,2022,10,594590,86429,65100,1491979,131599,338778,1845090,3384717
9161,5,2025,8,804108,393064,397033,1527911,91131,147769,555374,3380303
9162,4,2025,11,233724,162573,118072,2749993,50408,276234,1328895,1183655
9163,1,2022,1,647533,207458,189203,1139620,248917,379857,1501763,4839689
9164,3,2021,6,918665,255719,137417,1321018,175528,173761,671718,1519768
9165,5,2022,1,465604,196915,313330,2900492,229123,237146,357454,3654262
9166,3,2021,9,206979,106369,223201,890598,83169,246707,651019,3833516
9167,4,2025,12,205884,166200,336409,1729965,54579,227996,1743009,4355091
9168,3,2023,5,865110,123962,313289,1795191,115201,368430,1304223,3345398
9169,4,2023,9,559901,245288,295459,795828,94673,198715,1994414,565401
9170,4,2024,4,316570,242904,307325,1308639,57137,209350,1958505,1424826
9171,1,2021,2,707769,182316,211769,2135386,175154,164396,1946656,1855682
9172,2,2024,8,724714,416823,388750,2984367,187646,323809,1023891,574888
9173,1,2024,10,744904,175484,216058,981604,290553,230283,594459,3356089
9174,4,2023,8,330670,157751,359768,1952998,255994,80047,1487955,1502782
9175,3,2022,5,259684,173674,179991,1055925,109473,279145,1883309,1935761
9176,1,2024,4,463009,345435,102440,1927534,157227,361619,1078877,1856176
9177,1,2021,5,994978,485329,325991,2983423,271616,89476,460221,2552938
9178,3,2025,1,533013,112675,58527,1218426,178141,63567,1604901,1343851
9179,2,2021,12,298687,329265,279040,2605283,211363,110300,1673297,4082920
9180,4,2025,1,269754,472588,175087,638052,60477,172879,1372338,3272581
9181,3,2022,8,318220,144647,219530,2936786,234003,66001,1698366,2353793
9182,2,2021,1,108544,228219,290724,2636636,105419,370435,942169,4145530
9183,1,2021,11,783895,382602,286654,820935,275289,214301,530367,2469398
9184,3,2024,1,147158,445048,335237,1897857,278254,163547,1290423,1468920
9185,2,2022,11,837931,251903,231672,413142,187776,66069,1166274,2152735
9186,3,2024,5,401805,226088,304136,724840,183353,94190,244299,2840833
9187,1,2022,1,234896,297597,212345,2067210,274140,372400,1072499,4937687
9188,3,2021,6,806298,133706,91898,995284,83635,326285,703199,1664211
9189,4,2025,2,492233,456379,135451,371194,216172,52927,716783,2392498
9190,1,2023,6,954071,365552,69485,2411571,89840,293467,704649,2976535
9191,5,2021,12,663985,120641,134181,309067,65711,212090,693067,1008954
9192,1,2025,9,876041,278752,222507,2580463,182097,322083,1708599,3967291
9193,1,2025,5,191333,120292,322586,730390,262967,202368,380721,4654152
9194,1,2025,6,783254,77649,151531,2931201,196204,143394,286683,3839127
9195,2,2024,3,166566,186583,295931,1662625,180824,352508,1990426,946231
9196,5,2023,4,768880,354028,121013,1585618,74856,361882,563599,606684
9197,4,2023,4,564757,435157,84442,2367861,67580,174948,1001445,1569240
9198,1,2023,11,458779,377487,139655,1585875,227467,241686,1307253,4277992
9199,4,2024,7,564523,262450,372741,1734742,289883,386221,1298706,2107557
9200,3,2024,11,100853,64447,195243,1916702,237924,368046,1080430,3245791
9201,5,2021,12,186140,390502,302270,531533,80679,211035,937728,4475290
9202,5,2021,4,347582,445135,191938,1588042,253516,243710,1113119,541769
9203,5,2022,8,971877,482629,189721,2491380,219440,345763,1266073,3853050
9204,1,2023,11,430076,290738,118130,2851624,118330,283971,1785142,765812
9205,5,2025,10,705292,191069,134126,1598389,196709,221271,834262,1720642
9206,2,2025,11,602529,362181,183262,2070181,105924,217883,1356380,4535661
9207,4,2022,3,560098,457374,377270,1765052,228745,312126,1037739,1392715
9208,5,2025,3,918981,96179,396540,2865072,126539,83469,414371,4664968
9209,4,2023,3,217374,442371,263857,2221042,83477,282977,672392,1049024
9210,1,2025,8,161798,179597,274152,844924,81739,303667,658860,2246878
9211,3,2023,5,614246,100135,95381,1581006,292673,112099,1232303,3151429
9212,3,2021,4,219505,95620,81432,683582,218426,314880,809882,2082943
9213,5,2021,8,499214,51332,283471,1303417,65510,162296,250793,2867619
9214,2,2023,7,963699,485469,296152,2966012,295307,209754,879073,3648682
9215,4,2023,6,145094,466329,324597,1954189,292959,206238,935518,4763646
9216,5,2023,12,352403,226138,332735,2462936,181117,138831,1316684,4205545
9217,4,2025,5,149877,67093,160217,1836128,197114,79304,483475,2722092
9218,2,2022,2,894494,269114,370590,854599,129310,116128,265684,4810111
9219,1,2023,2,529956,334399,108125,385006,99884,107340,1977151,1661222
9220,3,2025,7,416328,146575,149786,2910997,245042,193996,1031366,4490205
9221,1,2024,6,983392,428230,158121,936518,182175,113743,610326,4103616
9222,5,2024,12,261922,158940,165513,307156,111953,117024,1539221,1693453
9223,5,2024,5,288489,328751,302529,516861,243120,100438,963453,4431525
9224,4,2022,4,323615,147721,391367,2968652,145381,349124,1121215,2698367
9225,1,2022,10,441804,145568,155918,2101017,71869,361005,1867562,4132318
9226,3,2025,5,812987,479691,173528,2590999,292392,124001,1318956,2301423
9227,2,2024,11,675305,265212,153010,468208,175545,393214,1715475,1565874
9228,4,2022,8,168993,265893,353530,2987539,54419,272341,396083,2644100
9229,5,2025,10,722312,420900,139146,912392,277572,171092,1968821,2317884
9230,5,2023,8,453695,199392,67597,2758425,203110,80516,997275,4278769
9231,5,2024,10,804690,277859,193139,2710827,101166,82243,1095328,3429603
9232,2,2022,2,227892,316509,304431,1653142,224248,182465,1403138,4065190
9233,2,2024,3,517829,445315,91793,2971944,141759,349731,739440,731322
9234,5,2024,7,611402,350405,117700,910604,282602,232131,1313762,4727894
9235,3,2022,2,434846,59588,214280,947927,176790,374710,1037234,1375366
9236,5,2024,10,918134,103190,354652,1083080,140429,381269,1463260,3381659
9237,2,2025,4,759476,176862,223429,1719375,139542,316420,1226376,3514851
9238,5,2024,12,327913,390744,391902,2753295,99017,356044,919664,4433378
9239,1,2023,3,747839,80519,219517,2527153,143374,187397,1964880,3862007
9240,4,2021,9,802043,342747,243156,1551787,69030,244686,682058,1821295
9241,2,2022,9,740953,193268,111823,2399278,180388,335842,946108,3090344
9242,5,2024,10,913863,473650,326188,1597809,254038,340958,1373201,4753661
9243,3,2021,11,610247,284514,347327,2701186,112842,380939,241085,1027988
9244,1,2021,6,638719,373606,132481,1576018,240058,242667,1897151,4372740
9245,4,2021,9,523049,498773,56418,721958,102544,97875,1920146,3205372
9246,4,2022,10,894747,488405,178994,2814666,263050,119097,608641,3544709
9247,2,2021,4,382353,85867,249451,1992528,76499,198450,1865313,2274066
9248,2,2024,1,526100,175580,281524,2572622,115743,316468,1609930,4214004
9249,1,2022,3,673492,287891,165559,2031063,202344,370152,893773,3408874
9250,2,2024,8,396581,89615,265537,1647063,184154,95299,1028408,2404473
9251,3,2022,4,931609,275203,112369,868578,291277,159605,1788086,2725271
9252,3,2022,3,544706,140405,165177,1244439,263453,384134,241432,4583160
9253,1,2021,7,603504,179431,299798,951326,296617,353452,291416,723781
9254,2,2022,12,134770,254189,364685,2598542,166761,241956,1228661,1887423
9255,1,2024,7,174128,324497,206362,1429587,240954,127197,465601,1690145
9256,4,2023,2,138586,200732,56536,2087533,231270,215251,1754830,4607726
9257,4,2023,1,256814,271803,94867,444168,206975,142234,549655,4449928
9258,4,2021,3,165193,118893,306593,675114,204443,163508,1380432,3009987
9259,2,2021,1,423226,370873,337130,1356636,256048,119579,1183750,2135804
9260,2,2022,4,442837,400196,120742,1567159,170863,101739,1259436,3057741
9261,3,2022,1,756689,181688,312657,2114954,59146,337922,1370631,4634176
9262,1,2025,1,677164,328789,96559,1228220,99745,186122,1439965,2665501
9263,3,2022,12,582321,410492,169382,2914066,259788,86501,1621584,1089119
9264,3,2025,1,299323,73008,61194,1837886,112073,273046,762311,1697039
9265,3,2022,6,844583,54010,234521,1355190,79757,123881,937779,2199551
9266,4,2023,8,416866,387482,102229,2853515,112607,395700,790558,2025001
9267,2,2022,2,522391,269255,133776,2786047,219308,325216,1599886,1931520
9268,3,2022,10,250926,457234,161116,886000,102179,115224,698165,3499153
9269,3,2021,1,880650,428635,276153,2514559,223481,115058,1503683,4362463
9270,2,2022,11,896374,386428,200616,2765732,230455,96154,323773,1982312
9271,2,2021,2,219596,478453,315463,2091550,102916,307159,688333,3568022
9272,5,2022,9,276793,476907,159407,429659,295990,254593,1899478,4123378
9273,1,2025,12,965935,202395,216869,439280,249844,214100,1318792,3196364
9274,3,2024,11,627202,85434,304593,2908666,216283,297181,1177999,3848947
9275,4,2021,3,494900,357539,377737,1556037,75783,212228,500612,2599958
9276,3,2024,7,263999,338478,246292,330656,253409,366965,533024,1368929
9277,3,2023,8,905117,294042,156588,419018,65329,353073,1000583,2631599
9278,5,2025,11,511203,165507,245016,2962287,225115,348886,488299,1787272
9279,4,2021,5,459110,395667,325014,2858057,256108,166039,1733736,4503078
9280,3,2023,9,251172,383117,61165,1874995,89979,357070,601335,1490371
9281,3,2024,8,640995,310941,87227,1573569,285294,184501,240972,3618302
9282,3,2023,6,730260,399628,378544,2851926,175037,99238,1254547,867392
9283,4,2024,5,776163,96870,140466,2633805,93436,121798,1801244,4463800
9284,5,2021,5,522285,357766,99315,1922998,52759,381842,1014919,1116461
9285,4,2024,1,488940,145978,148745,2418941,97991,203981,733644,4027502
9286,3,2023,11,716639,417102,302719,1492928,95809,314891,1235386,2422327
9287,1,2023,6,103980,497709,71036,1040602,143895,83693,1049972,4391001
9288,2,2023,2,849425,362056,210550,514049,273813,345227,281114,811931
9289,3,2023,2,927257,138682,54191,1322647,155066,298678,1396180,4628903
9290,4,2023,4,194134,251891,101106,2058850,137362,308647,1866508,3134121
9291,5,2022,9,926723,425412,326142,1068580,117936,108405,1539739,2290458
9292,4,2021,8,611618,153202,85671,2104092,82694,386059,1293993,4147263
9293,2,2024,2,859592,294498,159235,1519075,290268,397652,516028,3401870
9294,4,2025,4,365557,88831,333922,2127454,79582,382958,529443,4426838
9295,4,2021,4,860431,101881,109939,2765223,199192,59866,246436,3909349
9296,2,2021,11,425948,170177,267552,1067522,164364,92887,382136,1195534
9297,1,2022,11,384085,253503,392966,611379,162041,155691,1592623,2465910
9298,5,2025,3,524509,444054,253246,1741067,298011,389674,1956205,1206572
9299,3,2021,7,774986,229454,347509,599625,213442,131356,437312,2904465
9300,5,2023,10,847243,185044,365840,2747739,199385,74385,1401663,667697
9301,3,2024,3,392921,355760,126034,756148,107997,135042,206748,1249143
9302,3,2024,10,932762,331573,79363,1562343,258111,52652,1104789,1307562
9303,2,2025,9,813991,331894,60304,2814754,174917,138114,989404,3847085
9304,2,2024,12,106589,320800,363495,1980506,264308,331848,1075607,667603
9305,3,2025,9,277579,85863,174829,2805814,143378,164698,1734468,4817617
9306,1,2025,11,102272,341550,375276,2103614,196166,135686,544056,2519129
9307,4,2021,8,557454,472957,230763,1685321,185220,154098,1405971,3616045
9308,1,2025,1,510189,484272,246469,2394705,276765,251362,806022,514903
9309,4,2024,6,112766,363438,215886,1586087,193343,245813,1096647,1825667
9310,2,2021,8,480389,492187,169544,806413,245753,356865,310077,2379728
9311,5,2021,9,652621,168958,117874,672478,265577,337015,1719717,1854985
9312,5,2025,2,896907,421763,71666,2331713,95030,76165,1884627,1121991
9313,5,2023,7,133179,95066,126686,1163943,50222,177916,528431,2158395
9314,1,2022,5,640116,374371,205810,1513183,282424,253871,1559484,2931078
9315,1,2021,9,907378,473736,64666,1093371,170515,327673,1983408,2869441
9316,5,2024,5,229750,255314,323212,2884133,268647,379452,691408,926153
9317,2,2023,4,793288,454532,208733,671998,117531,97792,1956508,1084207
9318,5,2021,9,130234,310688,96244,2419249,142824,397892,249947,3761861
9319,3,2024,3,599973,222477,248082,2495908,155472,177269,1647691,4470315
9320,3,2025,4,665799,229005,325748,2339248,255573,173175,1186138,819333
9321,3,2023,5,992257,410249,281742,1356918,177903,180634,1505165,800895
9322,3,2024,12,137651,333418,345595,2098486,123649,65661,1353639,1992883
9323,2,2021,4,546370,113515,230401,941832,200165,95180,1924981,2364499
9324,2,2021,5,610012,97338,179283,2140861,210886,288413,1410627,1872721
9325,1,2024,12,542905,340971,277265,2570947,287283,81254,1938493,3604370
9326,1,2024,12,940836,442702,355552,1102610,237927,207630,1232866,571900
9327,3,2023,5,817957,244114,59827,2400089,280031,361496,1239324,2837089
9328,4,2022,11,686123,498769,63605,1048963,288416,140507,1629393,2247747
9329,4,2022,5,684994,195681,203672,2420610,263444,222461,502216,2263583
9330,2,2022,10,412939,113312,236102,1158765,260982,381079,1557801,2313869
9331,3,2024,8,457827,328384,313019,2307875,282406,295186,1706843,4867982
9332,3,2023,2,180499,441720,363176,469346,244421,119048,492424,3234113
9333,5,2025,3,649561,351982,338774,1035345,269779,278532,430355,3325231
9334,4,2024,3,292286,167654,330014,2563047,169620,61427,443078,1498589
9335,2,2021,4,579064,211145,102684,658861,253832,327460,444286,1633939
9336,1,2024,2,392771,225939,217142,2156482,82667,267613,1797694,688299
9337,5,2021,11,248367,435887,239821,538175,181361,311263,788660,2583410
9338,2,2021,11,954386,88168,88048,2890694,152850,176064,726223,4524679
9339,1,2021,6,355924,351130,109012,2794059,257814,257816,807363,2232441
9340,4,2021,9,301239,290586,291462,2030770,100036,317244,374294,3625829
9341,2,2024,6,643635,452945,121434,1577093,76302,245085,1813163,1635639
9342,1,2025,12,640247,253075,279023,2389154,162965,88621,1071005,3229398
9343,2,2024,1,870988,403884,162790,2750019,279121,120000,1917033,3285663
9344,4,2022,9,383901,85079,256695,1812189,74409,101256,566579,1331160
9345,5,2024,2,540955,407055,259266,1051049,296806,56381,1131188,3666947
9346,3,2024,7,313602,347450,300028,1518065,90666,346820,448951,4767104
9347,3,2022,1,629794,229287,301188,1913955,69730,189648,1612388,4639836
9348,4,2023,11,735058,95793,291587,1385088,70901,250250,1718936,527300
9349,4,2024,9,342585,130681,343321,1764161,70630,266679,1831875,4429770
9350,3,2024,8,287215,414671,213045,1570711,280171,389178,1393265,668294
9351,4,2025,10,735504,280970,214738,493997,107983,178709,1208825,3335348
9352,3,2025,10,794625,316819,269486,588423,69771,353146,1055621,3151277
9353,3,2024,8,625449,399427,135466,2548105,191121,311372,1455207,4876285
9354,4,2021,6,824725,72855,135562,1691161,221489,63321,831376,3764259
9355,4,2024,9,762849,462255,303874,636062,60445,271978,1384062,3018508
9356,1,2022,1,330835,492549,336398,2912377,290146,351221,1166372,4025212
9357,1,2024,10,988894,338247,70078,1305085,63459,116618,453488,3331478
9358,1,2021,6,976018,66801,236155,2593015,238113,298225,1367990,1453387
9359,1,2025,11,282282,429453,286918,1323939,149418,103529,580420,1861138
9360,3,2025,2,927091,102922,354937,2086997,210617,372295,1299674,3490431
9361,1,2024,8,826146,376605,334623,1608260,234164,366669,689456,4181680
9362,1,2023,11,644177,377310,271651,700598,285260,364392,626319,795761
9363,2,2023,7,993774,202165,369661,1989652,229413,105560,1432306,792671
9364,4,2024,12,514925,243963,291529,2506678,188801,213395,563392,2479636
9365,1,2021,11,573622,422293,198110,836256,219867,198077,1403890,3262794
9366,4,2023,7,723301,77178,391733,2760988,80802,171548,1744904,1896891
9367,1,2022,6,868752,81571,391382,307994,164785,259303,703883,4988866
9368,3,2023,4,915251,219997,381389,2280076,237314,50566,1620907,4119792
9369,2,2024,9,146074,389421,321850,642625,223658,167916,279769,2891234
9370,5,2023,9,337968,384254,152380,530978,255394,144946,504669,2868430
9371,1,2023,11,167140,242628,348693,616435,203807,230125,350210,4595129
9372,4,2023,9,287393,102755,270499,2375725,133729,141165,771057,3685305
9373,4,2022,5,979999,103541,269537,1823498,145595,397129,1980228,2014233
9374,2,2023,7,486961,118340,365790,940141,187753,106859,339964,3141190
9375,1,2023,7,555141,272962,298065,1456092,299066,320726,1709830,3035924
9376,1,2022,7,458651,204856,206605,1584510,102931,89383,811460,1920290
9377,1,2023,10,320465,262579,391777,1018773,277959,323022,1036451,1158589
9378,2,2021,3,812454,87588,353492,2724167,206294,293692,1326795,3302548
9379,3,2025,4,386708,54557,61449,662183,263370,202841,1223487,4950747
9380,4,2025,2,967428,373907,348470,2736665,117526,350170,1591855,4450306
9381,5,2021,12,325174,185040,109144,1010043,234973,252585,274727,4014821
9382,1,2025,7,102003,420451,202074,459926,104624,80146,845886,3828826
9383,2,2023,2,314377,440248,88969,1228223,210549,129687,689378,948700
9384,5,2024,2,600966,245372,134751,752386,239236,104527,1328602,4542464
9385,2,2025,4,832557,369482,93154,504520,290152,240092,1738570,921297
9386,1,2021,7,883633,185726,125330,1425462,54617,313940,1396662,3145072
9387,1,2021,12,443683,257742,271671,2570241,138611,195375,388705,1704518
9388,2,2023,4,823335,104378,357601,1699390,205130,65512,1899573,3374303
9389,3,2021,1,410056,66686,63917,1808146,279912,193131,1955829,1223850
9390,4,2023,7,898555,388184,161598,2802722,237985,295731,1002177,2590767
9391,5,2022,6,763540,255037,239508,2880468,221886,382961,1156546,3555423
9392,4,2024,8,102782,259172,104397,464077,182029,276238,1170583,3621179
9393,2,2021,7,108731,446101,173066,2056161,251203,256390,1898803,2826127
9394,5,2022,1,974978,60247,200496,1187435,116644,103951,1199126,938857
9395,3,2025,3,297529,121814,354974,624232,117389,294438,928191,1985007
9396,3,2021,10,193418,419254,169531,2778020,230621,316906,1337256,3676407
9397,4,2025,1,665447,463389,179916,1963504,178112,197249,1112344,3264364
9398,5,2022,5,640465,339692,379336,2810798,162604,77334,828581,3222634
9399,2,2025,5,172555,382077,280331,1487693,294389,91565,447475,4440246
9400,3,2021,4,199542,296854,382581,2067589,54409,300290,321436,4296226
9401,5,2022,4,283408,334376,246283,2060658,81519,240215,1254616,1851409
9402,5,2024,8,284844,317976,73675,797204,128907,346935,1684764,3206215
9403,4,2021,4,682843,341201,378808,1084947,195707,244601,974452,1110578
9404,2,2023,12,949278,409687,271608,2186960,62490,388777,785502,1469809
9405,3,2024,12,884441,195804,122642,1079559,299229,119225,1474569,1409798
9406,3,2024,5,450213,451851,237571,1256495,78791,168537,391055,4345686
9407,2,2023,11,934275,405781,115275,2691876,192620,184219,562771,2751673
9408,4,2023,3,731983,113235,127912,753672,135605,76890,1629411,3725768
9409,3,2025,10,105651,489493,51893,2739001,275840,82096,260686,1306215
9410,4,2021,7,889777,285548,386231,681046,298854,143463,434655,2212330
9411,4,2025,6,411519,314718,195740,2258174,95771,332604,620717,848048
9412,1,2024,7,526600,358754,86288,1984110,152622,192139,738376,1566140
9413,5,2024,8,629926,419422,61356,322868,132282,214181,784797,1745660
9414,3,2023,12,139822,133131,378999,346220,98285,230424,649445,4720091
9415,2,2024,8,342706,155587,123145,1405663,73289,79531,1005268,3203592
9416,5,2025,3,659786,109296,128858,2470610,258853,123384,974847,1103744
9417,4,2025,1,875447,79974,320245,1120812,103316,264768,767372,2361794
9418,5,2021,7,508609,346090,201990,2401851,177325,315066,1192314,2658850
9419,3,2025,10,698627,271562,238880,1669122,283778,189719,1390797,4701925
9420,2,2025,10,589972,451132,140021,2427862,143529,269641,277037,2032512
9421,4,2025,10,259538,479604,282488,1928998,106726,284265,884344,1470875
9422,4,2022,1,425779,373360,392756,1660729,217410,193857,1865414,533975
9423,5,2023,6,790568,378738,55285,1098257,264004,387495,529449,3174393
9424,2,2021,6,973422,468051,389950,2982657,115663,314795,718677,3280395
9425,2,2022,6,856638,110436,276688,496751,242955,370955,1120682,3618984
9426,2,2022,1,149378,150961,180721,2380866,123220,97539,1684648,2262133
9427,3,2022,12,243501,132330,375430,2149071,277822,135187,837299,4494711
9428,4,2021,11,971816,461665,177626,913323,239766,82053,715313,1911408
9429,1,2021,12,953482,362163,91303,1171140,146394,143521,628617,2903754
9430,5,2025,11,208182,210234,365786,580262,205315,352023,753813,2052492
9431,2,2024,3,526324,171189,231706,1779197,191660,382201,509925,3160522
9432,5,2025,11,359882,372581,62398,2086915,82829,61719,1610499,4135208
9433,1,2022,10,612295,225506,261585,2789822,298570,223997,873361,3915111
9434,4,2024,6,756465,461672,317285,958253,297637,122324,505386,1176983
9435,4,2022,5,493172,139461,250362,2669807,140862,362337,1785759,2254381
9436,5,2024,1,752394,384444,165678,1092940,245528,77318,753327,4635625
9437,5,2023,8,919367,172214,223948,1857670,56787,228980,1979289,2550004
9438,1,2023,3,939899,354052,244769,2947689,223043,290296,1042809,2624310
9439,3,2025,10,522309,332902,102802,455161,274031,358427,1752411,2312499
9440,3,2025,3,639383,366123,244111,1393464,112760,388903,1248797,3473307
9441,3,2024,12,449414,218371,275239,2193731,110810,89130,1853896,1178571
9442,3,2022,1,367939,175372,212420,2065730,63672,136339,1680336,844776
9443,5,2021,8,623109,439139,216865,1340561,178313,164673,879020,2207242
9444,2,2024,8,217209,203200,222490,1018833,262713,222198,490986,3616525
9445,5,2022,2,575596,474264,292798,1741500,242695,199240,1897094,2759643
9446,3,2024,10,896504,191220,91555,1278050,79343,91934,1489273,658415
9447,5,2024,7,156792,168764,333272,612797,55798,166480,858338,1748517
9448,2,2025,5,702238,183093,295834,373462,267539,351506,1864497,4555430
9449,2,2021,2,286265,218254,102356,1762467,265050,110614,497508,2201052
9450,1,2022,11,557164,431642,196131,765717,253232,110221,754243,1516335
9451,5,2023,3,243024,279957,93254,557656,153036,182289,343385,3414398
9452,2,2022,1,505155,218372,65236,2838171,215613,155249,567610,2233882
9453,3,2024,1,337147,232851,321794,2985065,223796,302987,1307233,3050624
9454,1,2024,5,770647,239733,119090,785398,158167,278650,815880,993157
9455,4,2023,5,881452,231116,359870,2193947,185722,335961,1556084,923450
9456,4,2022,3,974307,340255,357912,681122,103586,174030,1063292,3274108
9457,3,2023,10,346660,454711,256405,726124,158929,176101,1505787,676929
9458,4,2021,10,970035,370256,324951,498170,126285,130758,249153,1400135
9459,2,2022,10,589250,365485,109320,2055960,178748,340718,1299108,902658
9460,4,2025,7,602383,132121,364646,483160,104992,116116,875229,3170807
9461,1,2021,11,786001,332068,78692,2492230,113228,386808,955004,4900415
9462,3,2024,9,227326,442482,355204,1164021,74782,396443,1316825,4786549
9463,2,2021,12,999431,239765,225297,1916657,112713,132690,1758322,4238526
9464,2,2024,2,329189,170629,82646,828988,51840,372641,1330550,3324149
9465,4,2024,8,755498,235614,122416,2833724,281164,366088,488705,1296620
9466,2,2024,10,968019,478830,238889,496478,247698,304150,1387345,3369646
9467,3,2024,8,403969,94045,62523,1187084,277952,357342,1998299,963078
9468,4,2025,3,759255,418473,199472,2904887,299726,178065,767974,3212516
9469,4,2022,5,874630,103275,161375,2053392,97796,95479,347231,615375
9470,4,2021,5,424377,391648,258989,2320186,210468,76500,1996900,2156073
9471,4,2022,5,278805,485231,104506,542155,277065,182867,922362,572388
9472,4,2024,3,747112,275462,214207,750874,285550,360890,1958928,4830926
9473,4,2021,9,156285,240577,320898,1109471,58940,83676,1918989,3093514
9474,1,2024,1,108768,278839,232808,784884,224271,326806,1387532,4167321
9475,1,2022,9,171595,489188,340307,2955756,130054,242020,886719,3928896
9476,4,2022,9,868975,389690,381032,1396031,254100,121238,1431816,3037606
9477,1,2023,3,242951,254489,226832,2327545,161559,183263,1536556,3910884
9478,1,2025,7,735674,390793,358484,877925,119993,305790,1140724,3511630
9479,1,2021,5,711778,452785,204608,2204714,266494,236827,623830,2270859
9480,3,2024,11,624702,87959,108816,984500,256044,170209,1212621,567457
9481,1,2024,5,865348,290256,140091,323094,171662,92019,1523478,3467581
9482,4,2023,1,464363,470710,338212,2507369,195126,168221,1482697,2302626
9483,3,2024,4,250563,429798,165671,2252098,172826,64766,1296001,1551623
9484,1,2025,7,379311,212092,392201,507442,205172,172507,1740060,4415155
9485,3,2022,11,797301,424698,240991,1804716,248333,376315,1441708,2555234
9486,5,2022,7,907047,435876,78592,820404,135357,109689,967698,4263760
9487,5,2021,4,314436,435477,238981,2611229,76528,172639,1501578,4855041
9488,4,2025,3,321534,338272,140401,2607549,55090,51227,1336782,3555622
9489,4,2025,12,317651,189459,384386,1961827,271200,253695,1827499,880725
9490,3,2021,8,113491,394839,50823,636060,296124,91456,1700902,712368
9491,5,2021,6,783134,180724,320255,732211,294512,137211,957982,3080393
9492,4,2021,10,206397,97830,218040,1456598,228411,355560,557331,4142301
9493,4,2021,4,283899,52668,151730,1111063,74992,154471,1746648,2618803
9494,4,2023,2,243326,266862,331363,2459740,286356,255109,1373276,694114
9495,3,2022,3,794453,159080,104315,2222469,170921,202512,458650,4395178
9496,2,2023,2,487577,470803,140330,1111479,295844,311173,606132,1420915
9497,3,2022,1,115600,249469,218995,1379129,234777,92795,537697,1120888
9498,2,2022,11,102440,400274,63665,868625,64699,344013,406521,4442849
9499,3,2022,7,467940,240409,110319,1991000,152877,108971,307861,3290090
9500,5,2022,2,449883,284462,56312,2741143,93879,159626,303680,3846478
9501,2,2021,5,517257,277440,319994,636148,223603,98679,422990,4601837
9502,1,2022,8,121920,419024,103282,1710965,276061,325413,1122987,1587993
9503,3,2022,6,634773,471019,340306,2363097,124843,203433,976513,3772023
9504,2,2022,6,109346,262844,117993,2009964,223935,374367,804535,2259211
9505,1,2021,3,422351,273090,105190,2749823,136002,63408,844519,2869384
9506,5,2021,5,641553,461485,134789,583138,178354,259320,643841,2672383
9507,4,2021,2,217735,422339,382772,2970217,124546,75128,1653735,519495
9508,1,2023,10,693417,59527,260764,666496,233460,346115,1756810,4640193
9509,1,2025,4,596586,134965,82937,1444959,218199,227877,730833,2035491
9510,1,2021,7,169560,486806,193636,2370378,242986,227363,1560861,4204460
9511,3,2024,7,866235,269082,106933,1070440,153366,185360,598043,1541389
9512,1,2021,4,329188,398644,142318,2787575,256407,241285,1889776,2847593
9513,1,2023,11,377629,214334,156348,2534344,159729,241450,1433572,1437332
9514,4,2024,6,977725,147777,122449,1028698,219138,337827,1743780,3057591
9515,1,2025,11,281160,323939,63761,780197,107210,324020,1898798,553865
9516,4,2023,4,840822,490882,125339,2463326,159875,188607,508052,2127980
9517,5,2023,4,497177,498569,85020,359096,170368,326207,1406253,1743694
9518,1,2024,2,903466,495295,153125,563093,73640,61778,770009,1754015
9519,3,2025,9,341165,274314,367634,2389879,237648,169801,480294,2055163
9520,5,2023,3,277138,408043,134172,2765750,159502,74800,411349,3561898
9521,5,2023,4,422228,349777,259301,2569612,135186,94743,390849,725026
9522,2,2021,7,295457,173041,54810,1367595,297752,106762,1176811,4279772
9523,3,2021,5,274863,351490,159982,768904,234222,369398,856019,2632082
9524,4,2021,2,701417,316422,105964,1070781,223148,319715,851014,4602826
9525,2,2021,10,485234,76969,141262,380677,179510,181935,1397205,4185645
9526,4,2024,9,405413,302264,118933,2558948,138207,107982,708368,2789145
9527,3,2025,9,174552,354254,382451,1377847,70499,83093,1051602,1036907
9528,1,2022,8,191528,139521,327361,1702550,211904,278846,1548355,3765094
9529,5,2022,5,960661,51678,75122,1808438,58622,330230,1256195,2196096
9530,3,2022,2,107258,211171,133012,2208145,217368,363088,1256617,2488015
9531,3,2021,2,632836,361256,276154,2296942,294388,312845,1681718,4511082
9532,1,2023,10,699377,246271,85425,1595016,50553,347487,908688,4475790
9533,3,2025,9,547633,56069,54734,743338,220411,99725,469061,1604214
9534,1,2024,4,940877,292264,200227,1411095,194371,99033,262450,4958025
9535,2,2022,12,702357,158831,87214,2052525,60287,336570,309166,3730203
9536,4,2021,9,678664,200151,372202,825059,126659,388011,1110531,1099410
9537,4,2023,5,192663,463837,277679,2970908,175527,315983,1287314,1302235
9538,2,2021,3,948101,125648,163518,636055,238669,353426,1479613,3051663
9539,1,2025,6,738561,354983,62212,1195599,52772,234039,639977,2691450
9540,4,2023,4,169108,149431,363625,2066385,244047,116798,1343295,3052484
9541,5,2025,12,825882,105496,281733,2023940,69569,190772,1324394,3676009
9542,3,2021,9,250687,74238,221352,2472828,81462,258779,1976902,4288220
9543,5,2025,6,211296,429117,176726,530021,273572,178972,487253,759000
9544,2,2023,7,324334,468030,301774,938240,248866,245745,555038,2541880
9545,1,2022,6,818020,65444,379781,798922,139925,268492,1541802,3200820
9546,1,2023,6,749936,237025,118082,1850811,105430,307901,825438,1773217
9547,2,2021,7,825667,430419,51452,604270,249797,349278,383254,738771
9548,1,2025,12,440341,372126,269833,1864893,95361,397211,1096487,3858959
9549,1,2022,5,162719,147206,153436,1660417,52669,254067,600290,4260407
9550,4,2024,10,986207,412044,67184,804324,275937,99008,904875,4361707
9551,3,2022,1,992688,419898,236746,2005599,132799,149494,1376326,4757489
9552,1,2025,9,182490,197322,131258,569592,225445,298117,247331,4093993
9553,2,2021,9,933030,111029,198619,2265690,223339,228585,1701139,4990819
9554,1,2024,6,820005,136164,333612,935110,289518,339334,1386398,3174447
9555,4,2021,3,172358,61253,274237,1550933,50899,374826,1442622,4207993
9556,3,2024,12,709025,269377,251857,1467516,142632,293795,1417569,2254139
9557,5,2022,1,135510,155642,109184,505420,85877,154036,816401,4002319
9558,4,2022,4,619317,301788,349103,1829798,64333,252770,1810937,4121037
9559,4,2023,4,217253,208961,98967,2035294,137970,169792,1577400,1825594
9560,1,2025,2,906930,281385,54646,1602453,181438,234274,1427618,3815283
9561,1,2022,6,395836,328650,302943,2101627,80823,332914,1556713,3963468
9562,2,2022,11,287923,398758,177020,2719740,232630,365260,1830807,1158661
9563,4,2025,1,161512,400215,160801,1076655,226406,80146,1244899,2292680
9564,2,2022,7,755344,176315,375472,871892,174978,273099,1771849,2138056
9565,3,2021,4,336934,76991,63571,1304818,95062,220837,739619,770244
9566,5,2024,9,962685,423570,181600,1945423,84484,386286,1405188,2321568
9567,5,2021,5,516168,398500,286962,1338953,194909,253990,1025394,2232716
9568,4,2021,5,846040,213859,76097,1717496,220650,266393,1677188,3411456
9569,3,2025,4,788198,80275,127162,726345,285126,313028,1882223,4069890
9570,3,2023,7,304331,366709,59025,972004,146131,89336,796013,2248225
9571,3,2025,8,176254,251127,145379,2583650,235730,329979,218606,1869410
9572,4,2024,5,627354,332939,185192,2050008,95537,179905,541033,892326
9573,2,2022,2,848317,277915,260710,2695654,177403,163522,410390,3618685
9574,5,2021,8,185982,251981,290000,460583,215096,349353,1284478,2752006
9575,4,2025,8,637371,449437,206652,1923970,285641,69841,893413,1060781
9576,4,2023,5,720911,130163,140723,2562030,265259,154928,1458581,2319873
9577,5,2022,11,280026,382743,311555,2372759,178408,304594,946358,3613615
9578,3,2024,3,780326,447919,328893,2129294,85394,83900,1276244,709424
9579,3,2024,9,629146,299816,86560,637036,126217,257546,1588911,3169582
9580,4,2023,10,664746,351749,312794,1157097,200282,335909,1873968,1215402
9581,2,2021,12,836304,307665,390140,2364666,139177,59239,1148492,3536357
9582,3,2022,1,626784,375735,221246,349837,94428,270985,395214,3780536
9583,4,2021,6,210138,196513,268427,2255541,181817,364896,1512983,813334
9584,1,2025,12,900535,261641,202107,2014225,245714,395781,1507410,3910276
9585,5,2025,6,695548,306707,338382,445277,81685,329700,1151445,3275676
9586,5,2021,4,785729,389218,158679,1977191,193630,64320,1564297,1829405
9587,1,2023,5,821958,339433,262691,2675160,199418,330737,1547000,4868708
9588,1,2021,3,424582,227047,227319,1292642,170985,297203,555247,3805798
9589,3,2023,10,862228,81641,274657,745928,151032,152352,1076776,3836379
9590,2,2025,4,181402,370239,74398,1493459,222176,201250,1004786,4658789
9591,4,2022,6,506971,113788,347453,1431093,180229,115463,415054,592263
9592,2,2022,5,925593,157407,265370,1749169,127847,83492,692222,2870273
9593,3,2022,7,261256,87946,162544,605781,185114,352687,283101,1249935
9594,2,2021,11,975956,61453,331627,1022004,64541,152282,975283,786065
9595,5,2021,2,374124,166157,50801,1124420,101696,64074,1043287,1251422
9596,5,2024,4,786937,102650,88377,1869076,228552,184589,959030,1252738
9597,1,2025,12,321548,381645,351985,2177798,73855,288288,729132,1826659
9598,5,2023,1,527198,498961,273297,1537307,129553,302080,1416287,3960608
9599,1,2021,11,318599,237799,257566,2629039,201711,299575,314522,3499083
9600,5,2024,6,835994,453669,150353,2964158,225962,97349,1784011,2706253
9601,2,2024,5,124479,107536,260776,2894168,194055,207105,313072,4635138
9602,4,2022,5,412347,60135,313997,2175937,257593,214184,363237,3020690
9603,1,2021,6,631279,199134,54234,309559,285996,218195,1917130,823488
9604,4,2025,2,186435,127155,101950,1398269,148229,329465,1985958,2054243
9605,4,2023,12,231235,146785,147736,2772993,150087,191151,1254950,517465
9606,2,2023,2,779346,308957,324474,1369491,252725,268883,1059567,2401100
9607,5,2024,1,690201,127317,120998,2535245,159666,179970,1086857,2455437
9608,5,2022,9,736159,94734,360750,2245679,118195,139502,212167,2799694
9609,4,2021,9,691103,251135,118300,820784,250559,73286,874410,4633449
9610,2,2024,9,264404,333544,339649,2956990,104059,234983,1833039,805239
9611,5,2025,11,916411,326981,393571,2761331,95156,360153,1274688,4942203
9612,2,2021,1,996620,443922,77793,340188,53933,70944,1500317,1993281
9613,1,2021,5,864205,414516,318041,2670308,233811,396482,1400632,2294393
9614,1,2024,6,834517,141771,52161,551329,70025,233168,668976,2570905
9615,3,2023,8,283161,438844,119791,1761286,242684,197248,1471694,1930553
9616,2,2022,5,269678,342252,367457,1758850,163952,341468,1515646,1972355
9617,1,2022,12,988120,301894,292389,1736686,140092,379970,1275390,4485049
9618,3,2021,4,382109,122285,122813,2719503,287508,391362,1768870,2676060
9619,4,2022,2,633048,86995,295680,2365498,74736,283442,961961,4467488
9620,2,2021,6,997252,353581,132605,365408,72570,224657,830507,3596367
9621,4,2025,10,241623,461075,110168,612528,195913,106928,772685,2408613
9622,1,2021,1,396856,278304,152365,672083,170346,326436,1268032,2313013
9623,4,2022,11,526467,287356,187509,2044492,254353,293403,955606,4770599
9624,4,2024,8,968388,171547,263050,1043301,72597,192186,1144452,4421933
9625,2,2023,11,165123,283829,90828,2384731,223946,171157,1948425,1533865
9626,5,2022,8,784755,257375,218048,2523521,187943,176030,241284,4382548
9627,5,2021,1,384397,485457,111216,2042908,177191,230601,1320268,1148968
9628,4,2024,9,709229,353338,310916,903480,256295,141763,1820781,3131894
9629,2,2021,7,787297,461344,160597,667731,249887,239682,721652,1767723
9630,1,2022,5,181828,345949,194492,1929609,284523,157610,1249700,4158620
9631,5,2023,12,476400,336511,311359,2748892,255224,375651,903893,2683476
9632,3,2023,1,339504,92843,344536,1210788,58088,164262,938059,1300493
9633,3,2022,2,803824,131540,283451,702464,159673,330623,886941,2919397
9634,2,2023,10,107213,367312,305465,1057176,128654,136751,1431518,1394382
9635,4,2023,3,755353,402492,173192,2267978,292202,349192,961647,3794988
9636,4,2024,2,744285,133009,66742,2311019,80053,125323,1240362,2643720
9637,5,2021,3,819811,185802,114996,1583776,227856,360101,1268054,579494
9638,4,2022,8,343861,316937,158270,2152823,282534,203768,1511267,4736443
9639,3,2025,4,278896,51339,200676,1105570,247362,307542,1532065,1451224
9640,4,2023,2,898852,74953,93796,1947726,222190,243326,1309233,3416494
9641,4,2024,7,103927,493896,395293,1021549,117853,127100,505766,512253
9642,2,2025,8,967557,185487,54590,1066934,51283,153422,862585,2165222
9643,2,2024,12,608719,399493,195479,2249408,274096,83443,1980665,3482354
9644,1,2024,1,160208,243766,276813,608292,255589,124322,1384838,3417697
9645,2,2023,11,861725,498233,79225,421240,294293,195404,1671523,678788
9646,2,2023,4,630609,279260,107553,1020805,60648,323526,322008,2130383
9647,3,2024,11,710003,286669,68172,1841997,249613,362588,802019,3137740
9648,4,2023,7,510878,255223,314372,1533255,214117,74983,1802270,4589304
9649,3,2021,8,524126,427986,281524,2624986,60413,328614,1420903,642228
9650,5,2024,10,709936,441868,394984,1275964,196911,215581,1246860,2486001
9651,2,2023,6,364446,257648,172456,1834851,86928,175266,1967520,3872839
9652,4,2024,3,734131,224987,124011,1938049,63629,95245,560066,2536925
9653,5,2025,6,655246,155158,318722,1799677,138330,353947,1888144,511279
9654,1,2021,2,789838,301159,346890,917700,226122,369388,217149,1592418
9655,5,2022,10,978431,219713,390773,2592201,198379,370521,1263483,3093387
9656,1,2022,6,500496,338892,397463,2977787,155143,192901,1257226,3780745
9657,2,2024,6,527179,445822,67865,2657710,72135,325069,369251,1453522
9658,5,2022,9,208726,315993,266119,885664,175201,84020,560220,4313229
9659,2,2025,11,360301,309228,254788,1838130,181622,79816,1991348,2459829
9660,1,2022,7,928708,375106,126160,879578,273947,77520,417088,3777886
9661,1,2025,8,445697,357615,121012,864658,178671,157233,1658673,2625065
9662,2,2024,6,931961,119660,186838,2936498,88037,347302,640408,1948299
9663,4,2025,4,788628,474674,320333,1937239,108980,354407,1334856,1933514
9664,2,2024,3,673472,386181,183690,748288,197477,317415,1709045,1275444
9665,5,2023,8,646789,351657,125988,2020353,264962,195148,1562380,2787200
9666,2,2024,11,354552,75434,357352,1872711,254106,185871,1171738,1883805
9667,3,2024,8,853436,424355,214907,711767,285490,95134,1125118,989610
9668,2,2023,12,119949,302111,393072,1247364,293389,301735,1854522,4388005
9669,3,2021,6,248463,198751,61204,1424951,60204,294845,944512,2815962
9670,2,2023,9,478867,296718,385596,2803245,57602,322078,257599,4616384
9671,5,2022,5,428718,238180,175776,2873781,297760,130305,1672724,1669701
9672,2,2023,6,569895,492148,395006,2703469,150359,308280,897144,2008215
9673,4,2023,6,845274,484829,323027,460559,145546,236922,683876,3287938
9674,3,2024,2,220348,482641,85282,1323591,78959,171347,258966,1708138
9675,4,2024,5,852899,51321,382243,932646,220816,275584,1627348,2441597
9676,1,2021,1,633129,300971,273851,2975296,104933,147281,1203634,1051132
9677,1,2022,11,791437,51874,255076,1636123,208378,95206,1213691,2196259
9678,5,2024,10,642341,254553,346540,1567879,154387,86102,745619,1995525
9679,5,2021,5,567720,266026,316732,1695183,176254,158018,1837929,4648974
9680,5,2021,7,469239,404898,206989,1622883,130733,119480,467788,587326
9681,2,2024,5,571950,77555,97654,2731638,56045,378709,621620,3181343
9682,2,2024,8,498394,335221,205652,932155,72220,137384,951096,1945442
9683,4,2024,7,462446,312906,63500,2382791,215136,247716,634896,3185556
9684,2,2023,3,702722,240564,351778,715296,151426,213492,1877655,1094208
9685,2,2025,9,735330,168425,322469,746441,243710,237013,521707,3570412
9686,3,2024,4,252437,365748,81300,2370299,152685,136212,469707,4899270
9687,2,2021,12,527803,78989,176176,1186270,50311,327854,343010,3546274
9688,4,2021,6,713056,404372,87299,1641611,234377,310050,551479,4068723
9689,5,2022,11,192709,224866,372690,1905078,254957,130478,1061873,1212823
9690,4,2021,1,909915,465676,347010,2517334,77257,398617,1945768,4091847
9691,3,2022,9,569539,327411,169214,2266175,238093,139006,708448,2932029
9692,5,2025,9,588193,479305,212409,1760171,130589,399862,330491,2576948
9693,2,2024,8,846656,204677,299366,2202630,95000,50120,1095099,4818698
9694,1,2024,7,531397,204903,278101,757870,152500,265185,1731934,3013190
9695,4,2023,10,840265,93466,313093,1031223,234610,162029,1735027,3845055
9696,4,2023,8,419259,216838,285900,1816842,292231,305217,1867109,3395973
9697,3,2025,1,913833,154101,222161,358255,269202,171294,1536456,2327692
9698,2,2023,5,618629,247533,278459,1242868,112316,195045,475710,2136568
9699,1,2021,2,851015,468348,179145,1186063,211611,219169,1157664,4241594
9700,4,2022,7,599371,212878,310601,2998092,258151,235277,1319817,2840436
9701,5,2021,2,993704,160470,362019,606502,98920,169555,499864,4569244
9702,5,2025,4,570178,380442,311534,1069080,247297,129688,450014,2214105
9703,4,2024,2,802349,401062,333367,1502317,248528,321924,1101906,3046245
9704,4,2021,10,964002,63373,221275,2630943,137611,192548,736712,4710091
9705,5,2025,4,417573,433301,289445,1930376,111922,271712,1783938,1491270
9706,3,2025,9,722782,323840,133230,1357374,92927,351875,1932002,2928896
9707,3,2022,3,120817,216299,90856,907618,77097,359721,1633257,1814990
9708,2,2023,1,891233,225000,64353,2151356,265454,322618,562674,4593521
9709,1,2023,2,584810,234811,203968,1385191,254445,58547,1180193,1586370
9710,4,2021,4,471426,64688,234428,665837,245378,385621,1374324,2703329
9711,2,2023,1,523117,373166,132443,2280688,262849,272286,1458645,1940409
9712,4,2021,12,662245,292570,376764,1294690,258931,321030,497775,3813204
9713,5,2025,12,660140,414398,381943,2125304,219199,188370,1645050,686711
9714,1,2022,12,452688,172364,52295,903863,165066,205529,241943,1816897
9715,1,2024,6,273251,389641,133854,1273889,293815,290335,1261917,3021057
9716,4,2021,10,229395,184263,379095,1516835,105812,314716,832687,3647943
9717,5,2025,11,881599,236997,226551,2053170,253725,107240,1096892,4050238
9718,4,2021,3,173721,316159,179681,1474497,224912,370511,1200348,4148753
9719,4,2025,9,823875,282745,237124,2812663,82514,373831,1424137,3371773
9720,1,2022,6,516776,53406,182760,1928439,99741,267582,648095,2814585
9721,3,2024,2,161682,61045,271060,2581096,203996,69914,474289,4626742
9722,5,2023,10,627865,85310,70990,1813744,139256,167566,1869556,4221076
9723,3,2025,11,458863,137739,104222,1549352,218935,321045,1202949,1929929
9724,2,2024,9,829227,321457,249798,2614105,165058,365596,341223,3067912
9725,5,2023,3,697897,251475,70713,1444910,71025,188141,1606150,4161495
9726,5,2025,6,369572,58004,391995,2684424,94562,358688,1919862,1844158
9727,1,2025,2,924702,133359,85259,2654192,77263,230114,873310,4397054
9728,1,2021,9,541887,134237,383670,2246953,289260,109440,762540,4435718
9729,2,2024,3,569793,461267,162352,2109800,172213,67324,1540698,2875616
9730,5,2024,3,582765,448637,59808,1934018,215786,399025,1332222,2165832
9731,2,2021,1,757769,310619,141029,2863018,107210,72602,208274,778414
9732,1,2025,11,991088,437459,271546,1968323,147361,338960,1479982,1467879
9733,3,2023,10,123272,281761,399934,1304741,271355,147536,528026,2584394
9734,1,2023,2,801528,116994,265156,709360,280831,387670,1184760,2700161
9735,1,2023,3,284255,469560,299980,756896,272537,191908,1550654,1782797
9736,5,2024,2,302800,370070,116804,1759612,123469,303363,1368341,1553269
9737,4,2025,11,414452,306061,259990,725380,290530,313809,1768296,3997046
9738,3,2022,12,247433,455756,51740,304203,145748,101510,888427,2129288
9739,3,2022,7,111597,60714,380415,1386545,231668,278118,1047197,4751489
9740,2,2025,1,110161,152301,298534,486171,277966,183806,226635,1644270
9741,4,2021,3,172898,242965,143720,2087409,252596,340891,1093812,2420810
9742,3,2024,7,451074,125120,316365,337867,132972,354191,893172,2434324
9743,4,2022,8,911907,232916,66456,2893663,140626,259991,1058238,3845932
9744,2,2025,3,505109,494614,390541,1467608,87598,380720,992932,4475877
9745,1,2022,9,390678,489514,364149,2227881,291646,176101,843703,1403434
9746,1,2021,5,182065,337480,146295,1460763,156054,384832,582142,3707642
9747,2,2025,11,725196,483314,91300,852361,100800,141777,1360521,2156303
9748,3,2025,3,720878,334187,275393,1871667,222644,245228,544687,2297920
9749,5,2025,2,178088,292329,316342,1807291,178971,58664,1842456,3372142
9750,4,2023,6,997526,173103,84981,531601,170700,275395,1450031,4146280
9751,3,2024,4,773072,332144,119244,2985557,130954,331409,1682024,4376284
9752,4,2022,6,673966,340451,231530,2530652,143335,55373,1962642,560228
9753,1,2023,4,475121,51405,96783,2928989,83275,54308,888558,2205364
9754,5,2021,6,928146,214831,378036,572932,75231,361555,1793389,3874784
9755,1,2023,7,794277,376176,170392,2134473,209248,118617,515890,4173081
9756,4,2021,6,173101,158070,302465,1756428,78311,217779,1282518,4319897
9757,2,2023,9,241052,199664,128138,2015394,127171,213284,1503122,4513923
9758,4,2025,8,725626,354196,258912,1957132,137745,101027,1336881,2990607
9759,2,2025,2,280585,255652,237463,473360,275568,131624,1169088,1820505
9760,1,2021,7,305505,492580,304548,1364442,178841,258600,1131246,3909408
9761,1,2021,7,175280,485383,323554,1265431,132648,242291,202060,4614309
9762,4,2021,3,219583,482336,267022,1079155,259252,261669,413566,1240641
9763,4,2023,6,500031,189997,316758,1484934,104791,82704,1274857,506833
9764,1,2022,11,363625,260736,83589,919460,222714,168474,271281,3026770
9765,4,2022,1,273558,143594,269899,2757840,60732,337412,1116387,1932957
9766,4,2025,10,168333,149707,59967,1436512,208373,94027,273557,4397984
9767,3,2021,4,946300,118808,106860,915962,266152,353988,471434,3283251
9768,3,2022,6,942722,91262,236059,1256154,256979,210958,291011,710735
9769,4,2022,4,744932,434342,135127,1702029,152234,176356,1459519,702681
9770,3,2022,5,433411,162577,372867,1197145,161072,200026,1251449,4186414
9771,2,2024,8,623872,326305,242344,593815,194547,338990,1126100,3322249
9772,3,2025,9,338953,480351,299496,1122770,269570,155808,1546700,4249604
9773,3,2021,11,872694,272590,370882,479458,52943,64830,1563328,1939668
9774,5,2021,6,930326,375253,381806,1016470,218365,269848,968606,3116663
9775,3,2021,8,386588,101237,342499,1348700,267667,286351,485901,3883991
9776,5,2023,4,699736,497433,342532,567808,119945,332199,1187668,4014629
9777,4,2022,7,838837,225122,285287,428279,186364,265460,810434,2928940
9778,5,2021,10,557100,375510,295599,1480761,141084,300718,1380540,3619855
9779,1,2022,5,697260,84427,294056,809137,57500,289850,1914456,3379987
9780,4,2024,3,387117,286070,316508,2792763,200647,310861,703533,1086418
9781,4,2021,6,256958,229275,51185,1403737,178008,350779,1664414,1075989
9782,1,2022,8,673991,490585,292938,699349,90100,368340,1071884,4495652
9783,5,2025,7,980630,298875,189341,2441725,294983,88198,727053,2277835
9784,2,2022,5,560832,204440,124496,331635,257405,69165,1264395,4893046
9785,3,2022,3,518211,441007,174994,740855,114829,346688,990232,2308819
9786,4,2022,7,161836,438846,246418,2188475,124443,93916,1599038,1061007
9787,4,2022,3,226777,446709,86339,2674654,207188,72163,951658,4696651
9788,3,2022,1,368115,355951,179473,435613,140414,102190,1946476,4612757
9789,3,2021,7,686996,73238,144209,2473163,233559,96521,1405281,1072817
9790,5,2021,8,371242,362356,230892,1933303,146437,310713,1040887,3768712
9791,1,2024,2,755061,366531,126029,322731,214926,96894,788833,767145
9792,1,2023,8,782756,173917,303907,1765226,254691,300953,1981774,728366
9793,4,2025,5,593292,464587,222750,1849223,265910,212275,996283,4336838
9794,2,2024,2,309946,466465,50012,2694149,289914,367409,806264,1008410
9795,2,2024,10,629654,439695,211755,588610,274287,121482,862666,1740639
9796,4,2024,3,777128,178796,113005,1656519,189668,214606,1760377,3172624
9797,3,2023,6,514657,197714,132579,1516213,223187,351398,828563,4181152
9798,3,2021,9,579312,393180,302763,929576,227081,119632,1721199,3149250
9799,2,2024,2,556537,465694,307715,2665688,131475,124961,1598365,4104174
9800,4,2024,8,395707,377600,347490,2524706,236643,280579,1564044,3586132
9801,3,2021,10,466878,341452,87045,2698122,266260,351012,286535,631043
9802,1,2024,7,997242,350187,208159,633593,252139,273881,1120668,3493985
9803,3,2025,9,620561,82618,161792,694854,235655,54673,1513279,1752798
9804,2,2023,10,819559,216643,122531,624741,172464,317541,542398,974793
9805,5,2024,10,268005,371616,209853,484117,227394,306399,1131788,4746686
9806,2,2025,3,760534,496863,309884,1658121,293864,72978,471789,3950302
9807,4,2025,12,590452,373773,357699,1690233,262937,351491,768144,773036
9808,2,2025,4,371878,173433,294591,2177502,131538,380276,1807712,3411373
9809,2,2023,3,809810,179461,233196,1351482,117222,322209,1343318,3132303
9810,1,2021,3,921690,170509,117746,2906421,126644,101654,1468487,3947610
9811,1,2021,5,228723,347680,112887,489427,156816,323797,1232706,1414410
9812,5,2024,2,289263,200660,357795,481095,189976,153320,576425,3569512
9813,3,2021,3,764981,458358,146384,984695,130274,212670,1237559,602005
9814,1,2021,4,833063,99052,363904,1970257,201403,361342,306530,4172257
9815,2,2023,11,858318,95286,195518,907313,167198,72221,1579875,4376520
9816,3,2021,10,256092,177696,224067,542819,204824,115845,1714076,1774832
9817,1,2023,5,876541,408305,310446,1210403,207154,184270,448063,809213
9818,2,2025,1,764627,450064,337647,2728653,236422,97248,1746202,4144450
9819,5,2024,5,385541,364386,60890,317359,293610,85913,438148,4031842
9820,3,2024,8,184906,204072,274055,1641691,65846,102355,1849592,2535414
9821,4,2024,8,475212,85854,299139,757986,87681,209451,1580372,987688
9822,5,2022,9,398757,310962,211135,1009146,199057,390386,1289570,3040531
9823,2,2023,4,418009,229824,116404,861348,129769,62143,1643277,4745208
9824,1,2022,11,311569,410810,340332,494317,150719,383745,849014,1981655
9825,3,2023,6,810038,292308,396612,1218172,291514,255463,997088,4677452
9826,4,2024,4,458457,111790,317497,1918212,97569,278840,601850,2466357
9827,3,2022,3,813648,181566,235242,1857594,97163,235226,1791101,2414515
9828,5,2025,5,858886,440488,102165,2639035,199568,396850,1445129,657790
9829,2,2022,1,784373,220503,67431,604477,199483,68547,379036,4730462
9830,2,2021,4,970128,213889,338723,416544,281848,211414,1898060,4596172
9831,2,2023,7,765346,490942,266177,2373451,184790,203604,1577635,1913812
9832,1,2022,4,325459,362173,101695,1284154,229731,256395,1290322,4357981
9833,2,2024,6,326501,254048,181720,769214,223056,291170,856061,1628270
9834,3,2022,10,793130,432363,85121,811621,200567,385473,1887476,3736934
9835,4,2025,2,489246,347156,213949,2456665,296234,204182,395938,3764557
9836,1,2023,2,490047,432140,265374,431944,124069,52883,470045,4752284
9837,1,2021,4,716758,363142,364766,2337765,90108,223778,1101571,1262834
9838,3,2025,6,227410,335853,251859,2071607,125447,68293,1764812,2257827
9839,5,2021,4,665862,246699,185223,2558757,260783,205764,575363,1921806
9840,2,2021,6,418596,275839,250761,2856676,68412,287837,1324100,3551511
9841,5,2023,6,980473,351078,338289,622854,295643,243975,526544,1869255
9842,1,2022,5,538965,431944,188243,501173,230084,67993,284175,816836
9843,4,2021,2,334380,370083,365029,919500,180818,370284,728643,1018357
9844,4,2024,5,430403,419160,68685,2007532,216419,329044,1528564,520266
9845,4,2023,1,283589,136947,354197,1894639,295588,120407,1024633,2995512
9846,1,2022,4,802957,197428,53421,1353277,101680,328996,1953288,4367911
9847,4,2022,10,285775,251245,117757,1699811,270002,367582,1000118,4385754
9848,2,2023,3,616505,461068,381977,2286034,159852,291832,1551102,1150821
9849,4,2021,6,764932,486431,382216,792906,125398,284460,1693033,2116748
9850,2,2022,8,742527,219487,308649,1819931,147038,68570,1323204,3261572
9851,1,2024,4,527685,463638,205574,2278634,96342,351189,897452,4321839
9852,3,2023,8,515235,149985,84270,2400677,58311,107630,404989,1441048
9853,2,2023,7,759311,220408,275201,552576,218199,129190,1768796,2770595
9854,2,2023,10,501930,488782,300419,718133,54071,323743,1727167,1141865
9855,1,2023,6,565752,377786,109919,1754562,290747,292846,766589,3114368
9856,5,2023,1,810184,452827,242443,1698111,96794,233114,1850636,4193704
9857,1,2025,2,611304,188890,168435,1129113,236805,283812,838641,4156274
9858,1,2023,11,451358,206236,367337,511466,103885,395966,515614,1171407
9859,3,2021,6,931121,457436,95467,1130292,67571,347192,202206,697763
9860,4,2021,9,490942,430587,83337,2834054,246968,167954,1801847,4333327
9861,2,2022,9,763143,406486,154990,2312531,162223,394073,1854548,4902352
9862,4,2025,7,857245,370189,390826,2837029,225830,369233,719553,665268
9863,5,2024,9,994156,424245,309253,1958064,154414,244425,1507900,4817047
9864,5,2021,3,660106,342395,210150,2895731,260703,137099,1678627,2230810
9865,3,2025,5,779924,263589,251225,1504695,144399,162147,1035132,3530801
9866,3,2025,8,550811,493526,139821,2505767,126451,95638,898285,4419087
9867,4,2021,12,727795,236137,299926,2406466,242430,308728,1154612,1558361
9868,5,2021,10,902479,300550,191831,1244995,107435,139969,1280883,3307033
9869,1,2022,1,557856,321322,351360,2178138,177421,239397,317693,2558510
9870,4,2021,1,937888,119147,348038,386518,279648,116928,502533,3803842
9871,1,2025,1,261690,426422,190823,407831,253230,377734,1952740,3423583
9872,3,2022,3,436317,486409,360292,2609803,113153,279709,1551687,2748895
9873,3,2024,5,597976,79754,338778,2587783,133144,233003,1386987,1896643
9874,4,2025,8,822081,300501,204505,572399,216486,370430,1801743,2942676
9875,3,2023,3,831602,329452,305928,1833418,293579,283870,1198668,1636454
9876,3,2021,4,346682,462511,201033,1369449,137984,300225,541206,2973704
9877,2,2025,11,232930,244847,285806,923092,155597,223637,671472,2986924
9878,3,2022,6,604803,446638,146738,1538406,267692,176847,1874075,2120628
9879,5,2023,1,382789,285699,195108,2208318,95191,254403,1821404,1636645
9880,5,2022,9,528612,486059,82923,511251,239633,343874,1139613,3741221
9881,4,2024,11,251332,386295,351786,1906180,281842,294231,538465,1888001
9882,3,2021,7,652381,226110,54853,1753744,110030,81295,1906151,3529908
9883,4,2021,6,672367,172865,399359,2362641,177676,318070,1140766,3264241
9884,4,2023,3,870129,205753,399820,2039255,190565,339158,1304702,4134025
9885,3,2022,2,330546,212114,155517,2733406,197792,123620,663904,1306717
9886,2,2025,5,421200,189647,270277,489245,272776,314649,1064164,2879021
9887,1,2023,4,935922,370605,225051,2597484,95614,281774,842343,4393228
9888,4,2024,2,405943,272521,303221,881463,65110,60263,1329562,1759242
9889,2,2024,10,346031,277425,298749,963979,201743,224220,1269589,1099118
9890,3,2024,11,314793,150535,145888,2466147,78805,200055,233354,1852619
9891,5,2025,4,914410,479468,375622,2624301,157317,271860,466920,1960966
9892,5,2024,6,179433,209147,69902,1823182,142428,206500,1759005,4406444
9893,3,2021,2,989574,126472,310449,1814375,77538,103612,1013333,986191
9894,2,2025,4,816198,476912,310218,604951,290273,341686,1142356,1415467
9895,1,2021,9,736037,405613,356759,869551,202486,109740,951983,3381673
9896,4,2021,3,578649,412276,225474,1024322,122750,375116,1382496,1071654
9897,1,2024,1,876255,161529,375184,1521047,94729,373238,942014,1634524
9898,4,2025,7,548654,54601,385863,1530446,131105,231867,258374,3911394
9899,2,2021,9,742268,377944,390582,1636483,275126,144516,1784502,3615510
9900,3,2023,9,906072,284262,134253,1765054,66933,344052,630114,2000741
9901,3,2021,5,935190,483256,190485,1934621,261449,223547,1521076,2222097
9902,5,2025,10,463215,387323,336297,811459,235880,376187,621033,4210244
9903,2,2021,3,854679,383386,109879,1833024,153673,52219,1282460,2977363
9904,1,2024,4,710360,360498,144501,1540707,204893,158533,397685,4430134
9905,3,2021,5,781472,104740,274115,2806361,110871,57885,797187,2555289
9906,2,2025,6,469768,55215,341262,1679797,155594,128084,802903,1159910
9907,2,2023,3,676143,274472,92083,1726183,267307,89797,1395258,2543400
9908,3,2023,5,697698,391603,61758,1261232,85118,251600,917293,4449111
9909,4,2023,9,736577,261821,203199,888628,56246,249882,642900,2725773
9910,5,2021,11,772006,302222,245180,1791056,270628,234863,1846665,659431
9911,3,2022,12,536609,117747,298296,1629970,225327,126498,1274416,4190674
9912,1,2025,11,206415,360748,397432,1890566,138526,119020,1764958,1060164
9913,4,2023,1,201366,243435,188034,2701865,270207,371117,560667,2238232
9914,2,2022,2,614236,277730,361588,2930760,211529,129895,867496,1488156
9915,4,2025,1,211894,339228,341312,2279802,146438,86004,1169807,1994488
9916,4,2023,1,886275,366288,70976,1350043,181929,164970,904387,4722688
9917,3,2021,11,598739,54507,86173,2262778,247117,338120,357994,2955257
9918,1,2023,6,842461,473562,255832,562628,193858,325182,804657,2512194
9919,2,2023,4,445449,238273,282354,422997,166513,142193,596928,3238683
9920,3,2024,3,986097,496861,271856,1572438,159324,290211,235147,2881399
9921,4,2023,10,449272,247135,364215,464133,200659,274248,728152,3314509
9922,2,2022,5,372255,458467,347198,742913,67728,308760,644514,4557096
9923,2,2022,2,482980,92145,189752,338147,163106,65846,1103399,3552492
9924,4,2023,9,896718,178619,235745,1511364,80286,369054,1273349,4510845
9925,2,2022,3,869796,134148,161786,1223970,133818,124260,912249,859794
9926,3,2025,8,811530,386833,90631,2613010,257943,280782,1051793,1532199
9927,3,2022,12,211872,433490,182482,1509097,125529,189804,1236302,4939866
9928,3,2024,5,699054,322362,247922,1660373,284497,271378,402305,3515001
9929,4,2022,6,822884,165099,188195,2341618,58369,305424,1016805,875247
9930,2,2023,4,602744,352049,91666,1087684,196925,164896,217849,4578568
9931,3,2021,9,740589,438336,231767,1747319,68894,257366,1774540,3911764
9932,4,2025,5,186928,194514,293104,2277225,280574,356310,1176955,2040835
9933,3,2021,11,179543,151275,62006,2795434,174921,224452,814217,1026653
9934,5,2023,8,781802,218520,362466,2196995,233221,376143,1815622,1543913
9935,2,2022,7,713009,374830,381423,1163513,83660,262972,1391454,1605980
9936,1,2025,6,134456,84717,83874,913167,180502,186176,1712269,3185566
9937,5,2024,1,630411,413592,347514,1636150,141474,285780,1409822,2867237
9938,5,2021,6,345799,87417,249571,1187180,105137,109410,987370,1466721
9939,4,2022,7,736657,132596,263254,2957112,84474,154994,1460489,1099326
9940,5,2025,2,680258,403961,266671,868995,168169,268701,219842,3153351
9941,1,2025,1,875274,285543,103904,1527274,129203,219906,426589,949811
9942,1,2023,12,672420,125519,381735,752654,160708,281102,358080,1334862
9943,3,2023,7,809368,423002,258224,2830628,124661,311456,1827970,3407859
9944,2,2023,10,727096,227179,377859,1245996,101472,139528,1642514,3784150
9945,5,2025,3,450284,335405,368182,1610023,289107,67921,955614,1817895
9946,4,2025,2,217402,283403,295182,1111154,217830,332474,1777921,1815501
9947,2,2021,2,535943,105705,397893,2829521,274043,196830,1056067,4475354
9948,5,2025,7,216995,197244,178254,2572394,112398,67883,1087944,1563360
9949,4,2022,2,475126,311882,325138,2556068,73226,201008,1168082,3072659
9950,1,2022,10,503599,262866,69258,2020191,281915,380564,1360746,4065324
9951,1,2022,9,686373,381034,154197,1126746,297920,82568,203391,3578807
9952,2,2023,4,303599,430304,79437,2981033,215952,275792,1199493,4617101
9953,3,2021,9,743274,209621,369322,1483250,157583,191175,1204736,4722736
9954,2,2025,11,415166,356936,108547,837432,269406,162999,744689,3516706
9955,1,2025,12,680697,99421,70076,2166369,189372,288698,1278113,4514530
9956,1,2025,4,659723,277127,346168,646652,143576,392255,1443621,3577141
9957,2,2023,9,857397,104411,54493,1562050,72491,54984,1950036,3802007
9958,2,2023,8,653080,483620,242745,2149876,179548,327879,383784,2785998
9959,3,2022,6,136624,407525,152809,1910362,289782,171730,1266923,1480554
9960,1,2021,6,481949,137158,82680,910274,122254,369562,1427885,2704042
9961,1,2021,1,658682,471077,238999,2098418,210496,304024,442903,1812996
9962,2,2024,2,937081,310274,86507,2414809,76834,57618,1202290,3319466
9963,4,2021,5,118536,351702,386432,1814415,94359,265072,1582167,3807469
9964,4,2021,7,144808,362180,78545,724905,125972,74378,1786998,1661608
9965,2,2023,6,318660,315781,319895,2646501,104947,334864,1718114,4850960
9966,3,2024,9,242339,380415,150310,1663511,174423,87784,1754890,1596241
9967,3,2021,10,216554,430144,232376,2882552,132169,118676,1322012,3726107
9968,4,2025,10,151966,203026,98682,724305,160889,288170,1670867,3112493
9969,4,2023,1,616006,129828,77366,1243962,53964,196779,765353,1612341
9970,3,2021,10,427016,451029,70851,2790493,264748,173897,1981319,2721513
9971,5,2023,1,128958,320310,282203,2134054,122328,369465,903339,3122108
9972,5,2024,1,633870,393149,102345,1589917,230791,271465,1199823,4987487
9973,3,2024,2,313717,268296,360262,1310803,183863,190648,1379382,3068011
9974,5,2021,7,698142,352629,233711,2589655,66457,390115,377325,963001
9975,5,2021,7,478465,116219,56729,1948678,109884,278812,480956,941546
9976,5,2023,7,530773,482213,298709,1152777,111520,191442,1040861,4269500
9977,5,2021,9,933912,321596,389152,1107172,55014,283082,1889849,4848101
9978,2,2022,1,551537,242126,321141,2179276,128167,186428,332449,1819343
9979,5,2025,9,924532,421234,384242,1011787,239200,373372,1157675,3984539
9980,5,2024,10,206194,108146,364064,2928447,192479,352523,378766,1062365
9981,3,2021,11,768422,367908,61013,998764,177894,186169,582315,3453266
9982,2,2023,4,879634,317407,116098,2772684,258628,309368,1263984,2016353
9983,4,2024,8,327611,70378,73304,1248459,141907,96872,1349190,3505341
9984,2,2021,3,611155,402280,219964,463151,129043,354340,1269293,2240433
9985,1,2022,4,565516,442186,343182,2209783,224782,390429,756981,1413098
9986,1,2023,9,819750,313457,170891,2696505,295821,274029,973779,4630406
9987,3,2021,12,332717,349145,341538,2682185,99258,311781,840588,3549504
9988,4,2022,3,500154,118647,164802,1581163,157065,213187,936033,1525480
9989,4,2025,12,302364,102613,257928,1595948,112778,385740,1781187,1515905
9990,5,2025,6,522728,50515,139292,893372,214732,271574,1934584,4472029
9991,2,2023,10,563822,260443,260344,741420,69190,197632,1104784,989528
9992,4,2023,6,116468,481676,103596,505390,94599,383233,716565,3496008
9993,5,2025,11,266395,325726,205612,1858617,239086,157721,493713,4399820
9994,2,2024,8,903631,174970,384772,2743775,241606,342101,1132617,4150297
9995,1,2025,8,929319,89074,251682,779866,131427,67149,519852,3731556
9996,4,2023,10,299656,400862,373982,2208629,223563,256726,1240141,1062483
9997,4,2023,5,752080,289125,354362,2271987,201850,63341,1947206,4121361
9998,3,2023,5,514366,116897,183634,646881,239812,105147,1037167,4292523
9999,2,2022,7,106133,152540,219107,2339576,90194,305656,350962,2099222
10000,5,2022,9,388161,136636,229197,2897513,142732,202556,846769,665784
